{
  "ammo": "firefox:firefox",
  "rpm": 120,
  "ammo_amount": 20,
  "bolt": "open_bolt",
  "bullet": {
    "life": 10,
    "bullet_amount": 1,
    "damage": 20,
    "extra_damage": {
      "armor_ignore": 0.9,
      "head_shot_multiplier": 2
    },
    "speed": 40,
    "gravity": 0,
    "knockback": 0,
    "friction": 0.005,
    "ignite": true,
    "pierce": 0,
    "explosion": {
      "damage": 200,
      "radius": 6
    }
  },
  "reload": {
    "type": "magazine",
    "feed": {
      "empty": 2.0,
      "tactical": 2.0
    },
    "cooldown": {
      "empty": 2.2,
      "tactical": 2.2
    }
  },
  "draw_time": 0.75,
  "put_away_time": 0.73,
  "aim_time": 0.2,
  "sprint_time": 0.2,
  "fire_mode": [
    "semi"
  ],
  "recoil": {
    "pitch": [
      {"time": 0, "value": [2.5, 2.5]},
      {"time": 0.3, "value": [2.5, 2.5]},
      {"time": 0.55, "value": [-0.75, -0.75]},
      {"time": 0.8, "value": [0.25, 0.25]},
      {"time": 1.2, "value": [0, 0]},
      {"time": 1.4, "value": [0, 0]}
    ],
    "yaw": [
      {"time": 0, "value": [-0.4, 0.4]},
      {"time": 0.55, "value": [0, 0]}
    ]
  },
  "inaccuracy": {
    "stand": 0,
    "move": 0,
    "sneak": 0,
    "lie": 0,
    "aim": 0
  }
}