{
    "model": "firefox:gun/firefox_geo",
    "texture": "firefox:gun/uv/firefox",
    "slot": "firefox:gun/slot/firefox",
    "hud":"firefox:gun/hud/firefox",
    "animation":"firefox:firefox",
    "sounds": {
        "shoot": "firefox:firefox/firefox_shoot",
        "dry_fire": "firefox:firefox/firefox_dry_fire",
        "draw":"firefox:firefox/firefox_draw",
         "inspect":"firefox:firefox/firefox_inspect",
        "inspect_empty":"firefox:firefox/firefox_inspect_empty",
        "put_away":"firefox:firefox/firefox_put_away",
        "reload_tactical":"firefox:firefox/firefox_reload_tactical",
        "reload_empty":"firefox:firefox/firefox_reload_empty"},
    "third_person_animation": "default"
}
    
