{
  "ammo": "tacz:12g",
  "ammo_amount": 4,
  "bolt": "manual_action",
  "rpm": 200,
  "bullet": {
    "life": 1.1,
    "bullet_amount": 10,
    "damage": 48,
    "tracer_count_interval": 0,
    "extra_damage": {
      "armor_ignore": 1.00,
      "head_shot_multiplier": 2,
      "damage_adjust": [
        {"distance": 5, "damage": 48},
        {"distance": 25, "damage": 16},
        {"distance": "infinite", "damage": 12}
      ]
    },
    "speed": 400,
    "gravity": 0.0245,
    "knockback": 0,
    "friction": 0.012,
    "ignite": false,
    "pierce": 3
  },
  "reload": {
    "type": "magazine",
    "feed": {
      "empty": 3.3333,
      "tactical": 2.7917
    },
    "cooldown": {
      "empty": 3.5,
      "tactical": 2.9
    }
  },
  "draw_time": 0.5417,
  "put_away_time": 0.8333,
  "aim_time": 0.27,
  "sprint_time": 0.2,
  "bolt_action_time": 1.25,
  "fire_mode": [
    "semi"
  ],
  "recoil": {
    "pitch": [
      {"time": 0, "value": [4.5, 4.5]},
      {"time": 0.32, "value": [4.5, 4.5]},
      {"time": 0.57, "value": [-0.5, -0.5]},
      {"time": 0.82, "value": [0.25, 0.25]},
      {"time": 1.17, "value": [0, 0]},
      {"time": 1.47, "value": [0, 0]}
    ],
    "yaw": [
      {"time": 0, "value": [-0.9, -0.75]},
      {"time": 0.32, "value": [-0.9, -0.75]},
      {"time": 0.57, "value": [0, 0]}
    ]
  },
  "inaccuracy": {
    "stand": 9,
    "move": 12.5,
    "sneak": 7.5,
    "lie": 6,
    "aim": 0.25
  },
  "allow_attachment_types": []
}