{
  "ammo": "tacz:45acp",
  "rpm": 275,
  "bullet": {
    "life": 0.6,
    "bullet_amount": 1,
    "damage": 11,
    "tracer_count_interval": 0,
    "extra_damage": {
      "armor_ignore": 20,
      "head_shot_multiplier": 2.5,
      "damage_adjust": [
        {"distance": 0.5, "damage": 11},
        {"distance": 15.5, "damage": 9},
        {"distance": 24.5, "damage": 8},
        {"distance": 44.5, "damage": 7},
        {"distance": "infinite", "damage": 6.5}
      ]
    },
    "speed": 150,
    "gravity": 0.0245,
    "knockback": 0,
    "friction": 0.012,
    "ignite": false,
    "pierce": 1
  },
  "ammo_amount": 13,
  "extended_mag_ammo_amount": [
    17,
    21,
    26
  ],
  "bolt": "closed_bolt",
  "reload": {
    "type": "magazine",
    "feed": {
      "empty": 1,
      "tactical": 1.4167
    },
    "cooldown": {
      "empty": 1.1,
      "tactical": 1.5
    }
  },
  "draw_time": 0.5,
  "put_away_time": 0.6667,
  "aim_time": 0.17,
  "sprint_time": 0.2,
  "fire_mode": [
    "semi"
  ],
  "allow_attachment_types": [
    "muzzle",
    "extended_mag"
  ],
  "recoil": {
    "pitch": [
      {"time": 0, "value": [0.55, 0.55]},
      {"time": 0.35, "value": [0.55, 0.55]},
      {"time": 0.6, "value": [-0.175, -0.175]},
      {"time": 0.8, "value": [0.05, 0.05]},
      {"time": 1.0, "value": [0, 0]}
    ],
    "yaw": [
      {"time": 0, "value": [-0.2, 0.2]},
      {"time": 0.45, "value": [0, 0]}
    ]
  },
  "inaccuracy": {
    "stand": 2,
    "move": 2.5,
    "sneak": 1.5,
    "lie": 0.7,
    "aim": 0.2
  }
}