{
  "ammo": "dmc:devilcharges",
  "rpm": 50,
  "bullet": {
    "life": 0.6,
    "bullet_amount": 1,
    "damage": 35,
    "tracer_count_interval": 0,
    "extra_damage": {
      "armor_ignore": 20,
      "head_shot_multiplier": 2.5,
      "damage_adjust": [
        {"distance": 0.5, "damage": 45},
        {"distance": 15.5, "damage": 35},
        {"distance": 24.5, "damage": 30},
        {"distance": 44.5, "damage": 28},
        {"distance": "infinite", "damage": 20}
      ]
    },
    "speed": 80,
    "gravity": 0.01,
    "knockback": 0,
    "friction": 0.005,
    "ignite": false,
    "pierce": 0,
    "explosion": {
      "damage": 100,
      "radius": 3
    },
    "speed": 150,
    "gravity": 0.0245,
    "knockback": 0,
    "friction": 0.012,
    "ignite": true,
    "pierce": 1
  },
  "ammo_amount": 2,
  "extended_mag_ammo_amount": [
    4,
    6,
    8
  ],
  "bolt": "open_bolt",
  "reload": {
    "type": "magazine",
    "feed": {
      "empty": 3.25,
      "tactical": 3.25
    },
    "cooldown": {
      "empty": 3.4,
      "tactical": 3.4
    }
  },
  "draw_time": 0.75,
  "put_away_time": 0.75,
  "aim_time": 0.17,
  "sprint_time": 0.2,
  "fire_mode": [
    "semi"
  ],
  "allow_attachment_types": [
    "extended_mag"
  ],
  "recoil": {
    "pitch": [
      {"time": 0, "value": [0.55, 0.55]},
      {"time": 0.35, "value": [0.55, 0.55]},
      {"time": 0.6, "value": [-0.175, -0.175]},
      {"time": 0.8, "value": [0.05, 0.05]},
      {"time": 1.0, "value": [0, 0]}
    ],
    "yaw": [
      {"time": 0, "value": [-0.2, 0.2]},
      {"time": 0.45, "value": [0, 0]}
    ]
  },
  "inaccuracy": {
    "stand": 2,
    "move": 2.5,
    "sneak": 1.5,
    "lie": 0.7,
    "aim": 0.2
  }
}