{
  "ammo": "tacz:556x45",
  "rpm": 600,
  "bullet": {
    "life": 0.6,
    "bullet_amount": 1,
    "damage": 9,
    "tracer_count_interval": 0,
    "extra_damage": {
      "armor_ignore": 0.15,
      "head_shot_multiplier": 1.25,
      "damage_adjust": [
        {"distance": 0.5, "damage": 10},
        {"distance": 19.5, "damage": 7.5},
        {"distance": 49.5, "damage": 6.5},
        {"distance": "infinite", "damage": 5.5}
      ]
    },
    "speed": 180,
    "gravity": 0.0245,
    "knockback": 0,
    "friction": 0.012,
    "ignite": false,
    "pierce": 1
  },
  "ammo_amount": 150,
  "bolt": "open_bolt",
  "reload": {
    "type": "magazine",
    "feed": {
      "empty": 7.5,
      "tactical": 7
    },
    "cooldown": {
      "empty": 7.7,
      "tactical": 7.2
    }
  },
  "draw_time": 1.0417,
  "put_away_time": 1,
  "sprint_time": 0.6,
  "aim_time": 0.51,
  "fire_mode": [
    "auto",
    "burst",
    "semi"
  ],
  "burst_data": {
    "continuous_shoot": false,
    "count": 150,
    "bpm": 500,
    "min_interval": 20.1
  },
  "allow_attachment_types": [],
  "recoil": {
    "pitch": [
      {"time": 0, "value": [0.55, 0.55]},
      {"time": 0.3, "value": [0.55, 0.55]},
      {"time": 0.5, "value": [-0.125, -0.125]},
      {"time": 0.65, "value": [0, 0]}
    ],
    "yaw": [
      {"time": 0, "value": [0.15, 0.25]},
      {"time": 0.3, "value": [0.15, 0.25]},
      {"time": 0.5, "value": [0, 0]}
    ]
  },
  "inaccuracy": {
    "stand": 3.2,
    "move": 4.5,
    "sneak": 2.5,
    "lie": 1.8,
    "aim": 0.175
  }
}