{
    "ammo": "fire_fox:fire_fox_ammo",
    "rpm": 60,
    "ammo_amount": 32,
    "bolt": "open_bolt",
    "bullet": {
      "life": 10,
      "bullet_amount": 8,
      "damage": 160,
      "extra_damage": {
        "armor_ignore": 1,
        "head_shot_multiplier": 2
      },
      "speed": 20,
      "gravity": 0,
      "knockback": 0,
      "friction": 0,
      "ignite": false,
      "pierce": 3
      
        
        
      
    },
    "melee": {
    // 枪械距离参数，用来延升近战攻击范围
    // 会与刺刀等配件的距离做加和
    "distance": 3,
    // 使用时的冷却时间
    "cooldown": 0.9,
    // 默认近战数据，会被配件的数据替换掉
    "default": {
      // 动画类型：没有枪托的为 melee_push，有枪托的为 melee_stock
      "animation_type": "melee_push",
      // 刺刀距离参数，枪械里还有个刺刀攻击距离参数，两者做加和
      "distance": 3,
      // 刺刀范围角度
      "range_angle": 80,
      // 伤害值
      "damage": 10,
      // 击退效果
      "knockback": 0.5,
      // 前摇时长，单位：秒
      "prep": 0.22
    }
  },
    "reload": {
      "type": "magazine",
      "feed": {
        "empty": 3.25,
        "tactical": 3.25
      },
      "cooldown": {
        "empty": 3.3,
        "tactical": 3.3
      }
    },
    "draw_time": 1.0,
    "put_away_time": 1.0,
    "aim_time": 0.2,
    "sprint_time": 0.2,
    "fire_mode": [
      "semi"
    ],
    "recoil": {
      "pitch": [
        {"time": 0, "value": [2.5, 2.5]},
        {"time": 0.3, "value": [2.5, 2.5]},
        {"time": 0.55, "value": [-0.75, -0.75]},
        {"time": 0.8, "value": [0.25, 0.25]},
        {"time": 1.2, "value": [0, 0]},
        {"time": 1.4, "value": [0, 0]}
      ],
      "yaw": [
        {"time": 0, "value": [-0.4, 0.4]},
        {"time": 0.55, "value": [0, 0]}
      ]
    },
    "inaccuracy": {
      "stand": 6,
      "move": 6,
      "sneak": 6,
      "lie": 6,
      "aim": 3

    },
    "allow_attachment_types": ["muzzle"]


  }