{
	"format_version": "1.12.0",
	"minecraft:geometry": [
		{
			"description": {
				"identifier": "geometry.unknown",
				"texture_width": 16,
				"texture_height": 16,
				"visible_bounds_width": 2,
				"visible_bounds_height": 1.5,
				"visible_bounds_offset": [0, 0.25, 0]
			},
			"bones": [
				{
					"name": "bone",
					"pivot": [0, 0, 0],
					"rotation": [0, 180, 0],
					"cubes": [
						{"origin": [-1, 0, -1], "size": [2, 2, 2], "uv": [0, 0]}
					]
				},
				{
					"name": "positioning",
					"pivot": [0, 0, 0],
					"rotation": [0, 90, 0]
				},
				{
					"name": "ground",
					"parent": "positioning",
					"pivot": [0, 0.66, 0.66]
				},
				{
					"name": "thirdperson_hand",
					"parent": "positioning",
					"pivot": [0, 0, 0.66]
				},
				{
					"name": "fixed",
					"parent": "positioning",
					"pivot": [0, 0.66, 0]
				},
				{
					"name": "iron_view",
					"parent": "positioning",
					"pivot": [0, 0.66, 0]
				},
				{
					"name": "idle_view",
					"parent": "positioning",
					"pivot": [0, 0.66, 0]
				}
			]
		}
	]
}