{
	"format_version": "1.12.0",
	"minecraft:geometry": [
		{
			"description": {
				"identifier": "geometry.unknown",
				"texture_width": 16,
				"texture_height": 16,
				"visible_bounds_width": 2,
				"visible_bounds_height": 2.5,
				"visible_bounds_offset": [0, 0.75, 0]
			},
			"bones": [
				{
					"name": "20mm",
					"pivot": [0, 0, 0],
					"cubes": [
						{
							"origin": [1.52843, 9.88308, 5.56206],
							"size": [0.6899, 0.56435, 0.23376],
							"uv": {
								"north": {"uv": [0, 0], "uv_size": [1, 1]},
								"east": {"uv": [0, 1], "uv_size": [1, 1]},
								"south": {"uv": [1, 0], "uv_size": [1, 1]},
								"west": {"uv": [1, 1], "uv_size": [1, 1]},
								"up": {"uv": [0, 2], "uv_size": [1, 1]},
								"down": {"uv": [2, 1], "uv_size": [1, -1]}
							}
						},
						{
							"origin": [1.52753, 10.52042, 6.08638],
							"size": [0.69171, 0.56616, 0.23557],
							"inflate": -0.001,
							"pivot": [6.32887, 11.11838, 5.17113],
							"rotation": [-45, 0, 0],
							"uv": {
								"north": {"uv": [1, 2], "uv_size": [1, 1]},
								"east": {"uv": [2, 1], "uv_size": [1, 1]},
								"south": {"uv": [2, 2], "uv_size": [1, 1]},
								"west": {"uv": [0, 3], "uv_size": [1, 1]},
								"up": {"uv": [3, 0], "uv_size": [1, 1]},
								"down": {"uv": [1, 4], "uv_size": [1, -1]}
							}
						},
						{
							"origin": [1.52662, 10.04656, 5.39496],
							"size": [0.69352, 0.23738, 0.56797],
							"inflate": -0.002,
							"uv": {
								"north": {"uv": [3, 1], "uv_size": [1, 1]},
								"east": {"uv": [2, 3], "uv_size": [1, 1]},
								"south": {"uv": [3, 2], "uv_size": [1, 1]},
								"west": {"uv": [3, 3], "uv_size": [1, 1]},
								"up": {"uv": [0, 4], "uv_size": [1, 1]},
								"down": {"uv": [4, 1], "uv_size": [1, -1]}
							}
						},
						{
							"origin": [1.52572, 10.6839, 5.91928],
							"size": [0.69533, 0.2392, 0.56978],
							"inflate": -0.003,
							"pivot": [6.32887, 11.11838, 5.17113],
							"rotation": [-45, 0, 0],
							"uv": {
								"north": {"uv": [1, 4], "uv_size": [1, 1]},
								"east": {"uv": [4, 1], "uv_size": [1, 1]},
								"south": {"uv": [2, 4], "uv_size": [1, 1]},
								"west": {"uv": [4, 2], "uv_size": [1, 1]},
								"up": {"uv": [3, 4], "uv_size": [1, 1]},
								"down": {"uv": [4, 4], "uv_size": [1, -1]}
							}
						},
						{
							"origin": [1.38146, 9.80246, 5.52741],
							"size": [0.14866, 0.72559, 0.30055],
							"uv": {
								"north": {"uv": [4, 4], "uv_size": [1, 1]},
								"east": {"uv": [0, 5], "uv_size": [1, 1]},
								"south": {"uv": [5, 0], "uv_size": [1, 1]},
								"west": {"uv": [1, 5], "uv_size": [1, 1]},
								"up": {"uv": [5, 1], "uv_size": [1, 1]},
								"down": {"uv": [2, 6], "uv_size": [1, -1]}
							}
						},
						{
							"origin": [1.38058, 10.43982, 6.05176],
							"size": [0.15041, 0.72735, 0.30231],
							"inflate": -0.001,
							"pivot": [1.68498, 11.11838, 5.16987],
							"rotation": [-45, 0, 0],
							"uv": {
								"north": {"uv": [5, 2], "uv_size": [1, 1]},
								"east": {"uv": [3, 5], "uv_size": [1, 1]},
								"south": {"uv": [5, 3], "uv_size": [1, 1]},
								"west": {"uv": [4, 5], "uv_size": [1, 1]},
								"up": {"uv": [5, 4], "uv_size": [1, 1]},
								"down": {"uv": [5, 6], "uv_size": [1, -1]}
							}
						},
						{
							"origin": [1.3797, 10.01322, 5.31313],
							"size": [0.15217, 0.30406, 0.7291],
							"inflate": -0.002,
							"uv": {
								"north": {"uv": [0, 6], "uv_size": [1, 1]},
								"east": {"uv": [6, 0], "uv_size": [1, 1]},
								"south": {"uv": [1, 6], "uv_size": [1, 1]},
								"west": {"uv": [6, 1], "uv_size": [1, 1]},
								"up": {"uv": [2, 6], "uv_size": [1, 1]},
								"down": {"uv": [6, 3], "uv_size": [1, -1]}
							}
						},
						{
							"origin": [1.37882, 10.65058, 5.83748],
							"size": [0.15393, 0.30582, 0.73086],
							"inflate": -0.003,
							"pivot": [1.68498, 11.11838, 5.16987],
							"rotation": [-45, 0, 0],
							"uv": {
								"north": {"uv": [3, 6], "uv_size": [1, 1]},
								"east": {"uv": [6, 3], "uv_size": [1, 1]},
								"south": {"uv": [4, 6], "uv_size": [1, 1]},
								"west": {"uv": [6, 4], "uv_size": [1, 1]},
								"up": {"uv": [5, 6], "uv_size": [1, 1]},
								"down": {"uv": [6, 6], "uv_size": [1, -1]}
							}
						},
						{
							"origin": [3.38262, 12.87161, 5.57504],
							"size": [0.15347, 0.10717, 0.22223],
							"inflate": 0.003,
							"pivot": [7.78941, 10.84354, 5.29205],
							"rotation": [0, 0, -36],
							"uv": {
								"north": {"uv": [6, 6], "uv_size": [1, 1]},
								"east": {"uv": [0, 7], "uv_size": [1, 1]},
								"south": {"uv": [7, 0], "uv_size": [1, 1]},
								"west": {"uv": [1, 7], "uv_size": [1, 1]},
								"up": {"uv": [7, 1], "uv_size": [1, 1]},
								"down": {"uv": [2, 8], "uv_size": [1, -1]}
							}
						},
						{
							"origin": [3.52446, 13.57722, 5.57504],
							"size": [0.12407, 0.19561, 0.22223],
							"inflate": 0.003,
							"pivot": [7.80481, 11.27295, 5.17834],
							"rotation": [0, 0, -41],
							"uv": {
								"north": {"uv": [7, 2], "uv_size": [1, 1]},
								"east": {"uv": [3, 7], "uv_size": [1, 1]},
								"south": {"uv": [7, 3], "uv_size": [1, 1]},
								"west": {"uv": [4, 7], "uv_size": [1, 1]},
								"up": {"uv": [7, 4], "uv_size": [1, 1]},
								"down": {"uv": [5, 8], "uv_size": [1, -1]}
							}
						},
						{
							"origin": [4.41056, 10.04666, 8.68089],
							"size": [0.12927, 0.23833, 0.20575],
							"pivot": [7.91777, 11.23812, 5.29205],
							"rotation": [0, -39, 0],
							"uv": {
								"north": {"uv": [7, 5], "uv_size": [1, 1]},
								"east": {"uv": [6, 7], "uv_size": [1, 1]},
								"south": {"uv": [7, 6], "uv_size": [1, 1]},
								"west": {"uv": [7, 7], "uv_size": [1, 1]},
								"up": {"uv": [0, 8], "uv_size": [1, 1]},
								"down": {"uv": [8, 1], "uv_size": [1, -1]}
							}
						},
						{
							"origin": [3.81739, 10.05141, 2.18969],
							"size": [0.13405, 0.22706, 0.20568],
							"pivot": [7.91777, 11.23812, 5.06463],
							"rotation": [0, 40, 0],
							"uv": {
								"north": {"uv": [1, 8], "uv_size": [1, 1]},
								"east": {"uv": [8, 1], "uv_size": [1, 1]},
								"south": {"uv": [2, 8], "uv_size": [1, 1]},
								"west": {"uv": [8, 2], "uv_size": [1, 1]},
								"up": {"uv": [3, 8], "uv_size": [1, 1]},
								"down": {"uv": [8, 4], "uv_size": [1, -1]}
							}
						},
						{
							"origin": [3.03069, 9.98367, 5.57244],
							"size": [0.12927, 0.30132, 0.22743],
							"uv": {
								"north": {"uv": [4, 8], "uv_size": [1, 1]},
								"east": {"uv": [8, 4], "uv_size": [1, 1]},
								"south": {"uv": [5, 8], "uv_size": [1, 1]},
								"west": {"uv": [8, 5], "uv_size": [1, 1]},
								"up": {"uv": [6, 8], "uv_size": [1, 1]},
								"down": {"uv": [8, 7], "uv_size": [1, -1]}
							}
						},
						{
							"origin": [2.72597, 9.89042, 5.57244],
							"size": [0.30563, 0.54906, 0.22743],
							"uv": {
								"north": {"uv": [7, 8], "uv_size": [1, 1]},
								"east": {"uv": [8, 7], "uv_size": [1, 1]},
								"south": {"uv": [8, 8], "uv_size": [1, 1]},
								"west": {"uv": [0, 9], "uv_size": [1, 1]},
								"up": {"uv": [9, 0], "uv_size": [1, 1]},
								"down": {"uv": [1, 10], "uv_size": [1, -1]}
							}
						},
						{
							"origin": [2.72506, 10.52775, 6.09676],
							"size": [0.30744, 0.55087, 0.22924],
							"inflate": -0.001,
							"pivot": [7.52525, 11.11807, 5.17834],
							"rotation": [-45, 0, 0],
							"uv": {
								"north": {"uv": [9, 1], "uv_size": [1, 1]},
								"east": {"uv": [2, 9], "uv_size": [1, 1]},
								"south": {"uv": [9, 2], "uv_size": [1, 1]},
								"west": {"uv": [3, 9], "uv_size": [1, 1]},
								"up": {"uv": [9, 3], "uv_size": [1, 1]},
								"down": {"uv": [4, 10], "uv_size": [1, -1]}
							}
						},
						{
							"origin": [2.72415, 10.04941, 5.40981],
							"size": [0.30926, 0.23106, 0.55269],
							"inflate": -0.002,
							"uv": {
								"north": {"uv": [9, 4], "uv_size": [1, 1]},
								"east": {"uv": [5, 9], "uv_size": [1, 1]},
								"south": {"uv": [9, 5], "uv_size": [1, 1]},
								"west": {"uv": [6, 9], "uv_size": [1, 1]},
								"up": {"uv": [9, 6], "uv_size": [1, 1]},
								"down": {"uv": [7, 10], "uv_size": [1, -1]}
							}
						},
						{
							"origin": [2.72324, 10.68675, 5.93413],
							"size": [0.31108, 0.23288, 0.55451],
							"inflate": -0.003,
							"pivot": [7.52525, 11.11807, 5.17834],
							"rotation": [-45, 0, 0],
							"uv": {
								"north": {"uv": [9, 7], "uv_size": [1, 1]},
								"east": {"uv": [8, 9], "uv_size": [1, 1]},
								"south": {"uv": [9, 8], "uv_size": [1, 1]},
								"west": {"uv": [9, 9], "uv_size": [1, 1]},
								"up": {"uv": [0, 10], "uv_size": [1, 1]},
								"down": {"uv": [10, 1], "uv_size": [1, -1]}
							}
						},
						{
							"origin": [2.57628, 10.68675, 5.93413],
							"size": [0.15152, 0.23288, 0.55451],
							"inflate": -0.003,
							"pivot": [7.37828, 11.11807, 5.17834],
							"rotation": [-45, 0, 0],
							"uv": {
								"north": {"uv": [1, 10], "uv_size": [1, 1]},
								"east": {"uv": [10, 1], "uv_size": [1, 1]},
								"south": {"uv": [2, 10], "uv_size": [1, 1]},
								"west": {"uv": [10, 2], "uv_size": [1, 1]},
								"up": {"uv": [3, 10], "uv_size": [1, 1]},
								"down": {"uv": [10, 4], "uv_size": [1, -1]}
							}
						},
						{
							"origin": [2.57719, 10.04941, 5.40981],
							"size": [0.1497, 0.23106, 0.55269],
							"inflate": -0.002,
							"uv": {
								"north": {"uv": [4, 10], "uv_size": [1, 1]},
								"east": {"uv": [10, 4], "uv_size": [1, 1]},
								"south": {"uv": [5, 10], "uv_size": [1, 1]},
								"west": {"uv": [10, 5], "uv_size": [1, 1]},
								"up": {"uv": [6, 10], "uv_size": [1, 1]},
								"down": {"uv": [10, 7], "uv_size": [1, -1]}
							}
						},
						{
							"origin": [2.5781, 10.52775, 6.09676],
							"size": [0.14788, 0.55087, 0.22924],
							"inflate": -0.001,
							"pivot": [7.37828, 11.11807, 5.17834],
							"rotation": [-45, 0, 0],
							"uv": {
								"north": {"uv": [7, 10], "uv_size": [1, 1]},
								"east": {"uv": [10, 7], "uv_size": [1, 1]},
								"south": {"uv": [8, 10], "uv_size": [1, 1]},
								"west": {"uv": [10, 8], "uv_size": [1, 1]},
								"up": {"uv": [9, 10], "uv_size": [1, 1]},
								"down": {"uv": [10, 10], "uv_size": [1, -1]}
							}
						},
						{
							"origin": [2.579, 9.89042, 5.57244],
							"size": [0.14606, 0.54906, 0.22743],
							"uv": {
								"north": {"uv": [10, 10], "uv_size": [1, 1]},
								"east": {"uv": [0, 11], "uv_size": [1, 1]},
								"south": {"uv": [11, 0], "uv_size": [1, 1]},
								"west": {"uv": [1, 11], "uv_size": [1, 1]},
								"up": {"uv": [11, 1], "uv_size": [1, 1]},
								"down": {"uv": [2, 12], "uv_size": [1, -1]}
							}
						},
						{
							"origin": [2.21789, 9.89042, 5.57244],
							"size": [0.11667, 0.54906, 0.22743],
							"uv": {
								"north": {"uv": [11, 2], "uv_size": [1, 1]},
								"east": {"uv": [3, 11], "uv_size": [1, 1]},
								"south": {"uv": [11, 3], "uv_size": [1, 1]},
								"west": {"uv": [4, 11], "uv_size": [1, 1]},
								"up": {"uv": [11, 4], "uv_size": [1, 1]},
								"down": {"uv": [5, 12], "uv_size": [1, -1]}
							}
						},
						{
							"origin": [2.21698, 10.52775, 6.09676],
							"size": [0.11849, 0.55087, 0.22924],
							"inflate": -0.001,
							"pivot": [7.01717, 11.11807, 5.17834],
							"rotation": [-45, 0, 0],
							"uv": {
								"north": {"uv": [11, 5], "uv_size": [1, 1]},
								"east": {"uv": [6, 11], "uv_size": [1, 1]},
								"south": {"uv": [11, 6], "uv_size": [1, 1]},
								"west": {"uv": [7, 11], "uv_size": [1, 1]},
								"up": {"uv": [11, 7], "uv_size": [1, 1]},
								"down": {"uv": [8, 12], "uv_size": [1, -1]}
							}
						},
						{
							"origin": [2.21607, 10.04941, 5.40981],
							"size": [0.12031, 0.23106, 0.55269],
							"inflate": -0.002,
							"uv": {
								"north": {"uv": [11, 8], "uv_size": [1, 1]},
								"east": {"uv": [9, 11], "uv_size": [1, 1]},
								"south": {"uv": [11, 9], "uv_size": [1, 1]},
								"west": {"uv": [10, 11], "uv_size": [1, 1]},
								"up": {"uv": [11, 10], "uv_size": [1, 1]},
								"down": {"uv": [11, 12], "uv_size": [1, -1]}
							}
						},
						{
							"origin": [2.21516, 10.68675, 5.93413],
							"size": [0.12212, 0.23288, 0.55451],
							"inflate": -0.003,
							"pivot": [7.01717, 11.11807, 5.17834],
							"rotation": [-45, 0, 0],
							"uv": {
								"north": {"uv": [0, 12], "uv_size": [1, 1]},
								"east": {"uv": [12, 0], "uv_size": [1, 1]},
								"south": {"uv": [1, 12], "uv_size": [1, 1]},
								"west": {"uv": [12, 1], "uv_size": [1, 1]},
								"up": {"uv": [2, 12], "uv_size": [1, 1]},
								"down": {"uv": [12, 3], "uv_size": [1, -1]}
							}
						},
						{
							"origin": [2.33302, 9.92341, 5.58236],
							"size": [0.24377, 0.47969, 0.1987],
							"uv": {
								"north": {"uv": [3, 12], "uv_size": [1, 1]},
								"east": {"uv": [12, 3], "uv_size": [1, 1]},
								"south": {"uv": [4, 12], "uv_size": [1, 1]},
								"west": {"uv": [12, 4], "uv_size": [1, 1]},
								"up": {"uv": [5, 12], "uv_size": [1, 1]},
								"down": {"uv": [12, 6], "uv_size": [1, -1]}
							}
						},
						{
							"origin": [2.3321, 10.56073, 6.10666],
							"size": [0.24561, 0.48153, 0.20054],
							"inflate": -0.001,
							"pivot": [7.12706, 11.11638, 5.17389],
							"rotation": [-45, 0, 0],
							"uv": {
								"north": {"uv": [6, 12], "uv_size": [1, 1]},
								"east": {"uv": [12, 6], "uv_size": [1, 1]},
								"south": {"uv": [7, 12], "uv_size": [1, 1]},
								"west": {"uv": [12, 7], "uv_size": [1, 1]},
								"up": {"uv": [8, 12], "uv_size": [1, 1]},
								"down": {"uv": [12, 9], "uv_size": [1, -1]}
							}
						},
						{
							"origin": [2.33118, 10.06207, 5.44002],
							"size": [0.24745, 0.20238, 0.48337],
							"inflate": -0.002,
							"uv": {
								"north": {"uv": [9, 12], "uv_size": [1, 1]},
								"east": {"uv": [12, 9], "uv_size": [1, 1]},
								"south": {"uv": [10, 12], "uv_size": [1, 1]},
								"west": {"uv": [12, 10], "uv_size": [1, 1]},
								"up": {"uv": [11, 12], "uv_size": [1, 1]},
								"down": {"uv": [12, 12], "uv_size": [1, -1]}
							}
						},
						{
							"origin": [2.33026, 10.69939, 5.96432],
							"size": [0.24929, 0.20422, 0.48521],
							"inflate": -0.003,
							"pivot": [7.12706, 11.11638, 5.17389],
							"rotation": [-45, 0, 0],
							"uv": {
								"north": {"uv": [12, 12], "uv_size": [1, 1]},
								"east": {"uv": [0, 13], "uv_size": [1, 1]},
								"south": {"uv": [13, 0], "uv_size": [1, 1]},
								"west": {"uv": [1, 13], "uv_size": [1, 1]},
								"up": {"uv": [13, 1], "uv_size": [1, 1]},
								"down": {"uv": [2, 14], "uv_size": [1, -1]}
							}
						}
					]
				},
				{
					"name": "positioning",
					"pivot": [-3.025, -0.7, -11.225]
				},
				{
					"name": "ground",
					"parent": "positioning",
					"pivot": [2.25, 9.8125, 0]
				},
				{
					"name": "fixed",
					"parent": "positioning",
					"pivot": [2.28125, 10.1875, 0]
				},
				{
					"name": "thirdperson_hand",
					"parent": "positioning",
					"pivot": [2.38125, 10.14375, -0.225],
					"rotation": [0, -90, 0]
				}
			]
		}
	]
}