{
  "ammo": "tacz:762x399", // 弹药类型，使用 5.56x45mm 弹药
  "ammo_amount": 120, // 标准弹匣容量
  "bolt": "open_bolt", // 枪机类型，使用开膛枪机
  "rpm": 623, // 每分钟射速 (Rounds Per Minute)
  "bullet": {
    "life": 1.0, // 子弹寿命，单位为秒
    "bullet_amount": 1, // 每次发射的子弹数量
    "damage": 11.5, // 基础伤害
    "tracer_count_interval": 1, // 曳光弹计数间隔（0表示不使用曳光弹）
    "extra_damage": {
      "armor_ignore": 0.25, // 无视护甲的伤害比例
      "head_shot_multiplier": 1.5, // 爆头伤害倍数
      "damage_adjust": [ // 根据距离调整伤害
        {"distance": 0.5, "damage": 9},
        {"distance": 40, "damage": 7.5},
        {"distance": 70, "damage": 6},
        {"distance": "infinite", "damage": 5} // 无穷远距离的伤害
      ]
    },
    "speed": 284, // 子弹速度
    "gravity": 0.0245, // 子弹重力影响，越大下坠越快
    "knockback": 0, // 击退效果
    "friction": 0.01, // 空气摩擦力
    "ignite": false, // 是否点燃目标
    "pierce": 1 // 穿透能力，1 表示穿透一个目标
  },
  "reload": {
    "type": "magazine", // 装填类型，使用弹匣
    "feed": {
      "empty": 6.5, // 弹匣为空时的装填时间
      "tactical": 6.5 // 战术换弹（有剩余子弹时）的装填时间
    },
    "cooldown": {
      "empty": 9.17, // 弹匣为空时的冷却时间
      "tactical": 7.88 // 战术换弹（有剩余子弹时）的冷却时间
    }
  },
  "draw_time": 1.8, // 从武器槽取出武器的时间
  "put_away_time": 0.67, // 将武器收回武器槽的时间
  "aim_time": 0.32, // 瞄准所需时间
  "sprint_time": 0.2, // 从冲刺状态恢复到准备状态所需时间
  "fire_mode": [
    "auto" // 射击模式，自动射击
  ],
  "recoil": {
    "pitch": [ // 后坐力在俯仰方向的变化
      {"time": 0, "value": [0.4, 0.4]},
      {"time": 0.3, "value": [0.4, 0.4]},
      {"time": 0.5, "value": [-0.15, -0.15]},
      {"time": 0.65, "value": [0, 0]}
    ],
    "yaw": [ // 后坐力在偏航方向的变化
      {"time": 0, "value": [-0.1, 0.2]},
      {"time": 0.3, "value": [0.2, 0.3]},
      {"time": 0.5, "value": [0, 0]}
    ]
  },
  "inaccuracy": {
    "stand": 8.1, // 站立时的散布
    "move": 8.8, // 移动时的散布
    "sneak": 6, // 蹲下时的散布
    "lie": 5, // 趴下时的散布
    "aim": 0.175 // 瞄准时的散布
  },
  "allow_attachment_types": [ // 允许的附件类型
    "scope",
    "grip",
    "muzzle",
    "extended_mag"
  ],
  "exclusive_attachments": { // 专属附件（此处为空）
  }
}