{
	"format_version": "1.12.0",
	"minecraft:geometry": [
		{
			"description": {
				"identifier": "geometry.unknown",
				"texture_width": 32,
				"texture_height": 32,
				"visible_bounds_width": 2,
				"visible_bounds_height": 2.5,
				"visible_bounds_offset": [0, 0.75, 0]
			},
			"bones": [
				{
					"name": "firefox_ammo",
					"pivot": [0, 11, 0],
					"cubes": [
						{
							"origin": [-2.39085, 11, -0.59771],
							"size": [4.7817, 0.59771, 0.59771],
							"uv": {
								"north": {"uv": [0, 14], "uv_size": [8, 1]},
								"east": {"uv": [4, 20], "uv_size": [1, 1]},
								"south": {"uv": [8, 14], "uv_size": [8, 1]},
								"west": {"uv": [5, 20], "uv_size": [1, 1]},
								"up": {"uv": [0, 15], "uv_size": [8, 1]},
								"down": {"uv": [8, 16], "uv_size": [8, -1]}
							}
						},
						{
							"origin": [-2.39085, 11.59771, -0.59771],
							"size": [4.7817, 0.59771, 0.59771],
							"uv": {
								"north": {"uv": [0, 16], "uv_size": [8, 1]},
								"east": {"uv": [6, 20], "uv_size": [1, 1]},
								"south": {"uv": [8, 16], "uv_size": [8, 1]},
								"west": {"uv": [7, 20], "uv_size": [1, 1]},
								"up": {"uv": [16, 14], "uv_size": [8, 1]},
								"down": {"uv": [16, 16], "uv_size": [8, -1]}
							}
						},
						{
							"origin": [-1.79314, 12.19543, -0.59771],
							"size": [3.58628, 0.59771, 0.59771],
							"uv": {
								"north": {"uv": [0, 18], "uv_size": [6, 1]},
								"east": {"uv": [8, 20], "uv_size": [1, 1]},
								"south": {"uv": [6, 18], "uv_size": [6, 1]},
								"west": {"uv": [9, 20], "uv_size": [1, 1]},
								"up": {"uv": [12, 18], "uv_size": [6, 1]},
								"down": {"uv": [18, 19], "uv_size": [6, -1]}
							}
						},
						{
							"origin": [-0.59771, 12.79314, -0.59771],
							"size": [1.19543, 0.59771, 0.59771],
							"uv": {
								"north": {"uv": [16, 19], "uv_size": [2, 1]},
								"east": {"uv": [10, 20], "uv_size": [1, 1]},
								"south": {"uv": [18, 19], "uv_size": [2, 1]},
								"west": {"uv": [11, 20], "uv_size": [1, 1]},
								"up": {"uv": [0, 20], "uv_size": [2, 1]},
								"down": {"uv": [2, 21], "uv_size": [2, -1]}
							}
						},
						{
							"origin": [-2.98856, 10.40229, -0.59771],
							"size": [5.97712, 0.59771, 0.59771],
							"uv": {
								"north": {"uv": [0, 12], "uv_size": [10, 1]},
								"east": {"uv": [12, 20], "uv_size": [1, 1]},
								"south": {"uv": [12, 0], "uv_size": [10, 1]},
								"west": {"uv": [20, 12], "uv_size": [1, 1]},
								"up": {"uv": [12, 1], "uv_size": [10, 1]},
								"down": {"uv": [12, 3], "uv_size": [10, -1]}
							}
						},
						{
							"origin": [-2.98856, 9.80458, -0.59771],
							"size": [5.97712, 0.59771, 0.59771],
							"uv": {
								"north": {"uv": [12, 3], "uv_size": [10, 1]},
								"east": {"uv": [13, 20], "uv_size": [1, 1]},
								"south": {"uv": [12, 4], "uv_size": [10, 1]},
								"west": {"uv": [20, 13], "uv_size": [1, 1]},
								"up": {"uv": [12, 5], "uv_size": [10, 1]},
								"down": {"uv": [12, 7], "uv_size": [10, -1]}
							}
						},
						{
							"origin": [-3.58627, 9.20686, -0.59771],
							"size": [7.17255, 0.59771, 0.59771],
							"uv": {
								"north": {"uv": [0, 0], "uv_size": [12, 1]},
								"east": {"uv": [14, 20], "uv_size": [1, 1]},
								"south": {"uv": [0, 1], "uv_size": [12, 1]},
								"west": {"uv": [15, 20], "uv_size": [1, 1]},
								"up": {"uv": [0, 2], "uv_size": [12, 1]},
								"down": {"uv": [0, 4], "uv_size": [12, -1]}
							}
						},
						{
							"origin": [-3.58627, 8.01144, -0.59771],
							"size": [7.17255, 0.59771, 0.59771],
							"uv": {
								"north": {"uv": [0, 4], "uv_size": [12, 1]},
								"east": {"uv": [16, 20], "uv_size": [1, 1]},
								"south": {"uv": [0, 5], "uv_size": [12, 1]},
								"west": {"uv": [17, 20], "uv_size": [1, 1]},
								"up": {"uv": [0, 6], "uv_size": [12, 1]},
								"down": {"uv": [0, 8], "uv_size": [12, -1]}
							}
						},
						{
							"origin": [-2.98856, 7.41372, -0.59771],
							"size": [5.97712, 0.59771, 0.59771],
							"uv": {
								"north": {"uv": [12, 7], "uv_size": [10, 1]},
								"east": {"uv": [18, 20], "uv_size": [1, 1]},
								"south": {"uv": [12, 8], "uv_size": [10, 1]},
								"west": {"uv": [19, 20], "uv_size": [1, 1]},
								"up": {"uv": [12, 9], "uv_size": [10, 1]},
								"down": {"uv": [10, 13], "uv_size": [10, -1]}
							}
						},
						{
							"origin": [-2.98856, 6.81601, -0.59771],
							"size": [5.97712, 0.59771, 0.59771],
							"uv": {
								"north": {"uv": [12, 10], "uv_size": [10, 1]},
								"east": {"uv": [20, 19], "uv_size": [1, 1]},
								"south": {"uv": [12, 11], "uv_size": [10, 1]},
								"west": {"uv": [20, 20], "uv_size": [1, 1]},
								"up": {"uv": [0, 13], "uv_size": [10, 1]},
								"down": {"uv": [10, 14], "uv_size": [10, -1]}
							}
						},
						{
							"origin": [-2.39085, 6.2183, -0.59771],
							"size": [4.7817, 0.59771, 0.59771],
							"uv": {
								"north": {"uv": [16, 16], "uv_size": [8, 1]},
								"east": {"uv": [0, 21], "uv_size": [1, 1]},
								"south": {"uv": [0, 17], "uv_size": [8, 1]},
								"west": {"uv": [1, 21], "uv_size": [1, 1]},
								"up": {"uv": [8, 17], "uv_size": [8, 1]},
								"down": {"uv": [16, 18], "uv_size": [8, -1]}
							}
						},
						{
							"origin": [-3.58627, 8.60915, -0.59771],
							"size": [7.17255, 0.59771, 0.59771],
							"uv": {
								"north": {"uv": [0, 8], "uv_size": [12, 1]},
								"east": {"uv": [2, 21], "uv_size": [1, 1]},
								"south": {"uv": [0, 9], "uv_size": [12, 1]},
								"west": {"uv": [3, 21], "uv_size": [1, 1]},
								"up": {"uv": [0, 10], "uv_size": [12, 1]},
								"down": {"uv": [0, 12], "uv_size": [12, -1]}
							}
						},
						{
							"origin": [-1.19542, 5.62059, -0.59771],
							"size": [2.39085, 0.59771, 0.59771],
							"uv": {
								"north": {"uv": [0, 19], "uv_size": [4, 1]},
								"east": {"uv": [4, 21], "uv_size": [1, 1]},
								"south": {"uv": [4, 19], "uv_size": [4, 1]},
								"west": {"uv": [5, 21], "uv_size": [1, 1]},
								"up": {"uv": [8, 19], "uv_size": [4, 1]},
								"down": {"uv": [12, 20], "uv_size": [4, -1]}
							}
						}
					]
				},
				{
					"name": "positioning",
					"pivot": [0, 10, 0]
				},
				{
					"name": "ground",
					"parent": "positioning",
					"pivot": [0, 5, 0]
				},
				{
					"name": "fixed",
					"parent": "positioning",
					"pivot": [0, 10, 0]
				},
				{
					"name": "thirdperson_hand",
					"parent": "positioning",
					"pivot": [0, 10, -1]
				}
			]
		}
	]
}