{
	"format_version": "1.8.0",
	"animations": {
		"static_idle": {
			"animation_length": 0.1667,
			"bones": {
				"lefthand": {
					"rotation": [98.45, 17.25, 40.32],
					"position": [7.88, -8.84, -11.5]
				},
				"righthand": {
					"rotation": [84.95, -7.97, 0.7],
					"position": [-5.37, -8.84, -2.41]
				}
			}
		},
		"static_bolt_caught": {
			"animation_length": 0.1667,
			"bones": {
				"lefthand": {
					"rotation": [98.4484, 17.25184, 40.31675],
					"position": [7.875, -8.84375, -11.5]
				},
				"righthand": {
					"rotation": [84.95111, -7.96936, 0.70178],
					"position": [-5.375, -8.84375, -2.40625]
				},
				"charginghandle": {
					"position": [0, 0, 1.5]
				}
			}
		},
		"bolt": {
			"animation_length": 1.25,
			"bones": {
				"root": {
					"rotation": {
						"0.0": [0, 0, 0],
						"0.0417": [0, 0, 5.17],
						"0.0833": [0, 0, 12.78],
						"0.125": [0, 0, 21.22],
						"0.1667": [0, 0, 28.83],
						"0.2083": [0, 0, 34],
						"0.25": [0, 0, 35.05],
						"0.2917": [0, 0, 35.78],
						"0.3333": [0, 0, 36.25],
						"0.375": [0, 0, 36.48],
						"0.4167": [0, 0, 36.51],
						"0.4583": [0, 0, 36.38],
						"0.5": [0, 0, 36.13],
						"0.5417": [0, 0, 35.78],
						"0.5833": [0, 0, 35.39],
						"0.625": [0, 0, 34.99],
						"0.6667": [0, 0, 34.61],
						"0.7083": [0, 0, 34.3],
						"0.75": [0, 0, 34.08],
						"0.7917": [0, 0, 34],
						"0.8333": [0, 0, 34.54],
						"0.875": [0, 0, 35.63],
						"0.9167": [0, 0, 36.45],
						"0.9583": [0, 0, 36.18],
						"1.0": [0, 0, 34],
						"1.0417": [0, 0, 29.91],
						"1.0833": [0, 0, 23.93],
						"1.125": [0, 0, 17],
						"1.1667": [0, 0, 10.07],
						"1.2083": [0, 0, 4.09],
						"1.25": [0, 0, 0]
					},
					"position": {
						"0.0": [0, 0, 0],
						"0.0417": [0.29, 0, 0],
						"0.0833": [0.73, 0, 0],
						"0.125": [1.21, 0, 0],
						"0.1667": [1.64, 0, 0],
						"0.2083": [1.94, 0, 0],
						"0.25": [2, 0, 0],
						"0.2917": [2.04, 0, 0],
						"0.3333": [2.07, 0, 0],
						"0.375": [2.08, 0, 0],
						"0.4167": [2.08, 0, 0],
						"0.4583": [2.07, 0, 0],
						"0.5": [2.06, 0, 0],
						"0.5417": [2.04, 0, 0],
						"0.5833": [2.02, 0, 0],
						"0.625": [2, 0, 0],
						"0.6667": [1.97, 0, 0],
						"0.7083": [1.96, 0, 0],
						"0.75": [1.94, 0, 0],
						"0.7917": [1.94, 0, 0],
						"0.8333": [1.97, 0, 0],
						"0.875": [2.03, 0, 0],
						"0.9167": [2.08, 0, 0],
						"0.9583": [2.06, 0, 0],
						"1.0": [1.94, 0, 0],
						"1.0417": [1.71, 0, 0],
						"1.0833": [1.37, 0, 0],
						"1.125": [0.97, 0, 0],
						"1.1667": [0.57, 0, 0],
						"1.2083": [0.23, 0, 0],
						"1.25": [0, 0, 0]
					}
				},
				"lefthand": {
					"rotation": {
						"0.0": [98.45, 17.25, 40.32],
						"0.0417": [97.67, 17.24, 40.11],
						"0.0833": [96.12, 17.22, 39.7],
						"0.125": [94.95, 17.21, 39.39],
						"0.1667": [95.34, 17.21, 39.5],
						"0.2083": [98.45, 17.25, 40.32],
						"0.25": [108.29, 17.59, 42.79],
						"0.2917": [122.65, 18.13, 46.38],
						"0.3333": [137.07, 18.38, 50.15],
						"0.375": [147.03, 17.85, 53.19],
						"0.4167": [150.73, 16, 55.32],
						"0.4583": [150.76, 13.23, 57.01],
						"0.5": [149.27, 10.45, 58.3],
						"0.5417": [148.41, 8.54, 59.22],
						"0.5833": [149.07, 7.9, 59.79],
						"0.625": [150.36, 7.53, 60.36],
						"0.6667": [151.62, 7.41, 60.78],
						"0.7083": [152.16, 7.55, 60.84],
						"0.75": [151.32, 7.93, 60.38],
						"0.7917": [148.41, 8.54, 59.22],
						"0.8333": [140.82, 9.86, 56.35],
						"0.875": [129.62, 11.82, 52.11],
						"0.9167": [117.23, 13.98, 47.42],
						"0.9583": [106.04, 15.93, 43.19],
						"1.0": [98.45, 17.25, 40.32]
					},
					"position": {
						"0.0": [7.88, -8.84, -11.5],
						"0.0417": [7.88, -8.87, -11.49],
						"0.0833": [7.89, -8.92, -11.47],
						"0.125": [7.9, -8.96, -11.45],
						"0.1667": [7.9, -8.95, -11.46],
						"0.2083": [7.88, -8.84, -11.5],
						"0.25": [7.81, -8.44, -11.63],
						"0.2917": [7.7, -7.84, -11.83],
						"0.3333": [7.59, -7.31, -12.02],
						"0.375": [7.51, -7.15, -12.15],
						"0.4167": [7.48, -7.54, -12.2],
						"0.4583": [7.49, -8.31, -12.19],
						"0.5": [7.5, -9.13, -12.17],
						"0.5417": [7.51, -9.68, -12.15],
						"0.5833": [7.51, -9.84, -12.16],
						"0.625": [7.5, -9.9, -12.17],
						"0.6667": [7.49, -9.89, -12.19],
						"0.7083": [7.48, -9.84, -12.2],
						"0.75": [7.49, -9.76, -12.19],
						"0.7917": [7.51, -9.68, -12.15],
						"0.8333": [7.57, -9.55, -12.05],
						"0.875": [7.65, -9.37, -11.91],
						"0.9167": [7.74, -9.16, -11.74],
						"0.9583": [7.82, -8.97, -11.6],
						"1.0": [7.88, -8.84, -11.5]
					}
				},
				"righthand": {
					"rotation": [84.95111, -7.96936, 0.70178],
					"position": [-5.375, -8.84375, -2.40625]
				},
				"action": {
					"rotation": {
						"0.0": [0, 0, 0],
						"0.0417": [0, 0, 0],
						"0.0833": [0, 0, 0],
						"0.125": [0, 0, 0],
						"0.1667": [0, 0, 0],
						"0.2083": [0, 0, 0],
						"0.25": [-1.45, 0, 0],
						"0.2917": [-3.87, 0, 0],
						"0.3333": [-4.36, 0, 0],
						"0.375": [0, 0, 0],
						"0.4167": [12.59, 0, 0],
						"0.4583": [31, 0, 0],
						"0.5": [49.41, 0, 0],
						"0.5417": [62, 0, 0],
						"0.5833": [66.31, 0, 0],
						"0.625": [68.89, 0, 0],
						"0.6667": [69.75, 0, 0],
						"0.7083": [68.89, 0, 0],
						"0.75": [66.31, 0, 0],
						"0.7917": [62, 0, 0],
						"0.8333": [52.58, 0, 0],
						"0.875": [38.69, 0, 0],
						"0.9167": [23.31, 0, 0],
						"0.9583": [9.42, 0, 0],
						"1.0": [0, 0, 0]
					},
					"position": {
						"0.0": [0, 0, 0],
						"0.0417": [0, 0, 0],
						"0.0833": [0, 0, 0],
						"0.125": [0, 0, 0],
						"0.1667": [0, 0, 0],
						"0.2083": [0, 0, 0],
						"0.25": [0, 0, 0],
						"0.2917": [0, 0, 0],
						"0.3333": [0, 0, 0],
						"0.375": [0, 0, 0],
						"0.4167": [0, 0, 0],
						"0.4583": [0, 0, 0],
						"0.5": [0, 0, 0],
						"0.5417": [0, 0, 0],
						"0.5833": [0, 0, 0],
						"0.625": [0, 0, 0],
						"0.6667": [0, 0, 0],
						"0.7083": [0, 0, 0],
						"0.75": [0, 0, 0],
						"0.7917": [0, 0, 0],
						"0.8333": [0, 0, 0],
						"0.875": [0, 0, 0],
						"0.9167": [0, 0, 0],
						"0.9583": [0, 0, 0],
						"1.0": [0, 0, 0]
					}
				},
				"shell_ejection": {
					"rotation": {
						"0.0": [0, 0, 0],
						"0.0417": [0, 0, 0],
						"0.0833": [0, 0, 0],
						"0.125": [0, 0, 0],
						"0.1667": [0, 0, 0],
						"0.2083": [0, 0, 0],
						"0.25": [0, 0, 0],
						"0.2917": [0, 0, 0],
						"0.3333": [0, 0, 0],
						"0.375": [0, 0, 0],
						"0.4167": [0, 0, 0],
						"0.4583": [0, 0, 0],
						"0.5": [0, 0, 0],
						"0.5417": [0, 0, 0],
						"0.5833": [0, 0, 0],
						"0.625": [0, 0, 0],
						"0.6667": [0, 0, 0],
						"0.7083": [0, 0, 0],
						"0.75": [0, 0, 0],
						"0.7917": [0, 0, 0],
						"0.8333": [0, 0, 0]
					},
					"position": {
						"0.0": [0, 0, 0],
						"0.0417": [0, 0, -0.01],
						"0.0833": [0, 0, -0.03],
						"0.125": [0, 0, -0.07],
						"0.1667": [0, 0, -0.1],
						"0.2083": [0, 0, -0.15],
						"0.25": [0, 0, -0.18],
						"0.2917": [0, 0, -0.21],
						"0.3333": [0, 0, -0.23],
						"0.375": [0, 0, -0.24],
						"0.4167": [0, 0, -0.22],
						"0.4583": [0, 0, -0.18],
						"0.5": [0, 0, -0.1],
						"0.5417": [0, 0, 0],
						"0.5833": [0, 0, 3.19],
						"0.625": [0, 0, 3.37],
						"0.6667": [0, 0, 3.42],
						"0.7083": [0, 0, 3.39],
						"0.75": [0, 0, 3.31],
						"0.7917": [0, 0, 3.23],
						"0.8333": [0, 0, 3.19]
					}
				},
				"bullet1": {
					"rotation": {
						"0.5417": [0, 0, 0],
						"0.5833": [11.69, 0, 0],
						"0.625": [26, 0, 0],
						"0.6667": [47, 0, 0],
						"0.7083": [61.7, 10.36, 2.31],
						"0.75": [66.76, 14.95, -5.14],
						"0.7917": [73.09874, 21.66007, -7.2416]
					},
					"position": {
						"0.5417": [0, 0, 0],
						"0.5833": [0, -1.01, -0.1],
						"0.625": [0, -2.16, 0],
						"0.6667": [0, -3.32, 1.59],
						"0.7083": [3.22, -5.38, 1.59],
						"0.75": [5.28, -6.32, 1.59],
						"0.7917": [7.2175, -7.445, 1.59]
					}
				},
				"bullet2": {
					"rotation": {
						"0.5417": [0, 0, 0],
						"0.5833": [-9.6, 1.69, 10.85],
						"0.625": [-19.87, 2.53, 25.79],
						"0.6667": [-25.15, -4.23, 58.52],
						"0.7083": [-41.47, 0.91, 69.37],
						"0.75": [-64.16, 17.55, 85.27],
						"0.7917": [-63.36, 22.04, 87.62]
					},
					"position": {
						"0.5417": [0, 0, 0],
						"0.5833": [0.21, -0.99, -0.52],
						"0.625": [0, -1.94, -1.37],
						"0.6667": [-3.37, -1.66, -3.99],
						"0.7083": [-4, -0.28, -8.27],
						"0.75": [-4, 2.03, -10.96],
						"0.7917": [-3.41, 6.03, -14.9],
						"0.8333": [-3.41, 6.03, -17.65],
						"0.875": [-3.41, 6.03, -20.4],
						"0.9167": [-3.41, 6.03, -23.15]
					}
				},
				"camera": {
					"rotation": {
						"0.0": [0, 0, 0],
						"0.0417": [-0.2, -0.6, 0.2],
						"0.0833": [-0.4, -1.2, 0.4],
						"0.125": [-0.6, -1.8, 0.6],
						"0.1667": [-0.8, -2.4, 0.8],
						"0.2083": [-1, -3, 1],
						"0.25": [0.2, -2.6, 1],
						"0.2917": [1.4, -2.2, 1],
						"0.3333": [2.6, -1.8, 1],
						"0.375": [3.8, -1.4, 1],
						"0.4167": [5, -1, 1],
						"0.4583": [4.61, -0.88, 0.95],
						"0.5": [4.21, -0.76, 0.9],
						"0.5417": [3.82, -0.64, 0.85],
						"0.5833": [3.43, -0.51, 0.8],
						"0.625": [3.04, -0.39, 0.75],
						"0.6667": [2.64, -0.27, 0.7],
						"0.7083": [2.25, -0.15, 0.65],
						"0.75": [1.86, -0.03, 0.6],
						"0.7917": [1.46, 0.09, 0.55],
						"0.8333": [1.07, 0.21, 0.5],
						"0.875": [0.68, 0.34, 0.45],
						"0.9167": [0.29, 0.46, 0.4],
						"0.9583": [-0.11, 0.58, 0.35],
						"1.0": [-0.5, 0.7, 0.3],
						"1.0417": [-0.42, 0.58, 0.25],
						"1.0833": [-0.33, 0.47, 0.2],
						"1.125": [-0.25, 0.35, 0.15],
						"1.1667": [-0.17, 0.23, 0.1],
						"1.2083": [-0.08, 0.12, 0.05],
						"1.25": [0, 0, 0]
					},
					"position": {
						"0.0": [0, 0, 0],
						"0.0417": [0.06, 0, 0],
						"0.0833": [0.11, 0, 0],
						"0.125": [0.17, 0, 0],
						"0.1667": [0.22, 0, 0],
						"0.2083": [0.28, 0, 0],
						"0.25": [0.28, 0.13, 0],
						"0.2917": [0.28, 0.26, 0],
						"0.3333": [0.28, 0.39, 0],
						"0.375": [0.28, 0.52, 0],
						"0.4167": [0.28, 0.66, 0],
						"0.4583": [0.25, 0.63, 0],
						"0.5": [0.23, 0.6, 0],
						"0.5417": [0.2, 0.57, 0],
						"0.5833": [0.18, 0.53, 0],
						"0.625": [0.15, 0.5, 0],
						"0.6667": [0.13, 0.47, 0],
						"0.7083": [0.1, 0.44, 0],
						"0.75": [0.08, 0.41, 0],
						"0.7917": [0.05, 0.38, 0],
						"0.8333": [0.03, 0.35, 0],
						"0.875": [0, 0.32, 0],
						"0.9167": [-0.03, 0.29, 0],
						"0.9583": [-0.05, 0.26, 0],
						"1.0": [-0.08, 0.23, 0],
						"1.0417": [-0.06, 0.19, 0],
						"1.0833": [-0.05, 0.15, 0],
						"1.125": [-0.04, 0.12, 0],
						"1.1667": [-0.03, 0.08, 0],
						"1.2083": [-0.01, 0.04, 0],
						"1.25": [0, 0, 0]
					}
				},
				"constraint": {
					"rotation": {
						"0.0": [0, 0, 0],
						"0.0417": [0.04, 0.05, 0.08],
						"0.0833": [0.08, 0.1, 0.15],
						"0.125": [0.11, 0.15, 0.22],
						"0.1667": [0.15, 0.2, 0.3],
						"0.2083": [0.19, 0.25, 0.38],
						"0.25": [0.22, 0.3, 0.45],
						"0.2917": [0.26, 0.35, 0.52],
						"0.3333": [0.3, 0.4, 0.6],
						"0.375": [0.3, 0.4, 0.6],
						"0.4167": [0.3, 0.4, 0.6],
						"0.4583": [0.3, 0.4, 0.6],
						"0.5": [0.3, 0.4, 0.6],
						"0.5417": [0.3, 0.4, 0.6],
						"0.5833": [0.3, 0.4, 0.6],
						"0.625": [0.3, 0.4, 0.6],
						"0.6667": [0.3, 0.4, 0.6],
						"0.7083": [0.3, 0.4, 0.6],
						"0.75": [0.3, 0.4, 0.6],
						"0.7917": [0.28, 0.37, 0.55],
						"0.8333": [0.25, 0.33, 0.5],
						"0.875": [0.23, 0.3, 0.45],
						"0.9167": [0.2, 0.27, 0.4],
						"0.9583": [0.18, 0.23, 0.35],
						"1.0": [0.15, 0.2, 0.3],
						"1.0417": [0.13, 0.17, 0.25],
						"1.0833": [0.1, 0.13, 0.2],
						"1.125": [0.08, 0.1, 0.15],
						"1.1667": [0.05, 0.07, 0.1],
						"1.2083": [0.03, 0.03, 0.05],
						"1.25": [0, 0, 0]
					},
					"position": {
						"0.0": [0, 0, 0],
						"0.0417": [0.13, 0.11, 0],
						"0.0833": [0.26, 0.23, 0],
						"0.125": [0.39, 0.34, 0],
						"0.1667": [0.52, 0.45, 0],
						"0.2083": [0.64, 0.57, 0],
						"0.25": [0.77, 0.68, 0],
						"0.2917": [0.9, 0.79, 0],
						"0.3333": [1.03, 0.91, 0],
						"0.375": [1.03, 0.91, 0],
						"0.4167": [1.03, 0.91, 0],
						"0.4583": [1.03, 0.91, 0],
						"0.5": [1.03, 0.91, 0],
						"0.5417": [1.03, 0.91, 0],
						"0.5833": [1.03, 0.91, 0],
						"0.625": [1.03, 0.91, 0],
						"0.6667": [1.03, 0.91, 0],
						"0.7083": [1.03, 0.91, 0],
						"0.75": [1.03, 0.91, 0],
						"0.7917": [0.95, 0.83, 0],
						"0.8333": [0.86, 0.76, 0],
						"0.875": [0.77, 0.68, 0],
						"0.9167": [0.69, 0.6, 0],
						"0.9583": [0.6, 0.53, 0],
						"1.0": [0.52, 0.45, 0],
						"1.0417": [0.43, 0.38, 0],
						"1.0833": [0.34, 0.3, 0],
						"1.125": [0.26, 0.23, 0],
						"1.1667": [0.17, 0.15, 0],
						"1.2083": [0.09, 0.08, 0],
						"1.25": [0, 0, 0]
					}
				}
			},
			"sound_effects": {
				"0.5417": {
					"effect": "coyotea_bolting"
				}
			}
		},
		"shoot": {
			"animation_length": 0.25,
			"bones": {
				"root": {
					"rotation": {
						"0.0": [0, 0, 0],
						"0.0417": [1.31, 0, 0],
						"0.0833": [0, 0, 0],
						"0.125": [-11.81, 0, 0],
						"0.1667": [-21, 0, 0],
						"0.2083": [-11.81, 0, 0],
						"0.25": [0, 0, 0]
					},
					"position": {
						"0.0": [0, 0, 0],
						"0.0417": [0, 0.02, 0.75],
						"0.0833": [0, 0, 1.44],
						"0.125": [0, -0.16, 1.32],
						"0.1667": [0, -0.28, 0.91],
						"0.2083": [0, -0.16, 0.42],
						"0.25": [0, 0, 0]
					}
				},
				"charginghandle": {
					"rotation": {
						"0.0833": [0, 0, 0],
						"0.125": [0, 0, 0],
						"0.1667": [0, 0, 0],
						"0.2083": [0, 0, 0],
						"0.25": [0, 0, 0]
					},
					"position": {
						"0.0833": [0, 0, 0],
						"0.125": [0, 0, 0.75],
						"0.1667": [0, 0, 1.5],
						"0.2083": [0, 0, 0.75],
						"0.25": [0, 0, 0]
					}
				},
				"camera": {
					"rotation": {
						"0.0": [0, 0, 0],
						"0.0417": [-1.5, 0, 0],
						"0.0833": [-3, 0, 0],
						"0.125": [-4.5, 0, 0],
						"0.1667": [-6, 0, 0],
						"0.2083": [-3, 0, 0],
						"0.25": [0, 0, 0]
					},
					"position": {
						"0.0": [0, 0, 0],
						"0.0417": [0, -0.06, 0],
						"0.0833": [0, -0.12, 0],
						"0.125": [0, -0.31, 0],
						"0.1667": [0, -0.49, 0],
						"0.2083": [0, -0.25, 0],
						"0.25": [0, 0, 0]
					}
				},
				"constraint": {
					"rotation": {
						"0.0": [0, 0, 0],
						"0.0417": [0.15, 0.1, 0.1],
						"0.0833": [0.3, 0.2, 0.2],
						"0.125": [0.45, 0.1, 0.3],
						"0.1667": [0.6, 0, 0.4],
						"0.2083": [0.3, 0, 0.2],
						"0.25": [0, 0, 0]
					},
					"position": {
						"0.0": [0, 0, 0],
						"0.0417": [0, -0.03, 0.19],
						"0.0833": [0, -0.06, 0.38],
						"0.125": [0, 0.19, 0.52],
						"0.1667": [0, 0.44, 0.66],
						"0.2083": [0, 0.22, 0.33],
						"0.25": [0, 0, 0]
					}
				}
			},
			"sound_effects": {
				"0.0833": {
					"effect": "coyotea_fire"
				}
			}
		},
		"reload_empty": {
			"animation_length": 3.9167,
			"bones": {
				"lefthand": {
					"rotation": {
						"0.0": [98.45, 17.25, 40.32],
						"0.0417": [97.97, 17.31, 39.74],
						"0.0833": [96.91, 17.43, 38.46],
						"0.125": [95.85, 17.55, 37.19],
						"0.1667": [95.36, 17.61, 36.61],
						"0.2083": [96.04, 17.53, 37.42],
						"0.25": [98.45, 17.25, 40.32],
						"0.2917": [103.5, 16.39, 46.48],
						"0.3333": [110.91, 14.91, 55.6],
						"0.375": [119.48, 13.3, 66.11],
						"0.4167": [128, 12.03, 76.45],
						"0.4583": [135.27, 11.59, 85.05],
						"0.5": [140.08, 12.44, 90.35],
						"0.5417": [141.8, 15.24, 91.64],
						"0.5833": [141.27, 19.74, 90.02],
						"0.625": [139.48, 25.06, 86.67],
						"0.6667": [137.44, 30.33, 82.75],
						"0.7083": [136.13, 34.65, 79.43],
						"0.75": [136.56, 37.16, 77.89],
						"0.7917": [143.07, 36.71, 79.57],
						"0.8333": [152.53, 32.52, 83.67],
						"0.875": [159.61, 28.07, 87.21],
						"0.9167": [161.8, 25.13, 88.83],
						"0.9583": [161.61, 21.95, 89.89],
						"1.0": [161.27, 16.76, 91.55],
						"1.0417": [161.5, 7.22, 94.75],
						"1.0833": [161.59, -4.33, 98.56],
						"1.125": [161.63, -12.71, 101.31],
						"1.1667": [161.63, -15.17, 102.13],
						"1.2083": [161.59, -14.47, 101.9],
						"1.25": [161.56, -13.65, 101.64],
						"1.2917": [161.55, -13.69, 101.68],
						"1.3333": [161.53, -13.69, 101.75],
						"1.375": [161.51, -13.67, 101.83],
						"1.4167": [161.49, -13.63, 101.9],
						"1.4583": [161.48, -13.6, 101.94],
						"1.5": [161.49, -13.59, 101.92],
						"1.5417": [161.51, -13.6, 101.83],
						"1.5833": [161.56, -13.65, 101.64],
						"1.625": [161.63, -13.93, 100.7],
						"1.6667": [161.7, -14.34, 99.3],
						"1.7083": [161.94, -14.72, 98.08],
						"1.75": [162.53, -14.88, 97.71],
						"1.7917": [163.29, -14.72, 98.77],
						"1.8333": [164.21, -14.36, 100.76],
						"1.875": [165.67, -13.96, 102.75],
						"1.9167": [168.03, -13.71, 103.78],
						"1.9583": [177.38, -14.85, 102],
						"2.0": [186.01, -14.02, 99.68],
						"2.0417": [187.04, -6.33, 100.22],
						"2.0833": [185.84, 2.89, 101.43],
						"2.125": [186.04, 14.82, 102.69],
						"2.1667": [185.98, 12.83, 102.47],
						"2.2083": [185.88, 6.87, 101.84],
						"2.25": [186.34, 5.69, 107.71],
						"2.2917": [187.03, 4.46, 116.58],
						"2.3333": [187.79, 3.31, 126.2],
						"2.375": [188.45, 2.43, 134.3],
						"2.4167": [188.82, 1.97, 138.64],
						"2.4583": [188.86, 1.97, 138.77],
						"2.5": [188.8, 2.16, 137.52],
						"2.5417": [188.66, 2.5, 135.23],
						"2.5833": [188.48, 2.93, 132.24],
						"2.625": [188.26, 3.41, 128.89],
						"2.6667": [188.05, 3.89, 125.53],
						"2.7083": [187.85, 4.32, 122.5],
						"2.75": [187.71, 4.66, 120.15],
						"2.7917": [187.63, 4.86, 118.81],
						"2.8333": [188.16, 3.89, 125.76],
						"2.875": [176.98, 5.5, 115.52],
						"2.9167": [165.73, 7.23, 104.4],
						"2.9583": [164.33, 7.44, 103.06],
						"3.0": [165.73, 7.23, 104.4],
						"3.0417": [169.94, 6.6, 108.41],
						"3.0833": [165.73, 7.23, 104.4],
						"3.125": [157.63, 8.44, 96.69],
						"3.1667": [145.79, 10.2, 85.41],
						"3.2083": [132.09, 12.24, 72.36],
						"3.25": [118.38, 14.28, 59.3],
						"3.2917": [106.55, 16.05, 48.03],
						"3.3333": [98.45, 17.25, 40.32]
					},
					"position": {
						"0.0": [7.88, -8.84, -11.5],
						"0.0417": [7.9, -8.84, -11.54],
						"0.0833": [7.95, -8.83, -11.63],
						"0.125": [8, -8.82, -11.72],
						"0.1667": [8.02, -8.81, -11.76],
						"0.2083": [7.99, -8.82, -11.7],
						"0.25": [7.88, -8.84, -11.5],
						"0.2917": [7.63, -8.88, -11.08],
						"0.3333": [7.28, -8.92, -10.47],
						"0.375": [6.88, -8.97, -9.77],
						"0.4167": [6.47, -9.04, -9.06],
						"0.4583": [6.12, -9.13, -8.45],
						"0.5": [5.88, -9.25, -8.03],
						"0.5417": [5.73, -9.61, -7.72],
						"0.5833": [5.81, -10.07, -7.79],
						"0.625": [5.88, -10.47, -8.03],
						"0.6667": [5.87, -10.69, -8.4],
						"0.7083": [5.86, -10.86, -8.95],
						"0.75": [5.88, -11.22, -9.59],
						"0.7917": [5.96, -11.84, -10.43],
						"0.8333": [6.08, -12.65, -11.36],
						"0.875": [6.16, -13.63, -12.06],
						"0.9167": [6.2, -14.81, -12.32],
						"0.9583": [6.21, -16.16, -12.34],
						"1.0": [6.16, -17.6, -12.4],
						"1.0417": [6.01, -18.91, -12.59],
						"1.0833": [5.82, -20.31, -12.81],
						"1.125": [5.69, -22.32, -13.12],
						"1.1667": [5.55, -26.25, -14.11],
						"1.2083": [5.48, -30.79, -15.18],
						"1.25": [5.88, -32.54, -14.59],
						"1.2917": [6.29, -31.77, -13.5],
						"1.3333": [6.89, -30.23, -11.86],
						"1.375": [7.61, -28.13, -9.86],
						"1.4167": [8.37, -25.72, -7.69],
						"1.4583": [9.1, -23.24, -5.54],
						"1.5": [9.72, -20.9, -3.61],
						"1.5417": [10.16, -18.96, -2.07],
						"1.5833": [10.35, -17.63, -1.12],
						"1.625": [9.89, -16.64, -0.9],
						"1.6667": [8.74, -16.84, -2.06],
						"1.7083": [7.42, -17.44, -3.76],
						"1.75": [6.48, -17.63, -5.18],
						"1.7917": [6.08, -17.23, -6.31],
						"1.8333": [5.93, -16.66, -7.51],
						"1.875": [5.88, -16.02, -8.55],
						"1.9167": [5.76, -15.44, -9.21],
						"1.9583": [5.25, -14.48, -9.08],
						"2.0": [4.85, -13.53, -8.34],
						"2.0417": [4.87, -12.5, -7.89],
						"2.0833": [5.01, -11.53, -7.53],
						"2.125": [5.01, -10.19, -7.31],
						"2.1667": [5.01, -9.72, -7.31],
						"2.2083": [5.01, -9.22, -7.31],
						"2.25": [5.75, -9.27, -7.33],
						"2.2917": [6.87, -9.42, -7.37],
						"2.3333": [8.08, -9.56, -7.4],
						"2.375": [9.11, -9.53, -7.39],
						"2.4167": [9.7, -9.22, -7.31],
						"2.4583": [9.75, -8.85, -7.22],
						"2.5": [9.65, -8.34, -7.09],
						"2.5417": [9.43, -7.72, -6.94],
						"2.5833": [9.13, -7.04, -6.77],
						"2.625": [8.78, -6.34, -6.59],
						"2.6667": [8.42, -5.67, -6.42],
						"2.7083": [8.09, -5.06, -6.26],
						"2.75": [7.83, -4.56, -6.11],
						"2.7917": [7.67, -4.22, -6],
						"2.8333": [8.01, -4.69, -5.56],
						"2.875": [8.01, -4.69, -6.06],
						"2.9167": [8.01, -4.69, -6.62],
						"2.9583": [8.01, -4.69, -6.66],
						"3.0": [8.01, -4.69, -6.62],
						"3.0417": [8.02, -4.43, -6.32],
						"3.0833": [8.01, -4.69, -6.62],
						"3.125": [7.99, -5.19, -7.21],
						"3.1667": [7.97, -5.92, -8.07],
						"3.2083": [7.94, -6.77, -9.06],
						"3.25": [7.92, -7.61, -10.05],
						"3.2917": [7.89, -8.34, -10.91],
						"3.3333": [7.88, -8.84, -11.5]
					}
				},
				"righthand": {
					"rotation": [84.95111, -7.96936, 0.70178],
					"position": [-5.375, -8.84375, -2.40625]
				},
				"charginghandle": {
					"rotation": {
						"2.7917": [0, 0, 0],
						"2.8333": [0, 0, 0],
						"2.875": [0, 0, 0],
						"2.9167": [0, 0, 0]
					},
					"position": {
						"0.0": [0, 0, 1.5],
						"0.0417": [0, 0, 1.5],
						"0.0833": [0, 0, 1.5],
						"0.125": [0, 0, 1.5],
						"0.1667": [0, 0, 1.5],
						"0.2083": [0, 0, 1.5],
						"0.25": [0, 0, 1.5],
						"0.2917": [0, 0, 1.5],
						"0.3333": [0, 0, 1.5],
						"0.375": [0, 0, 1.5],
						"0.4167": [0, 0, 1.5],
						"0.4583": [0, 0, 1.5],
						"0.5": [0, 0, 1.5],
						"0.5417": [0, 0, 1.5],
						"0.5833": [0, 0, 1.5],
						"0.625": [0, 0, 1.5],
						"0.6667": [0, 0, 1.5],
						"0.7083": [0, 0, 1.5],
						"0.75": [0, 0, 1.5],
						"0.7917": [0, 0, 1.5],
						"0.8333": [0, 0, 1.5],
						"0.875": [0, 0, 1.5],
						"0.9167": [0, 0, 1.5],
						"0.9583": [0, 0, 1.5],
						"1.0": [0, 0, 1.5],
						"1.0417": [0, 0, 1.5],
						"1.0833": [0, 0, 1.5],
						"1.125": [0, 0, 1.5],
						"1.1667": [0, 0, 1.5],
						"1.2083": [0, 0, 1.5],
						"1.25": [0, 0, 1.5],
						"1.2917": [0, 0, 1.5],
						"1.3333": [0, 0, 1.5],
						"1.375": [0, 0, 1.5],
						"1.4167": [0, 0, 1.5],
						"1.4583": [0, 0, 1.5],
						"1.5": [0, 0, 1.5],
						"1.5417": [0, 0, 1.5],
						"1.5833": [0, 0, 1.5],
						"1.625": [0, 0, 1.5],
						"1.6667": [0, 0, 1.5],
						"1.7083": [0, 0, 1.5],
						"1.75": [0, 0, 1.5],
						"1.7917": [0, 0, 1.5],
						"1.8333": [0, 0, 1.5],
						"1.875": [0, 0, 1.5],
						"1.9167": [0, 0, 1.5],
						"1.9583": [0, 0, 1.5],
						"2.0": [0, 0, 1.5],
						"2.0417": [0, 0, 1.5],
						"2.0833": [0, 0, 1.5],
						"2.125": [0, 0, 1.5],
						"2.1667": [0, 0, 1.5],
						"2.2083": [0, 0, 1.5],
						"2.25": [0, 0, 1.5],
						"2.2917": [0, 0, 1.5],
						"2.3333": [0, 0, 1.5],
						"2.375": [0, 0, 1.5],
						"2.4167": [0, 0, 1.5],
						"2.4583": [0, 0, 1.5],
						"2.5": [0, 0, 1.5],
						"2.5417": [0, 0, 1.5],
						"2.5833": [0, 0, 1.5],
						"2.625": [0, 0, 1.5],
						"2.6667": [0, 0, 1.5],
						"2.7083": [0, 0, 1.5],
						"2.75": [0, 0, 1.5],
						"2.7917": [0, 0, 1.5],
						"2.8333": [0, 0, 1],
						"2.875": [0, 0, 0.5],
						"2.9167": [0, 0, 0]
					}
				},
				"root": {
					"rotation": {
						"0.0": [0, 0, 0],
						"0.0417": [-0.79, -3.07, -3.66],
						"0.0833": [-1.95, -7.55, -9],
						"0.125": [-3.29, -12.74, -15.19],
						"0.1667": [-4.63, -17.93, -21.37],
						"0.2083": [-5.79, -22.41, -26.72],
						"0.25": [-6.58, -25.48, -30.37],
						"0.2917": [-6.94, -26.95, -32.08],
						"0.3333": [-6.99, -27.35, -32.46],
						"0.375": [-6.86, -27.04, -31.99],
						"0.4167": [-6.67, -26.38, -31.17],
						"0.4583": [-6.54, -25.74, -30.47],
						"0.5": [-6.58, -25.48, -30.37],
						"0.5417": [-7.03, -25.58, -31.21],
						"0.5833": [-7.68, -25.73, -32.43],
						"0.625": [-8.31, -25.88, -33.72],
						"0.6667": [-8.67, -26.01, -34.77],
						"0.7083": [-8.66, -26.11, -35.58],
						"0.75": [-8.44, -26.2, -36.29],
						"0.7917": [-8.09, -26.27, -36.79],
						"0.8333": [-7.7, -26.29, -36.98],
						"0.875": [-7.13, -26.27, -36.79],
						"0.9167": [-6.38, -26.21, -36.28],
						"0.9583": [-5.78, -26.12, -35.58],
						"1.0": [-5.67, -26.01, -34.77],
						"1.0417": [-6.02, -25.92, -34.11],
						"1.0833": [-6.68, -25.81, -33.31],
						"1.125": [-7.5, -25.69, -32.44],
						"1.1667": [-8.34, -25.58, -31.6],
						"1.2083": [-9.08, -25.48, -30.88],
						"1.25": [-9.58, -25.41, -30.38],
						"1.2917": [-9.67, -25.4, -30.27],
						"1.3333": [-9.73, -25.39, -30.2],
						"1.375": [-9.76, -25.39, -30.15],
						"1.4167": [-9.76, -25.4, -30.12],
						"1.4583": [-9.75, -25.41, -30.12],
						"1.5": [-9.72, -25.42, -30.13],
						"1.5417": [-9.68, -25.43, -30.15],
						"1.5833": [-9.63, -25.45, -30.18],
						"1.625": [-9.58, -25.46, -30.22],
						"1.6667": [-9.53, -25.47, -30.27],
						"1.7083": [-9.48, -25.49, -30.32],
						"1.75": [-9.44, -25.49, -30.36],
						"1.7917": [-9.41, -25.5, -30.4],
						"1.8333": [-9.39, -25.49, -30.42],
						"1.875": [-9.4, -25.49, -30.44],
						"1.9167": [-9.43, -25.47, -30.44],
						"1.9583": [-9.49, -25.44, -30.42],
						"2.0": [-9.58, -25.41, -30.38],
						"2.0417": [-10.03, -25.24, -30.15],
						"2.0833": [-10.7, -24.99, -29.82],
						"2.125": [-11.48, -24.7, -29.43],
						"2.1667": [-12.26, -24.41, -29.04],
						"2.2083": [-12.93, -24.16, -28.71],
						"2.25": [-13.39, -23.99, -28.48],
						"2.2917": [-13.35, -24.19, -28.74],
						"2.3333": [-12.81, -24.71, -29.41],
						"2.375": [-12.56, -24.87, -29.62],
						"2.4167": [-13.39, -23.99, -28.48],
						"2.4583": [-14.34, -23.04, -27.26],
						"2.5": [-15.66, -21.72, -25.56],
						"2.5417": [-17.26, -20.13, -23.51],
						"2.5833": [-19.01, -18.38, -21.25],
						"2.625": [-20.82, -16.58, -18.93],
						"2.6667": [-22.58, -14.83, -16.67],
						"2.7083": [-24.17, -13.24, -14.63],
						"2.75": [-25.5, -11.92, -12.92],
						"2.7917": [-26.45, -10.98, -11.7],
						"2.8333": [-27.29, -10.15, -10.63],
						"2.875": [-27.39, -10.04, -10.49],
						"2.9167": [-27.08, -10.35, -10.9],
						"2.9583": [-26.66, -10.77, -11.43],
						"3.0": [-26.45, -10.98, -11.7],
						"3.0417": [-28.1, -11.66, -12.43],
						"3.0833": [-26.45, -10.98, -11.7],
						"3.125": [-23.27, -9.66, -10.29],
						"3.1667": [-18.61, -7.73, -8.23],
						"3.2083": [-13.23, -5.49, -5.85],
						"3.25": [-7.84, -3.25, -3.47],
						"3.2917": [-3.18, -1.32, -1.41],
						"3.3333": [0, 0, 0]
					},
					"position": {
						"0.0": [0, 0, 0],
						"0.0417": [0, 0, 0.05],
						"0.0833": [0, 0, 0.11],
						"0.125": [0, 0, 0.19],
						"0.1667": [0, 0, 0.26],
						"0.2083": [0, 0, 0.33],
						"0.25": [0, 0, 0.38],
						"0.2917": [0, 0, 0.4],
						"0.3333": [0, 0, 0.4],
						"0.375": [0, 0, 0.4],
						"0.4167": [0, 0, 0.39],
						"0.4583": [0, 0, 0.38],
						"0.5": [0, 0, 0.38],
						"0.5417": [0, 0, 0.38],
						"0.5833": [0, 0, 0.38],
						"0.625": [0, 0, 0.38],
						"0.6667": [0, 0, 0.38],
						"0.7083": [0, 0, 0.38],
						"0.75": [0, 0, 0.38],
						"0.7917": [0, 0, 0.38],
						"0.8333": [0, 0, 0.38],
						"0.875": [0, 0, 0.38],
						"0.9167": [0, 0, 0.38],
						"0.9583": [0, 0, 0.38],
						"1.0": [0, 0, 0.38],
						"1.0417": [0, 0, 0.38],
						"1.0833": [0, 0, 0.38],
						"1.125": [0, 0, 0.38],
						"1.1667": [0, 0, 0.38],
						"1.2083": [0, 0, 0.38],
						"1.25": [0, 0, 0.38],
						"1.2917": [0, 0, 0.38],
						"1.3333": [0, 0, 0.38],
						"1.375": [0, 0, 0.38],
						"1.4167": [0, 0, 0.38],
						"1.4583": [0, -0.01, 0.38],
						"1.5": [0, -0.01, 0.38],
						"1.5417": [0, -0.01, 0.38],
						"1.5833": [0, -0.01, 0.38],
						"1.625": [0, -0.01, 0.38],
						"1.6667": [0, -0.02, 0.38],
						"1.7083": [0, -0.02, 0.38],
						"1.75": [0, -0.02, 0.38],
						"1.7917": [0, -0.02, 0.38],
						"1.8333": [0, -0.01, 0.38],
						"1.875": [0, -0.01, 0.38],
						"1.9167": [0, -0.01, 0.38],
						"1.9583": [0, -0.01, 0.38],
						"2.0": [0, 0, 0.38],
						"2.0417": [0, 0.03, 0.38],
						"2.0833": [0, 0.06, 0.38],
						"2.125": [0, 0.11, 0.38],
						"2.1667": [0, 0.15, 0.38],
						"2.2083": [0, 0.19, 0.38],
						"2.25": [0, 0.22, 0.38],
						"2.2917": [-0.02, 0.26, 0.39],
						"2.3333": [-0.06, 0.3, 0.42],
						"2.375": [-0.06, 0.3, 0.42],
						"2.4167": [0, 0.22, 0.38],
						"2.4583": [0.07, 0.14, 0.34],
						"2.5": [0.16, 0.04, 0.28],
						"2.5417": [0.27, -0.09, 0.21],
						"2.5833": [0.39, -0.22, 0.14],
						"2.625": [0.52, -0.37, 0.06],
						"2.6667": [0.64, -0.51, -0.02],
						"2.7083": [0.75, -0.63, -0.08],
						"2.75": [0.84, -0.74, -0.14],
						"2.7917": [0.91, -0.81, -0.18],
						"2.8333": [0.96, -0.88, -0.22],
						"2.875": [0.97, -0.89, -0.22],
						"2.9167": [0.95, -0.86, -0.21],
						"2.9583": [0.92, -0.83, -0.19],
						"3.0": [0.91, -0.81, -0.18],
						"3.0417": [0.96, -0.86, -0.19],
						"3.0833": [0.91, -0.81, -0.18],
						"3.125": [0.8, -0.71, -0.16],
						"3.1667": [0.64, -0.57, -0.13],
						"3.2083": [0.45, -0.41, -0.09],
						"3.25": [0.27, -0.24, -0.05],
						"3.2917": [0.11, -0.1, -0.02],
						"3.3333": [0, 0, 0]
					}
				},
				"mag_standard": {
					"rotation": {
						"0.5": [0, 0, 0],
						"0.5417": [1.96, 0, 0],
						"0.5833": [3.93, 0, 0],
						"0.625": [0, 0, 0],
						"0.6667": [-16.93, 0, 0],
						"0.7083": [-39.74, 0, 0],
						"0.75": [-53, 0, 0],
						"0.7917": [-47.74, 0, 0],
						"0.8333": [-32.93, 0, 0],
						"0.875": [-20, 0, 0],
						"0.9167": [-13.48, 0, 0],
						"0.9583": [-8.85, 0, 0],
						"1.0": [-4, 0, 0],
						"1.0417": [2.19, 0, 0],
						"1.0833": [8.59, 0, 0],
						"1.125": [14, 0, 0],
						"1.1667": [18, 0, 0],
						"1.2083": [21, 0, 0],
						"1.25": [23, 0, 0],
						"1.2917": [23.46, 0, 0],
						"1.3333": [23.73, 0, 0],
						"1.375": [23.83, 0, 0],
						"1.4167": [23.81, 0, 0],
						"1.4583": [23.69, 0, 0],
						"1.5": [23.49, 0, 0],
						"1.5417": [23.25, 0, 0],
						"1.5833": [23, 0, 0],
						"1.625": [22.23, 0, 0],
						"1.6667": [21.12, 0, 0],
						"1.7083": [19.95, 0, 0],
						"1.75": [19, 0, 0],
						"1.7917": [19.07, 0, 0],
						"1.8333": [19.76, 0, 0],
						"1.875": [19.57, 0, 0],
						"1.9167": [17, 0, 0],
						"1.9583": [11.74, 0, 0],
						"2.0": [4.04, 0, 0],
						"2.0417": [-4.24, 0, 0],
						"2.0833": [-11.26, 0, 0],
						"2.125": [-15.14, 0, 0],
						"2.1667": [-9.58, 0, 0],
						"2.2083": [0, 0, 0]
					},
					"position": {
						"0.5": [0, 0, 0],
						"0.5417": [0, -0.62, 0.11],
						"0.5833": [0, -1.48, 0.21],
						"0.625": [0, -2.19, 0],
						"0.6667": [0, -2.48, -0.78],
						"0.7083": [0, -2.63, -1.88],
						"0.75": [0, -2.97, -2.87],
						"0.7917": [0, -3.67, -3.64],
						"0.8333": [0, -4.57, -4.3],
						"0.875": [0, -5.6, -4.81],
						"0.9167": [0, -6.72, -5.09],
						"0.9583": [0, -7.96, -5.21],
						"1.0": [0, -9.29, -5.4],
						"1.0417": [0, -10.5, -5.73],
						"1.0833": [0, -11.8, -6.12],
						"1.125": [0, -13.73, -6.56],
						"1.1667": [-0.18, -17.64, -7.61],
						"1.2083": [-0.35, -22.19, -8.71],
						"1.25": [0, -23.89, -8.12],
						"1.2917": [0.43, -23.07, -7.03],
						"1.3333": [1.06, -21.46, -5.38],
						"1.375": [1.82, -19.28, -3.36],
						"1.4167": [2.62, -16.79, -1.17],
						"1.4583": [3.4, -14.21, 1],
						"1.5": [4.06, -11.8, 2.96],
						"1.5417": [4.54, -9.79, 4.51],
						"1.5833": [4.75, -8.42, 5.47],
						"1.625": [4.29, -7.38, 5.72],
						"1.6667": [3.1, -7.58, 4.59],
						"1.7083": [1.75, -8.2, 2.91],
						"1.75": [0.81, -8.42, 1.47],
						"1.7917": [0.46, -8.06, 0.27],
						"1.8333": [0.39, -7.54, -1.05],
						"1.875": [0.43, -6.95, -2.2],
						"1.9167": [0.44, -6.39, -2.87],
						"1.9583": [0.35, -5.33, -2.43],
						"2.0": [0.29, -4.26, -1.29],
						"2.0417": [0.21, -3.11, -0.6],
						"2.0833": [0.14, -2.13, -0.15],
						"2.125": [0.09, -1.42, -0.44],
						"2.1667": [0.04, -0.67, -0.24],
						"2.2083": [0, 0, 0]
					}
				},
				"constraint": {
					"rotation": {
						"0.0": [0, 0, 0],
						"0.5": [0.2, 0.3, 0.5],
						"2.25": [0.2, 0.3, 0.5],
						"2.8333": [0.1, 0.15, 0.25],
						"3.3333": [0, 0, 0],
						"3.9167": [0, 0, 0]
					},
					"position": {
						"0.0": [0, 0, 0],
						"0.5": [0.78125, 0, 0],
						"2.25": [0.78125, 0, 0],
						"2.8333": [0.78125, 0, 0],
						"3.3333": [0, 0, 0],
						"3.9167": [0, 0, 0]
					}
				}
			},
			"sound_effects": {
				"0.5": {
					"effect": "coyotea_reloadempty"
				}
			}
		},
		"reload_tactical": {
			"animation_length": 2.7917,
			"bones": {
				"lefthand": {
					"rotation": {
						"0.0": [98.45, 17.25, 40.32],
						"0.0417": [97.97, 17.31, 39.74],
						"0.0833": [96.91, 17.43, 38.46],
						"0.125": [95.85, 17.55, 37.19],
						"0.1667": [95.36, 17.61, 36.61],
						"0.2083": [96.04, 17.53, 37.42],
						"0.25": [98.45, 17.25, 40.32],
						"0.2917": [103.5, 16.39, 46.48],
						"0.3333": [110.91, 14.91, 55.6],
						"0.375": [119.48, 13.3, 66.11],
						"0.4167": [128, 12.03, 76.45],
						"0.4583": [135.27, 11.59, 85.05],
						"0.5": [140.08, 12.44, 90.35],
						"0.5417": [141.8, 15.24, 91.64],
						"0.5833": [141.27, 19.74, 90.02],
						"0.625": [139.48, 25.06, 86.67],
						"0.6667": [137.44, 30.33, 82.75],
						"0.7083": [136.13, 34.65, 79.43],
						"0.75": [136.56, 37.16, 77.89],
						"0.7917": [143.07, 36.71, 79.57],
						"0.8333": [152.53, 32.52, 83.67],
						"0.875": [159.61, 28.07, 87.21],
						"0.9167": [161.8, 25.13, 88.83],
						"0.9583": [161.61, 21.95, 89.89],
						"1.0": [161.27, 16.76, 91.55],
						"1.0417": [161.5, 7.22, 94.75],
						"1.0833": [161.59, -4.33, 98.56],
						"1.125": [161.63, -12.71, 101.31],
						"1.1667": [161.63, -15.17, 102.13],
						"1.2083": [161.59, -14.47, 101.9],
						"1.25": [161.56, -13.65, 101.64],
						"1.2917": [161.55, -13.69, 101.68],
						"1.3333": [161.53, -13.69, 101.75],
						"1.375": [161.51, -13.67, 101.83],
						"1.4167": [161.49, -13.63, 101.9],
						"1.4583": [161.48, -13.6, 101.94],
						"1.5": [161.49, -13.59, 101.92],
						"1.5417": [161.51, -13.6, 101.83],
						"1.5833": [161.56, -13.65, 101.64],
						"1.625": [161.63, -13.93, 100.7],
						"1.6667": [161.7, -14.34, 99.3],
						"1.7083": [161.94, -14.72, 98.08],
						"1.75": [162.53, -14.88, 97.71],
						"1.7917": [163.29, -14.72, 98.77],
						"1.8333": [164.21, -14.36, 100.76],
						"1.875": [165.67, -13.96, 102.75],
						"1.9167": [168.03, -13.71, 103.78],
						"1.9583": [177.38, -14.85, 102],
						"2.0": [186.01, -14.02, 99.68],
						"2.0417": [187.04, -6.33, 100.22],
						"2.0833": [185.84, 2.89, 101.43],
						"2.125": [186.04, 14.82, 102.69],
						"2.1667": [185.98, 12.83, 102.47],
						"2.2083": [185.88, 6.87, 101.84],
						"2.25": [187.76, 5.49, 108.97],
						"2.2917": [191.31, 3.86, 120.35],
						"2.3333": [194.21, 2.42, 131.85],
						"2.375": [194.15, 1.64, 139.33],
						"2.4167": [188.82, 1.97, 138.64],
						"2.4583": [182.38, 2.86, 133.11],
						"2.5": [173.27, 4.3, 123.98],
						"2.5417": [162.26, 6.13, 112.23],
						"2.5833": [150.1, 8.21, 98.81],
						"2.625": [137.53, 10.4, 84.69],
						"2.6667": [125.33, 12.54, 70.81],
						"2.7083": [114.25, 14.49, 58.15],
						"2.75": [105.03, 16.11, 47.67],
						"2.7917": [98.45, 17.25, 40.32]
					},
					"position": {
						"0.0": [7.88, -8.84, -11.5],
						"0.0417": [7.9, -8.84, -11.54],
						"0.0833": [7.95, -8.83, -11.63],
						"0.125": [8, -8.82, -11.72],
						"0.1667": [8.02, -8.81, -11.76],
						"0.2083": [7.99, -8.82, -11.7],
						"0.25": [7.88, -8.84, -11.5],
						"0.2917": [7.63, -8.88, -11.08],
						"0.3333": [7.28, -8.92, -10.47],
						"0.375": [6.88, -8.97, -9.77],
						"0.4167": [6.47, -9.04, -9.06],
						"0.4583": [6.12, -9.13, -8.45],
						"0.5": [5.88, -9.25, -8.03],
						"0.5417": [5.73, -9.61, -7.72],
						"0.5833": [5.81, -10.07, -7.79],
						"0.625": [5.88, -10.47, -8.03],
						"0.6667": [5.87, -10.69, -8.4],
						"0.7083": [5.86, -10.86, -8.95],
						"0.75": [5.88, -11.22, -9.59],
						"0.7917": [5.96, -11.84, -10.43],
						"0.8333": [6.08, -12.65, -11.36],
						"0.875": [6.16, -13.63, -12.06],
						"0.9167": [6.2, -14.81, -12.32],
						"0.9583": [6.21, -16.16, -12.34],
						"1.0": [6.16, -17.6, -12.4],
						"1.0417": [6.01, -18.91, -12.59],
						"1.0833": [5.82, -20.31, -12.81],
						"1.125": [5.69, -22.32, -13.12],
						"1.1667": [5.55, -26.25, -14.11],
						"1.2083": [5.48, -30.79, -15.18],
						"1.25": [5.88, -32.54, -14.59],
						"1.2917": [6.29, -31.77, -13.5],
						"1.3333": [6.89, -30.23, -11.86],
						"1.375": [7.61, -28.13, -9.86],
						"1.4167": [8.37, -25.72, -7.69],
						"1.4583": [9.1, -23.24, -5.54],
						"1.5": [9.72, -20.9, -3.61],
						"1.5417": [10.16, -18.96, -2.07],
						"1.5833": [10.35, -17.63, -1.12],
						"1.625": [9.89, -16.64, -0.9],
						"1.6667": [8.74, -16.84, -2.06],
						"1.7083": [7.42, -17.44, -3.76],
						"1.75": [6.48, -17.63, -5.18],
						"1.7917": [6.08, -17.23, -6.31],
						"1.8333": [5.93, -16.66, -7.51],
						"1.875": [5.88, -16.02, -8.55],
						"1.9167": [5.76, -15.44, -9.21],
						"1.9583": [5.25, -14.48, -9.08],
						"2.0": [4.85, -13.53, -8.34],
						"2.0417": [4.87, -12.5, -7.89],
						"2.0833": [5.01, -11.53, -7.53],
						"2.125": [5.01, -10.19, -7.31],
						"2.1667": [5.01, -9.72, -7.31],
						"2.2083": [5.01, -9.22, -7.31],
						"2.25": [5.75, -9.19, -7.24],
						"2.2917": [6.86, -9.2, -7.11],
						"2.3333": [8.07, -9.22, -7.01],
						"2.375": [9.1, -9.24, -7.04],
						"2.4167": [9.7, -9.22, -7.31],
						"2.4583": [9.77, -9.19, -7.61],
						"2.5": [9.7, -9.15, -8.04],
						"2.5417": [9.5, -9.11, -8.55],
						"2.5833": [9.23, -9.06, -9.11],
						"2.625": [8.92, -9.01, -9.7],
						"2.6667": [8.59, -8.96, -10.26],
						"2.7083": [8.28, -8.91, -10.77],
						"2.75": [8.03, -8.87, -11.2],
						"2.7917": [7.88, -8.84, -11.5]
					}
				},
				"righthand": {
					"rotation": [84.95111, -7.96936, 0.70178],
					"position": [-5.375, -8.84375, -2.40625]
				},
				"root": {
					"rotation": {
						"0.0": [0, 0, 0],
						"0.0417": [-0.79, -3.07, -3.66],
						"0.0833": [-1.95, -7.55, -9],
						"0.125": [-3.29, -12.74, -15.19],
						"0.1667": [-4.63, -17.93, -21.37],
						"0.2083": [-5.79, -22.41, -26.72],
						"0.25": [-6.58, -25.48, -30.37],
						"0.2917": [-6.94, -26.95, -32.08],
						"0.3333": [-6.99, -27.35, -32.46],
						"0.375": [-6.86, -27.04, -31.99],
						"0.4167": [-6.67, -26.38, -31.17],
						"0.4583": [-6.54, -25.74, -30.47],
						"0.5": [-6.58, -25.48, -30.37],
						"0.5417": [-7.03, -25.58, -31.21],
						"0.5833": [-7.68, -25.73, -32.43],
						"0.625": [-8.31, -25.88, -33.72],
						"0.6667": [-8.67, -26.01, -34.77],
						"0.7083": [-8.66, -26.11, -35.58],
						"0.75": [-8.44, -26.2, -36.29],
						"0.7917": [-8.09, -26.27, -36.79],
						"0.8333": [-7.7, -26.29, -36.98],
						"0.875": [-7.13, -26.27, -36.79],
						"0.9167": [-6.38, -26.21, -36.28],
						"0.9583": [-5.78, -26.12, -35.58],
						"1.0": [-5.67, -26.01, -34.77],
						"1.0417": [-6.02, -25.92, -34.11],
						"1.0833": [-6.68, -25.81, -33.31],
						"1.125": [-7.5, -25.69, -32.44],
						"1.1667": [-8.34, -25.58, -31.6],
						"1.2083": [-9.08, -25.48, -30.88],
						"1.25": [-9.58, -25.41, -30.38],
						"1.2917": [-9.67, -25.4, -30.27],
						"1.3333": [-9.73, -25.39, -30.2],
						"1.375": [-9.76, -25.39, -30.15],
						"1.4167": [-9.76, -25.4, -30.12],
						"1.4583": [-9.75, -25.41, -30.12],
						"1.5": [-9.72, -25.42, -30.13],
						"1.5417": [-9.68, -25.43, -30.15],
						"1.5833": [-9.63, -25.45, -30.18],
						"1.625": [-9.58, -25.46, -30.22],
						"1.6667": [-9.53, -25.47, -30.27],
						"1.7083": [-9.48, -25.49, -30.32],
						"1.75": [-9.44, -25.49, -30.36],
						"1.7917": [-9.41, -25.5, -30.4],
						"1.8333": [-9.39, -25.49, -30.42],
						"1.875": [-9.4, -25.49, -30.44],
						"1.9167": [-9.43, -25.47, -30.44],
						"1.9583": [-9.49, -25.44, -30.42],
						"2.0": [-9.58, -25.41, -30.38],
						"2.0417": [-10.03, -25.24, -30.15],
						"2.0833": [-10.7, -24.99, -29.82],
						"2.125": [-11.48, -24.7, -29.43],
						"2.1667": [-12.26, -24.41, -29.04],
						"2.2083": [-12.93, -24.16, -28.71],
						"2.25": [-13.39, -23.99, -28.48],
						"2.2917": [-13.97, -24.45, -29.02],
						"2.3333": [-14.46, -25.4, -30.14],
						"2.375": [-14.42, -25.64, -30.44],
						"2.4167": [-13.39, -23.99, -28.48],
						"2.4583": [-12.26, -21.97, -26.09],
						"2.5": [-10.67, -19.11, -22.7],
						"2.5417": [-8.76, -15.69, -18.64],
						"2.5833": [-6.69, -11.99, -14.24],
						"2.625": [-4.63, -8.29, -9.85],
						"2.6667": [-2.72, -4.87, -5.79],
						"2.7083": [-1.12, -2.01, -2.39],
						"2.75": [0, 0, 0]
					},
					"position": {
						"0.0": [0, 0, 0],
						"0.0417": [0, 0, 0.05],
						"0.0833": [0, 0, 0.11],
						"0.125": [0, 0, 0.19],
						"0.1667": [0, 0, 0.26],
						"0.2083": [0, 0, 0.33],
						"0.25": [0, 0, 0.38],
						"0.2917": [0, 0, 0.4],
						"0.3333": [0, 0, 0.4],
						"0.375": [0, 0, 0.4],
						"0.4167": [0, 0, 0.39],
						"0.4583": [0, 0, 0.38],
						"0.5": [0, 0, 0.38],
						"0.5417": [0, 0, 0.38],
						"0.5833": [0, 0, 0.38],
						"0.625": [0, 0, 0.38],
						"0.6667": [0, 0, 0.38],
						"0.7083": [0, 0, 0.38],
						"0.75": [0, 0, 0.38],
						"0.7917": [0, 0, 0.38],
						"0.8333": [0, 0, 0.38],
						"0.875": [0, 0, 0.38],
						"0.9167": [0, 0, 0.38],
						"0.9583": [0, 0, 0.38],
						"1.0": [0, 0, 0.38],
						"1.0417": [0, 0, 0.38],
						"1.0833": [0, 0, 0.38],
						"1.125": [0, 0, 0.38],
						"1.1667": [0, 0, 0.38],
						"1.2083": [0, 0, 0.38],
						"1.25": [0, 0, 0.38],
						"1.2917": [0, 0, 0.38],
						"1.3333": [0, 0, 0.38],
						"1.375": [0, 0, 0.38],
						"1.4167": [0, 0, 0.38],
						"1.4583": [0, -0.01, 0.38],
						"1.5": [0, -0.01, 0.38],
						"1.5417": [0, -0.01, 0.38],
						"1.5833": [0, -0.01, 0.38],
						"1.625": [0, -0.01, 0.38],
						"1.6667": [0, -0.02, 0.38],
						"1.7083": [0, -0.02, 0.38],
						"1.75": [0, -0.02, 0.38],
						"1.7917": [0, -0.02, 0.38],
						"1.8333": [0, -0.01, 0.38],
						"1.875": [0, -0.01, 0.38],
						"1.9167": [0, -0.01, 0.38],
						"1.9583": [0, -0.01, 0.38],
						"2.0": [0, 0, 0.38],
						"2.0417": [0, 0.03, 0.38],
						"2.0833": [0, 0.06, 0.38],
						"2.125": [0, 0.11, 0.38],
						"2.1667": [0, 0.15, 0.38],
						"2.2083": [0, 0.19, 0.38],
						"2.25": [0, 0.22, 0.38],
						"2.2917": [0, 0.24, 0.39],
						"2.3333": [0, 0.25, 0.4],
						"2.375": [0, 0.24, 0.41],
						"2.4167": [0, 0.22, 0.38],
						"2.4583": [0, 0.2, 0.35],
						"2.5": [0, 0.17, 0.3],
						"2.5417": [0, 0.14, 0.25],
						"2.5833": [0, 0.11, 0.19],
						"2.625": [0, 0.08, 0.13],
						"2.6667": [0, 0.04, 0.08],
						"2.7083": [0, 0.02, 0.03],
						"2.75": [0, 0, 0]
					}
				},
				"mag_and_bullet": {
					"rotation": {
						"0.5": [0, 0, 0],
						"0.5417": [1.96, 0, 0],
						"0.5833": [3.93, 0, 0],
						"0.625": [0, 0, 0],
						"0.6667": [-16.93, 0, 0],
						"0.7083": [-39.74, 0, 0],
						"0.75": [-53, 0, 0],
						"0.7917": [-47.74, 0, 0],
						"0.8333": [-32.93, 0, 0],
						"0.875": [-20, 0, 0],
						"0.9167": [-13.48, 0, 0],
						"0.9583": [-8.85, 0, 0],
						"1.0": [-4, 0, 0],
						"1.0417": [2.19, 0, 0],
						"1.0833": [8.59, 0, 0],
						"1.125": [14, 0, 0],
						"1.1667": [18, 0, 0],
						"1.2083": [21, 0, 0],
						"1.25": [23, 0, 0],
						"1.2917": [23.46, 0, 0],
						"1.3333": [23.73, 0, 0],
						"1.375": [23.83, 0, 0],
						"1.4167": [23.81, 0, 0],
						"1.4583": [23.69, 0, 0],
						"1.5": [23.49, 0, 0],
						"1.5417": [23.25, 0, 0],
						"1.5833": [23, 0, 0],
						"1.625": [22.23, 0, 0],
						"1.6667": [21.12, 0, 0],
						"1.7083": [19.95, 0, 0],
						"1.75": [19, 0, 0],
						"1.7917": [19.07, 0, 0],
						"1.8333": [19.76, 0, 0],
						"1.875": [19.57, 0, 0],
						"1.9167": [17, 0, 0],
						"1.9583": [11.74, 0, 0],
						"2.0": [4.04, 0, 0],
						"2.0417": [-4.24, 0, 0],
						"2.0833": [-11.26, 0, 0],
						"2.125": [-15.14, 0, 0],
						"2.1667": [-9.58, 0, 0],
						"2.2083": [0, 0, 0]
					},
					"position": {
						"0.5": [0, 0, 0],
						"0.5417": [0, -0.62, 0.11],
						"0.5833": [0, -1.48, 0.21],
						"0.625": [0, -2.19, 0],
						"0.6667": [0, -2.48, -0.78],
						"0.7083": [0, -2.63, -1.88],
						"0.75": [0, -2.97, -2.87],
						"0.7917": [0, -3.67, -3.64],
						"0.8333": [0, -4.57, -4.3],
						"0.875": [0, -5.6, -4.81],
						"0.9167": [0, -6.72, -5.09],
						"0.9583": [0, -7.96, -5.21],
						"1.0": [0, -9.29, -5.4],
						"1.0417": [0, -10.5, -5.73],
						"1.0833": [0, -11.8, -6.12],
						"1.125": [0, -13.73, -6.56],
						"1.1667": [-0.18, -17.64, -7.61],
						"1.2083": [-0.35, -22.19, -8.71],
						"1.25": [0, -23.89, -8.12],
						"1.2917": [0.43, -23.07, -7.03],
						"1.3333": [1.06, -21.46, -5.38],
						"1.375": [1.82, -19.28, -3.36],
						"1.4167": [2.62, -16.79, -1.17],
						"1.4583": [3.4, -14.21, 1],
						"1.5": [4.06, -11.8, 2.96],
						"1.5417": [4.54, -9.79, 4.51],
						"1.5833": [4.75, -8.42, 5.47],
						"1.625": [4.29, -7.38, 5.72],
						"1.6667": [3.1, -7.58, 4.59],
						"1.7083": [1.75, -8.2, 2.91],
						"1.75": [0.81, -8.42, 1.47],
						"1.7917": [0.46, -8.06, 0.27],
						"1.8333": [0.39, -7.54, -1.05],
						"1.875": [0.43, -6.95, -2.2],
						"1.9167": [0.44, -6.39, -2.87],
						"1.9583": [0.35, -5.33, -2.43],
						"2.0": [0.29, -4.26, -1.29],
						"2.0417": [0.21, -3.11, -0.6],
						"2.0833": [0.14, -2.13, -0.15],
						"2.125": [0.09, -1.42, -0.44],
						"2.1667": [0.04, -0.67, -0.24],
						"2.2083": [0, 0, 0]
					}
				},
				"constraint": {
					"rotation": {
						"0.0": [0, 0, 0],
						"0.5": [0.2, 0.3, 0.5],
						"2.25": [0.2, 0.3, 0.5],
						"2.7917": [0, 0, 0]
					},
					"position": {
						"0.0": [0, 0, 0],
						"0.5": [0.78125, 0, 0],
						"2.25": [0.78125, 0, 0],
						"2.7917": [0, 0, 0]
					}
				}
			},
			"sound_effects": {
				"0.5": {
					"effect": "coyotea_reload"
				}
			}
		},
		"inspect": {
			"animation_length": 3.7917,
			"bones": {
				"lefthand": {
					"rotation": {
						"0.0": [98.45, 17.25, 40.32],
						"0.0417": [98.45, 17.25, 40.32],
						"0.0833": [98.45, 17.25, 40.32],
						"0.125": [98.45, 17.25, 40.32],
						"0.1667": [98.45, 17.25, 40.32],
						"0.2083": [98.45, 17.25, 40.32],
						"0.25": [98.45, 17.25, 40.32],
						"0.2917": [98.45, 17.25, 40.32],
						"0.3333": [98.45, 17.25, 40.32],
						"0.375": [98.45, 17.25, 40.32],
						"0.4167": [98.45, 17.25, 40.32],
						"0.4583": [98.45, 17.25, 40.32],
						"0.5": [98.45, 17.25, 40.32],
						"0.5417": [98.45, 17.25, 40.32],
						"0.5833": [98.45, 17.25, 40.32],
						"0.625": [98.45, 17.25, 40.32],
						"0.6667": [98.45, 17.25, 40.32],
						"0.7083": [98.45, 17.25, 40.32],
						"0.75": [98.45, 17.25, 40.32],
						"0.7917": [98.45, 17.25, 40.32],
						"0.8333": [98.45, 17.25, 40.32],
						"0.875": [98.45, 17.25, 40.32],
						"0.9167": [98.45, 17.25, 40.32],
						"0.9583": [98.45, 17.25, 40.32],
						"1.0": [98.45, 17.25, 40.32],
						"1.0417": [98.45, 17.25, 40.32],
						"1.0833": [98.45, 17.25, 40.32],
						"1.125": [98.45, 17.25, 40.32],
						"1.1667": [98.45, 17.25, 40.32],
						"1.2083": [98.45, 17.25, 40.32],
						"1.25": [98.45, 17.25, 40.32],
						"1.2917": [98.45, 17.25, 40.32],
						"1.3333": [98.45, 17.25, 40.32],
						"1.375": [98.45, 17.25, 40.32],
						"1.4167": [98.45, 17.25, 40.32],
						"1.4583": [98.45, 17.25, 40.32],
						"1.5": [98.45, 17.25, 40.32],
						"1.5417": [98.45, 17.25, 40.32],
						"1.5833": [98.45, 17.25, 40.32],
						"1.625": [98.45, 17.25, 40.32],
						"1.6667": [98.45, 17.25, 40.32],
						"1.7083": [98.45, 17.25, 40.32],
						"1.75": [98.45, 17.25, 40.32],
						"1.7917": [98.45, 17.25, 40.32],
						"1.8333": [98.45, 17.25, 40.32],
						"1.875": [98.45, 17.25, 40.32],
						"1.9167": [98.45, 17.25, 40.32],
						"1.9583": [93.8, 17.68, 32.66],
						"2.0": [87.27, 18.17, 21.82],
						"2.0417": [79.47, 18.75, 8.85],
						"2.0833": [70.99, 19.44, -5.2],
						"2.125": [62.42, 20.25, -19.28],
						"2.1667": [54.35, 21.21, -32.34],
						"2.2083": [47.39, 22.33, -43.32],
						"2.25": [42.11, 23.63, -51.19],
						"2.2917": [37.49, 25.93, -56.93],
						"2.3333": [34.58, 28.86, -59.07],
						"2.375": [32.93, 32.05, -58.77],
						"2.4167": [32.05, 35.15, -57.2],
						"2.4583": [31.49, 37.81, -55.52],
						"2.5": [30.78, 39.67, -54.91],
						"2.5417": [30.13, 40.6, -55.13],
						"2.5833": [29.94, 40.86, -55.19],
						"2.625": [30.07, 40.67, -55.14],
						"2.6667": [30.36, 40.26, -55.05],
						"2.7083": [30.65, 39.85, -54.95],
						"2.75": [30.78, 39.67, -54.91],
						"2.7917": [30.87, 40.05, -54.76],
						"2.8333": [31.04, 40.82, -54.46],
						"2.875": [31.16, 41.39, -54.24],
						"2.9167": [31.12, 41.2, -54.31],
						"2.9583": [30.78, 39.67, -54.91],
						"3.0": [30.25, 37.29, -55.83],
						"3.0417": [29.49, 33.87, -57.16],
						"3.0833": [28.59, 29.82, -58.74],
						"3.125": [27.65, 25.56, -60.4],
						"3.1667": [26.75, 21.51, -61.97],
						"3.2083": [25.99, 18.09, -63.3],
						"3.25": [25.46, 15.72, -64.23],
						"3.2917": [24.31, 14.31, -65.97],
						"3.3333": [22.36, 13.88, -68.79],
						"3.375": [20.57, 14.12, -71.34],
						"3.4167": [19.86, 14.72, -72.31],
						"3.4583": [21.17, 15.35, -70.38],
						"3.5": [25.46, 15.72, -64.23],
						"3.5417": [32.69, 15.87, -53.86],
						"3.5833": [43.12, 16.09, -38.93],
						"3.625": [55.46, 16.35, -21.25],
						"3.6667": [68.44, 16.62, -2.66],
						"3.7083": [80.79, 16.88, 15.02],
						"3.75": [91.21, 17.1, 29.95],
						"3.7917": [98.45, 17.25, 40.32]
					},
					"position": {
						"0.0": [7.88, -8.84, -11.5],
						"0.0417": [7.88, -8.84, -11.5],
						"0.0833": [7.88, -8.84, -11.5],
						"0.125": [7.88, -8.84, -11.5],
						"0.1667": [7.88, -8.84, -11.5],
						"0.2083": [7.88, -8.84, -11.5],
						"0.25": [7.88, -8.84, -11.5],
						"0.2917": [7.88, -8.84, -11.5],
						"0.3333": [7.88, -8.84, -11.5],
						"0.375": [7.88, -8.84, -11.5],
						"0.4167": [7.88, -8.84, -11.5],
						"0.4583": [7.88, -8.84, -11.5],
						"0.5": [7.88, -8.84, -11.5],
						"0.5417": [7.88, -8.84, -11.5],
						"0.5833": [7.88, -8.84, -11.5],
						"0.625": [7.88, -8.84, -11.5],
						"0.6667": [7.88, -8.84, -11.5],
						"0.7083": [7.88, -8.84, -11.5],
						"0.75": [7.88, -8.84, -11.5],
						"0.7917": [7.88, -8.84, -11.5],
						"0.8333": [7.88, -8.84, -11.5],
						"0.875": [7.88, -8.84, -11.5],
						"0.9167": [7.88, -8.84, -11.5],
						"0.9583": [7.88, -8.84, -11.5],
						"1.0": [7.88, -8.84, -11.5],
						"1.0417": [7.88, -8.84, -11.5],
						"1.0833": [7.88, -8.84, -11.5],
						"1.125": [7.88, -8.84, -11.5],
						"1.1667": [7.88, -8.84, -11.5],
						"1.2083": [7.88, -8.84, -11.5],
						"1.25": [7.88, -8.84, -11.5],
						"1.2917": [7.88, -8.84, -11.5],
						"1.3333": [7.88, -8.84, -11.5],
						"1.375": [7.88, -8.84, -11.5],
						"1.4167": [7.88, -8.84, -11.5],
						"1.4583": [7.88, -8.84, -11.5],
						"1.5": [7.88, -8.84, -11.5],
						"1.5417": [7.88, -8.84, -11.5],
						"1.5833": [7.88, -8.84, -11.5],
						"1.625": [7.88, -8.84, -11.5],
						"1.6667": [7.88, -8.84, -11.5],
						"1.7083": [7.88, -8.84, -11.5],
						"1.75": [7.88, -8.84, -11.5],
						"1.7917": [7.88, -8.84, -11.5],
						"1.8333": [7.88, -8.84, -11.5],
						"1.875": [7.88, -8.84, -11.5],
						"1.9167": [7.88, -8.84, -11.5],
						"1.9583": [7.88, -8.61, -11.5],
						"2.0": [7.89, -8.28, -11.48],
						"2.0417": [7.9, -7.87, -11.47],
						"2.0833": [7.91, -7.44, -11.46],
						"2.125": [7.92, -7.03, -11.45],
						"2.1667": [7.92, -6.69, -11.45],
						"2.2083": [7.91, -6.45, -11.47],
						"2.25": [7.88, -6.37, -11.5],
						"2.2917": [7.82, -6.55, -11.59],
						"2.3333": [7.72, -6.98, -11.71],
						"2.375": [7.61, -7.54, -11.86],
						"2.4167": [7.51, -8.15, -12.01],
						"2.4583": [7.41, -8.68, -12.13],
						"2.5": [7.35, -9.03, -12.22],
						"2.5417": [7.32, -9.18, -12.26],
						"2.5833": [7.31, -9.22, -12.27],
						"2.625": [7.32, -9.19, -12.26],
						"2.6667": [7.33, -9.12, -12.25],
						"2.7083": [7.34, -9.06, -12.23],
						"2.75": [7.35, -9.03, -12.22],
						"2.7917": [7.35, -9.07, -12.2],
						"2.8333": [7.35, -9.16, -12.17],
						"2.875": [7.35, -9.23, -12.15],
						"2.9167": [7.35, -9.21, -12.16],
						"2.9583": [7.35, -9.03, -12.22],
						"3.0": [7.35, -8.74, -12.31],
						"3.0417": [7.35, -8.33, -12.45],
						"3.0833": [7.35, -7.85, -12.6],
						"3.125": [7.35, -7.34, -12.77],
						"3.1667": [7.35, -6.85, -12.93],
						"3.2083": [7.35, -6.44, -13.06],
						"3.25": [7.35, -6.15, -13.16],
						"3.2917": [7.34, -5.96, -13.23],
						"3.3333": [7.33, -5.84, -13.29],
						"3.375": [7.32, -5.81, -13.32],
						"3.4167": [7.31, -5.85, -13.32],
						"3.4583": [7.32, -5.97, -13.26],
						"3.5": [7.35, -6.15, -13.16],
						"3.5417": [7.4, -6.42, -12.99],
						"3.5833": [7.48, -6.81, -12.76],
						"3.625": [7.57, -7.26, -12.48],
						"3.6667": [7.66, -7.74, -12.18],
						"3.7083": [7.75, -8.19, -11.9],
						"3.75": [7.82, -8.58, -11.66],
						"3.7917": [7.88, -8.84, -11.5]
					}
				},
				"righthand": {
					"rotation": [84.95111, -7.96936, 0.70178],
					"position": [-5.375, -8.84375, -2.40625]
				},
				"root": {
					"rotation": {
						"0.0": [0, 0, 0],
						"0.0417": [-0.81, -6.19, -1.22],
						"0.0833": [-1.97, -15.1, -2.98],
						"0.125": [-3.35, -25.66, -5.07],
						"0.1667": [-4.79, -36.76, -7.26],
						"0.2083": [-6.17, -47.31, -9.34],
						"0.25": [-7.33, -56.23, -11.1],
						"0.2917": [-8.14, -62.42, -12.32],
						"0.3333": [-8.53, -65.4, -12.91],
						"0.375": [-8.71, -66.8, -13.19],
						"0.4167": [-8.73, -66.99, -13.23],
						"0.4583": [-8.65, -66.32, -13.09],
						"0.5": [-8.5, -65.16, -12.87],
						"0.5417": [-8.33, -63.88, -12.61],
						"0.5833": [-8.19, -62.84, -12.41],
						"0.625": [-8.14, -62.42, -12.32],
						"0.6667": [-8.14, -62.42, -12.32],
						"0.7083": [-8.14, -62.42, -12.32],
						"0.75": [-8.14, -62.42, -12.32],
						"0.7917": [-8.14, -62.42, -12.32],
						"0.8333": [-8.14, -62.42, -12.32],
						"0.875": [-8.14, -62.42, -12.32],
						"0.9167": [-8.14, -62.42, -12.32],
						"0.9583": [-8.14, -62.42, -12.32],
						"1.0": [-8.14, -62.42, -12.32],
						"1.0417": [-8.14, -62.42, -12.32],
						"1.0833": [-8.14, -62.42, -12.32],
						"1.125": [-8.14, -62.42, -12.32],
						"1.1667": [-8.14, -62.42, -12.32],
						"1.2083": [-8.04, -62.81, -12.39],
						"1.25": [-7.79, -63.75, -12.55],
						"1.2917": [-7.48, -64.92, -12.74],
						"1.3333": [-7.2, -65.98, -12.92],
						"1.375": [-7.04, -66.59, -13.02],
						"1.4167": [-7.08, -66.42, -12.99],
						"1.4583": [-7.42, -65.14, -12.78],
						"1.5": [-8.14, -62.42, -12.32],
						"1.5417": [-9.1, -58.77, -11.71],
						"1.5833": [-10.42, -53.75, -10.87],
						"1.625": [-12.02, -47.7, -9.86],
						"1.6667": [-13.79, -40.98, -8.73],
						"1.7083": [-15.66, -33.91, -7.55],
						"1.75": [-17.52, -26.84, -6.37],
						"1.7917": [-19.3, -20.11, -5.24],
						"1.8333": [-20.89, -14.06, -4.23],
						"1.875": [-22.22, -9.05, -3.39],
						"1.9167": [-23.18, -5.4, -2.78],
						"1.9583": [-23.4, -4.56, -2.64],
						"2.0": [-23.59, -3.83, -2.52],
						"2.0417": [-23.76, -3.2, -2.41],
						"2.0833": [-23.9, -2.67, -2.32],
						"2.125": [-24.02, -2.23, -2.25],
						"2.1667": [-24.11, -1.87, -2.19],
						"2.2083": [-24.18, -1.59, -2.14],
						"2.25": [-24.24, -1.39, -2.11],
						"2.2917": [-24.27, -1.25, -2.08],
						"2.3333": [-24.29, -1.19, -2.07],
						"2.375": [-24.29, -1.18, -2.07],
						"2.4167": [-24.28, -1.22, -2.08],
						"2.4583": [-24.26, -1.31, -2.1],
						"2.5": [-24.22, -1.45, -2.12],
						"2.5417": [-24.17, -1.63, -2.15],
						"2.5833": [-24.12, -1.83, -2.18],
						"2.625": [-24.06, -2.07, -2.22],
						"2.6667": [-23.99, -2.33, -2.27],
						"2.7083": [-23.92, -2.6, -2.31],
						"2.75": [-23.84, -2.89, -2.36],
						"2.7917": [-23.76, -3.19, -2.41],
						"2.8333": [-23.68, -3.48, -2.46],
						"2.875": [-23.61, -3.78, -2.51],
						"2.9167": [-23.53, -4.06, -2.56],
						"2.9583": [-23.46, -4.33, -2.6],
						"3.0": [-23.39, -4.59, -2.64],
						"3.0417": [-23.33, -4.81, -2.68],
						"3.0833": [-23.28, -5.01, -2.71],
						"3.125": [-23.24, -5.17, -2.74],
						"3.1667": [-23.21, -5.3, -2.76],
						"3.2083": [-23.19, -5.37, -2.78],
						"3.25": [-23.18, -5.4, -2.78],
						"3.2917": [-23.45, -5.46, -2.81],
						"3.3333": [-24.04, -5.6, -2.88],
						"3.375": [-24.63, -5.74, -2.95],
						"3.4167": [-24.9, -5.8, -2.99],
						"3.4583": [-24.52, -5.71, -2.94],
						"3.5": [-23.18, -5.4, -2.78],
						"3.5417": [-20.88, -4.86, -2.5],
						"3.5833": [-17.57, -4.09, -2.11],
						"3.625": [-13.65, -3.18, -1.64],
						"3.6667": [-9.53, -2.22, -1.14],
						"3.7083": [-5.61, -1.31, -0.67],
						"3.75": [-2.3, -0.54, -0.28],
						"3.7917": [0, 0, 0]
					},
					"position": {
						"0.0": [0, 0, 0],
						"0.0417": [0.29, 0, 0.08],
						"0.0833": [0.7, 0, 0.2],
						"0.125": [1.19, 0, 0.33],
						"0.1667": [1.71, 0, 0.48],
						"0.2083": [2.2, 0, 0.62],
						"0.25": [2.62, 0, 0.73],
						"0.2917": [2.91, 0, 0.81],
						"0.3333": [3.05, 0, 0.85],
						"0.375": [3.11, 0, 0.87],
						"0.4167": [3.12, 0, 0.87],
						"0.4583": [3.09, 0, 0.86],
						"0.5": [3.03, 0, 0.85],
						"0.5417": [2.97, 0, 0.83],
						"0.5833": [2.93, 0, 0.82],
						"0.625": [2.91, 0, 0.81],
						"0.6667": [2.91, 0, 0.81],
						"0.7083": [2.91, 0, 0.81],
						"0.75": [2.91, 0, 0.81],
						"0.7917": [2.91, 0, 0.81],
						"0.8333": [2.91, 0, 0.81],
						"0.875": [2.91, 0, 0.81],
						"0.9167": [2.91, 0, 0.81],
						"0.9583": [2.91, 0, 0.81],
						"1.0": [2.91, 0, 0.81],
						"1.0417": [2.91, 0, 0.81],
						"1.0833": [2.91, 0, 0.81],
						"1.125": [2.91, 0, 0.81],
						"1.1667": [2.91, 0, 0.81],
						"1.2083": [2.93, 0.01, 0.81],
						"1.25": [2.97, 0.02, 0.81],
						"1.2917": [3.03, 0.04, 0.81],
						"1.3333": [3.08, 0.05, 0.81],
						"1.375": [3.11, 0.06, 0.81],
						"1.4167": [3.1, 0.06, 0.81],
						"1.4583": [3.04, 0.04, 0.81],
						"1.5": [2.91, 0, 0.81],
						"1.5417": [2.73, -0.05, 0.81],
						"1.5833": [2.48, -0.12, 0.81],
						"1.625": [2.18, -0.21, 0.81],
						"1.6667": [1.85, -0.31, 0.81],
						"1.7083": [1.5, -0.41, 0.81],
						"1.75": [1.15, -0.51, 0.81],
						"1.7917": [0.82, -0.6, 0.81],
						"1.8333": [0.52, -0.69, 0.81],
						"1.875": [0.28, -0.76, 0.81],
						"1.9167": [0.1, -0.81, 0.81],
						"1.9583": [0.06, -0.82, 0.81],
						"2.0": [0.02, -0.83, 0.81],
						"2.0417": [-0.01, -0.84, 0.81],
						"2.0833": [-0.04, -0.85, 0.81],
						"2.125": [-0.06, -0.86, 0.81],
						"2.1667": [-0.08, -0.86, 0.81],
						"2.2083": [-0.09, -0.87, 0.81],
						"2.25": [-0.1, -0.87, 0.81],
						"2.2917": [-0.11, -0.87, 0.81],
						"2.3333": [-0.11, -0.87, 0.81],
						"2.375": [-0.11, -0.87, 0.81],
						"2.4167": [-0.11, -0.87, 0.81],
						"2.4583": [-0.1, -0.87, 0.81],
						"2.5": [-0.1, -0.87, 0.81],
						"2.5417": [-0.09, -0.87, 0.81],
						"2.5833": [-0.08, -0.86, 0.81],
						"2.625": [-0.07, -0.86, 0.81],
						"2.6667": [-0.05, -0.85, 0.81],
						"2.7083": [-0.04, -0.85, 0.81],
						"2.75": [-0.02, -0.85, 0.81],
						"2.7917": [-0.01, -0.84, 0.81],
						"2.8333": [0.01, -0.84, 0.81],
						"2.875": [0.02, -0.83, 0.81],
						"2.9167": [0.03, -0.83, 0.81],
						"2.9583": [0.05, -0.83, 0.81],
						"3.0": [0.06, -0.82, 0.81],
						"3.0417": [0.07, -0.82, 0.81],
						"3.0833": [0.08, -0.82, 0.81],
						"3.125": [0.09, -0.81, 0.81],
						"3.1667": [0.09, -0.81, 0.81],
						"3.2083": [0.1, -0.81, 0.81],
						"3.25": [0.1, -0.81, 0.81],
						"3.2917": [0.1, -0.82, 0.82],
						"3.3333": [0.1, -0.84, 0.84],
						"3.375": [0.11, -0.86, 0.86],
						"3.4167": [0.11, -0.87, 0.87],
						"3.4583": [0.11, -0.86, 0.86],
						"3.5": [0.1, -0.81, 0.81],
						"3.5417": [0.09, -0.73, 0.73],
						"3.5833": [0.08, -0.61, 0.61],
						"3.625": [0.06, -0.48, 0.48],
						"3.6667": [0.04, -0.33, 0.33],
						"3.7083": [0.02, -0.2, 0.2],
						"3.75": [0.01, -0.08, 0.08],
						"3.7917": [0, 0, 0]
					}
				},
				"action": {
					"rotation": {
						"1.9167": [0, 0, 0],
						"1.9583": [-0.33, 0, 0],
						"2.0": [-1.12, 0, 0],
						"2.0417": [-2.11, 0, 0],
						"2.0833": [-3, 0, 0],
						"2.125": [-3.52, 0, 0],
						"2.1667": [-3.38, 0, 0],
						"2.2083": [-2.3, 0, 0],
						"2.25": [0, 0, 0],
						"2.2917": [5.65, 0, 0],
						"2.3333": [13.81, 0, 0],
						"2.375": [23.3, 0, 0],
						"2.4167": [32.95, 0, 0],
						"2.4583": [41.57, 0, 0],
						"2.5": [48, 0, 0],
						"2.5417": [52.26, 0, 0],
						"2.5833": [55.3, 0, 0],
						"2.625": [57.31, 0, 0],
						"2.6667": [58.5, 0, 0],
						"2.7083": [59.07, 0, 0],
						"2.75": [59.22, 0, 0],
						"2.7917": [59, 0, 0],
						"2.8333": [58.11, 0, 0],
						"2.875": [56.21, 0, 0],
						"2.9167": [52.96, 0, 0],
						"2.9583": [48, 0, 0],
						"3.0": [42.65, 0, 0],
						"3.0417": [35.57, 0, 0],
						"3.0833": [27.48, 0, 0],
						"3.125": [19.14, 0, 0],
						"3.1667": [11.29, 0, 0],
						"3.2083": [4.66, 0, 0],
						"3.25": [0, 0, 0],
						"3.2917": [-2.78, 0, 0],
						"3.3333": [-3.56, 0, 0],
						"3.375": [-3, 0, 0],
						"3.4167": [-1.78, 0, 0],
						"3.4583": [-0.56, 0, 0],
						"3.5": [0, 0, 0]
					},
					"position": {
						"1.9167": [0, 0, 0],
						"1.9583": [0, 0, 0],
						"2.0": [0, 0, 0],
						"2.0417": [0, 0, 0],
						"2.0833": [0, 0, 0],
						"2.125": [0, 0, 0],
						"2.1667": [0, 0, 0],
						"2.2083": [0, 0, 0],
						"2.25": [0, 0, 0],
						"2.2917": [0, 0, 0],
						"2.3333": [0, 0, 0],
						"2.375": [0, 0, 0],
						"2.4167": [0, 0, 0],
						"2.4583": [0, 0, 0],
						"2.5": [0, 0, 0],
						"2.5417": [0, 0, 0],
						"2.5833": [0, 0, 0],
						"2.625": [0, 0, 0],
						"2.6667": [0, 0, 0],
						"2.7083": [0, 0, 0],
						"2.75": [0, 0, 0],
						"2.7917": [0, 0, 0],
						"2.8333": [0, 0, 0],
						"2.875": [0, 0, 0],
						"2.9167": [0, 0, 0],
						"2.9583": [0, 0, 0],
						"3.0": [0, 0, 0],
						"3.0417": [0, 0, 0],
						"3.0833": [0, 0, 0],
						"3.125": [0, 0, 0],
						"3.1667": [0, 0, 0],
						"3.2083": [0, 0, 0],
						"3.25": [0, 0, 0],
						"3.2917": [0, 0, 0],
						"3.3333": [0, 0, 0],
						"3.375": [0, 0, 0],
						"3.4167": [0, 0, 0],
						"3.4583": [0, 0, 0],
						"3.5": [0, 0, 0]
					}
				},
				"camera": {
					"rotation": {
						"0.0": [0, 0, 0],
						"0.0417": [-0.43, -1.14, 0],
						"0.0833": [-0.86, -2.29, 0],
						"0.125": [-1.29, -3.43, 0],
						"0.1667": [-1.71, -4.57, 0],
						"0.2083": [-2.14, -5.71, 0],
						"0.25": [-2.57, -6.86, 0],
						"0.2917": [-3, -8, 0],
						"0.3333": [-2.77, -7.38, 0],
						"0.375": [-2.54, -6.77, 0],
						"0.4167": [-2.31, -6.15, 0],
						"0.4583": [-2.08, -5.54, 0],
						"0.5": [-1.85, -4.92, 0],
						"0.5417": [-1.62, -4.31, 0],
						"0.5833": [-1.38, -3.69, 0],
						"0.625": [-1.15, -3.08, 0],
						"0.6667": [-0.92, -2.46, 0],
						"0.7083": [-0.69, -1.85, 0],
						"0.75": [-0.46, -1.23, 0],
						"0.7917": [-0.23, -0.62, 0],
						"0.8333": [0, 0, 0],
						"0.875": [0.37, 1, 0],
						"0.9167": [0.75, 2, 0],
						"0.9583": [1.12, 3, 0],
						"1.0": [1.5, 4, 0],
						"1.0417": [1.87, 5, 0],
						"1.0833": [2.25, 6, 0],
						"1.125": [2.62, 7, 0],
						"1.1667": [3, 8, 0],
						"1.2083": [2.71, 7.56, 0],
						"1.25": [2.42, 7.11, 0],
						"1.2917": [2.13, 6.67, 0],
						"1.3333": [1.83, 6.22, 0],
						"1.375": [1.54, 5.77, 0],
						"1.4167": [1.25, 5.33, 0],
						"1.4583": [0.96, 4.88, 0],
						"1.5": [0.67, 4.44, 0],
						"1.5417": [0.6, 4, 0],
						"1.5833": [0.54, 3.55, 0],
						"1.625": [0.47, 3.11, 0],
						"1.6667": [0.4, 2.66, 0],
						"1.7083": [0.33, 2.22, 0],
						"1.75": [0.27, 1.78, 0],
						"1.7917": [0.2, 1.33, 0],
						"1.8333": [0.13, 0.89, 0],
						"1.875": [0.07, 0.44, 0],
						"1.9167": [0, 0, 0],
						"1.9583": [0.38, 0, 0],
						"2.0": [0.75, 0, 0],
						"2.0417": [1.13, 0, 0],
						"2.0833": [1.5, 0, 0],
						"2.125": [1.88, 0, 0],
						"2.1667": [2.25, 0, 0],
						"2.2083": [2.63, 0, 0],
						"2.25": [3, 0, 0],
						"2.2917": [3.14, 0, 0],
						"2.3333": [3.29, 0, 0],
						"2.375": [3.43, 0, 0],
						"2.4167": [3.57, 0, 0],
						"2.4583": [3.71, 0, 0],
						"2.5": [3.86, 0, 0],
						"2.5417": [4, 0, 0],
						"2.5833": [4.14, 0, 0],
						"2.625": [4.29, 0, 0],
						"2.6667": [4.43, 0, 0],
						"2.7083": [4.57, 0, 0],
						"2.75": [4.71, 0, 0],
						"2.7917": [4.86, 0, 0],
						"2.8333": [5, 0, 0],
						"2.875": [4.78, 0, 0],
						"2.9167": [4.57, 0, 0],
						"2.9583": [4.35, 0, 0],
						"3.0": [4.13, 0, 0],
						"3.0417": [3.91, 0, 0],
						"3.0833": [3.7, 0, 0],
						"3.125": [3.48, 0, 0],
						"3.1667": [3.26, 0, 0],
						"3.2083": [3.04, 0, 0],
						"3.25": [2.83, 0, 0],
						"3.2917": [2.61, 0, 0],
						"3.3333": [2.39, 0, 0],
						"3.375": [2.17, 0, 0],
						"3.4167": [1.96, 0, 0],
						"3.4583": [1.74, 0, 0],
						"3.5": [1.52, 0, 0],
						"3.5417": [1.3, 0, 0],
						"3.5833": [1.09, 0, 0],
						"3.625": [0.87, 0, 0],
						"3.6667": [0.65, 0, 0],
						"3.7083": [0.43, 0, 0],
						"3.75": [0.22, 0, 0],
						"3.7917": [0, 0, 0]
					},
					"position": {
						"0.0": [0, 0, 0],
						"0.0417": [0, 0, 0],
						"0.0833": [0, 0, 0],
						"0.125": [0, 0, 0],
						"0.1667": [0, 0, 0],
						"0.2083": [0, 0, 0],
						"0.25": [0, 0, 0],
						"0.2917": [0, 0, 0],
						"0.3333": [0, 0, 0],
						"0.375": [0, 0, 0],
						"0.4167": [0, 0, 0],
						"0.4583": [0, 0, 0],
						"0.5": [0, 0, 0],
						"0.5417": [0, 0, 0],
						"0.5833": [0, 0, 0],
						"0.625": [0, 0, 0],
						"0.6667": [0, 0, 0],
						"0.7083": [0, 0, 0],
						"0.75": [0, 0, 0],
						"0.7917": [0, 0, 0],
						"0.8333": [0, 0, 0],
						"0.875": [0, 0, 0],
						"0.9167": [0, 0, 0],
						"0.9583": [0, 0, 0],
						"1.0": [0, 0, 0],
						"1.0417": [0, 0, 0],
						"1.0833": [0, 0, 0],
						"1.125": [0, 0, 0],
						"1.1667": [0, 0, 0],
						"1.2083": [0, 0, 0],
						"1.25": [0, 0, 0],
						"1.2917": [0, 0, 0],
						"1.3333": [0, 0, 0],
						"1.375": [0, 0, 0],
						"1.4167": [0, 0, 0],
						"1.4583": [0, 0, 0],
						"1.5": [0, 0, 0],
						"1.5417": [0, 0, 0],
						"1.5833": [0, 0, 0],
						"1.625": [0, 0, 0],
						"1.6667": [0, 0, 0],
						"1.7083": [0, 0, 0],
						"1.75": [0, 0, 0],
						"1.7917": [0, 0, 0],
						"1.8333": [0, 0, 0],
						"1.875": [0, 0, 0],
						"1.9167": [0, 0, 0],
						"1.9583": [0, 0.02, 0],
						"2.0": [0, 0.05, 0],
						"2.0417": [0, 0.07, 0],
						"2.0833": [0, 0.09, 0],
						"2.125": [0, 0.12, 0],
						"2.1667": [0, 0.14, 0],
						"2.2083": [0, 0.16, 0],
						"2.25": [0, 0.19, 0],
						"2.2917": [0, 0.2, 0],
						"2.3333": [0, 0.22, 0],
						"2.375": [0, 0.23, 0],
						"2.4167": [0, 0.25, 0],
						"2.4583": [0, 0.27, 0],
						"2.5": [0, 0.28, 0],
						"2.5417": [0, 0.3, 0],
						"2.5833": [0, 0.31, 0],
						"2.625": [0, 0.33, 0],
						"2.6667": [0, 0.34, 0],
						"2.7083": [0, 0.36, 0],
						"2.75": [0, 0.37, 0],
						"2.7917": [0, 0.39, 0],
						"2.8333": [0, 0.41, 0],
						"2.875": [0, 0.39, 0],
						"2.9167": [0, 0.37, 0],
						"2.9583": [0, 0.35, 0],
						"3.0": [0, 0.34, 0],
						"3.0417": [0, 0.32, 0],
						"3.0833": [0, 0.3, 0],
						"3.125": [0, 0.28, 0],
						"3.1667": [0, 0.26, 0],
						"3.2083": [0, 0.25, 0],
						"3.25": [0, 0.23, 0],
						"3.2917": [0, 0.21, 0],
						"3.3333": [0, 0.19, 0],
						"3.375": [0, 0.18, 0],
						"3.4167": [0, 0.16, 0],
						"3.4583": [0, 0.14, 0],
						"3.5": [0, 0.12, 0],
						"3.5417": [0, 0.11, 0],
						"3.5833": [0, 0.09, 0],
						"3.625": [0, 0.07, 0],
						"3.6667": [0, 0.05, 0],
						"3.7083": [0, 0.04, 0],
						"3.75": [0, 0.02, 0],
						"3.7917": [0, 0, 0]
					}
				}
			},
			"sound_effects": {
				"2.375": {
					"effect": "coyotea_inspect"
				}
			}
		},
		"inspect_empty": {
			"animation_length": 2.7917,
			"bones": {
				"lefthand": {
					"rotation": {
						"0.0": [98.45, 17.25, 40.32],
						"0.0417": [98.27, 17.18, 40.06],
						"0.0833": [97.82, 17.01, 39.42],
						"0.125": [97.24, 16.79, 38.58],
						"0.1667": [96.65, 16.57, 37.75],
						"0.2083": [96.2, 16.39, 37.11],
						"0.25": [96.02, 16.32, 36.85],
						"0.2917": [96.25, 16.41, 37.17],
						"0.3333": [97.01, 16.7, 38.26],
						"0.375": [98.45, 17.25, 40.32],
						"0.4167": [101.45, 18.61, 44.75],
						"0.4583": [105.56, 20.69, 50.95],
						"0.5": [110.45, 23.14, 58.3],
						"0.5417": [115.79, 25.61, 66.2],
						"0.5833": [121.25, 27.77, 74.06],
						"0.625": [126.49, 29.26, 81.25],
						"0.6667": [131.2, 29.75, 87.17],
						"0.7083": [139.24, 27.62, 95.8],
						"0.75": [147.38, 23.1, 103.29],
						"0.7917": [154.39, 18.33, 108.84],
						"0.8333": [159.01, 15.46, 111.6],
						"0.875": [159.9, 15.17, 111.59],
						"0.9167": [160.22, 15.24, 110.79],
						"0.9583": [160.09, 15.59, 109.36],
						"1.0": [159.6, 16.15, 107.48],
						"1.0417": [158.88, 16.85, 105.3],
						"1.0833": [158.01, 17.62, 103.01],
						"1.125": [157.11, 18.39, 100.76],
						"1.1667": [156.28, 19.1, 98.72],
						"1.2083": [155.63, 19.66, 97.07],
						"1.25": [155.27, 20.02, 95.96],
						"1.2917": [155.17, 20.14, 95.55],
						"1.3333": [155.08, 20.25, 95.18],
						"1.375": [155.01, 20.34, 94.87],
						"1.4167": [154.94, 20.41, 94.6],
						"1.4583": [154.89, 20.48, 94.39],
						"1.5": [154.85, 20.53, 94.22],
						"1.5417": [154.82, 20.56, 94.1],
						"1.5833": [154.8, 20.58, 94.02],
						"1.625": [154.8, 20.59, 94],
						"1.6667": [154.8, 20.58, 94.02],
						"1.7083": [154.82, 20.56, 94.1],
						"1.75": [154.85, 20.53, 94.22],
						"1.7917": [154.89, 20.48, 94.39],
						"1.8333": [154.94, 20.41, 94.6],
						"1.875": [155.01, 20.34, 94.87],
						"1.9167": [155.08, 20.25, 95.18],
						"1.9583": [155.17, 20.14, 95.55],
						"2.0": [155.27, 20.02, 95.96],
						"2.0417": [155.71, 19.75, 97.12],
						"2.0833": [156.59, 19.38, 99.02],
						"2.125": [157.76, 18.93, 101.44],
						"2.1667": [159.06, 18.43, 104.15],
						"2.2083": [160.34, 17.9, 106.91],
						"2.25": [161.44, 17.36, 109.49],
						"2.2917": [162.23, 16.84, 111.65],
						"2.3333": [162.53, 16.37, 113.18],
						"2.375": [162.19, 15.96, 113.83],
						"2.4167": [161.07, 15.65, 113.38],
						"2.4583": [159.01, 15.46, 111.6],
						"2.5": [153.2, 15.4, 105.35],
						"2.5417": [144.63, 15.56, 95.49],
						"2.5833": [134.38, 15.88, 83.39],
						"2.625": [123.54, 16.28, 70.44],
						"2.6667": [113.21, 16.69, 58.02],
						"2.7083": [104.48, 17.03, 47.52],
						"2.75": [98.45, 17.25, 40.32]
					},
					"position": {
						"0.0": [7.88, -8.84, -11.5],
						"0.0417": [7.87, -8.84, -11.52],
						"0.0833": [7.87, -8.84, -11.56],
						"0.125": [7.86, -8.83, -11.62],
						"0.1667": [7.85, -8.82, -11.67],
						"0.2083": [7.84, -8.82, -11.71],
						"0.25": [7.84, -8.82, -11.73],
						"0.2917": [7.84, -8.82, -11.71],
						"0.3333": [7.85, -8.83, -11.64],
						"0.375": [7.88, -8.84, -11.5],
						"0.4167": [7.95, -8.87, -11.2],
						"0.4583": [8.05, -8.91, -10.78],
						"0.5": [8.17, -8.95, -10.29],
						"0.5417": [8.29, -9, -9.75],
						"0.5833": [8.38, -9.06, -9.23],
						"0.625": [8.44, -9.11, -8.76],
						"0.6667": [8.44, -9.15, -8.37],
						"0.7083": [8.29, -9.2, -7.88],
						"0.75": [8.01, -9.24, -7.51],
						"0.7917": [7.67, -9.3, -7.23],
						"0.8333": [7.38, -9.43, -7.03],
						"0.875": [7.2, -9.58, -6.92],
						"0.9167": [7.03, -9.77, -6.83],
						"0.9583": [6.85, -9.98, -6.77],
						"1.0": [6.69, -10.2, -6.78],
						"1.0417": [6.54, -10.43, -6.86],
						"1.0833": [6.41, -10.65, -7.03],
						"1.125": [6.17, -10.99, -7.62],
						"1.1667": [5.92, -11.34, -8.49],
						"1.2083": [5.81, -11.67, -9.32],
						"1.25": [6, -11.93, -9.75],
						"1.2917": [6.42, -12.05, -9.7],
						"1.3333": [7.06, -12.15, -9.45],
						"1.375": [7.8, -12.21, -9.08],
						"1.4167": [8.56, -12.26, -8.66],
						"1.4583": [9.21, -12.3, -8.3],
						"1.5": [9.66, -12.34, -8.06],
						"1.5417": [9.79, -12.36, -8.01],
						"1.5833": [9.89, -12.39, -7.98],
						"1.625": [9.97, -12.43, -7.97],
						"1.6667": [10.01, -12.47, -7.98],
						"1.7083": [10.03, -12.51, -8],
						"1.75": [10.03, -12.54, -8.02],
						"1.7917": [10, -12.56, -8.05],
						"1.8333": [9.96, -12.57, -8.08],
						"1.875": [9.9, -12.55, -8.1],
						"1.9167": [9.83, -12.51, -8.1],
						"1.9583": [9.75, -12.44, -8.09],
						"2.0": [9.66, -12.34, -8.06],
						"2.0417": [9.52, -12.17, -7.99],
						"2.0833": [9.34, -11.95, -7.86],
						"2.125": [9.12, -11.69, -7.71],
						"2.1667": [8.88, -11.4, -7.53],
						"2.2083": [8.62, -11.08, -7.35],
						"2.25": [8.35, -10.76, -7.18],
						"2.2917": [8.1, -10.44, -7.04],
						"2.3333": [7.86, -10.13, -6.94],
						"2.375": [7.65, -9.86, -6.89],
						"2.4167": [7.49, -9.62, -6.92],
						"2.4583": [7.38, -9.43, -7.03],
						"2.5": [7.31, -9.22, -7.42],
						"2.5417": [7.33, -9.08, -8.03],
						"2.5833": [7.42, -8.99, -8.79],
						"2.625": [7.55, -8.93, -9.61],
						"2.6667": [7.69, -8.9, -10.39],
						"2.7083": [7.81, -8.88, -11.05],
						"2.75": [7.88, -8.84, -11.5]
					}
				},
				"righthand": {
					"rotation": [84.95111, -7.96936, 0.70178],
					"position": [-5.375, -8.84375, -2.40625]
				},
				"charginghandle": {
					"position": [0, 0, 1.5]
				},
				"root": {
					"rotation": {
						"0.0": [0, 0, 0],
						"0.0417": [-0.23, -2.13, -2.02],
						"0.0833": [-0.55, -5.1, -4.83],
						"0.125": [-0.93, -8.67, -8.22],
						"0.1667": [-1.35, -12.6, -11.95],
						"0.2083": [-1.79, -16.65, -15.8],
						"0.25": [-2.21, -20.58, -19.53],
						"0.2917": [-2.59, -24.15, -22.92],
						"0.3333": [-2.91, -27.12, -25.73],
						"0.375": [-3.14, -29.25, -27.75],
						"0.4167": [-3.21, -30.01, -28.49],
						"0.4583": [-3.24, -30.59, -29.07],
						"0.5": [-3.23, -31.01, -29.51],
						"0.5417": [-3.19, -31.28, -29.83],
						"0.5833": [-3.13, -31.43, -30.02],
						"0.625": [-3.06, -31.45, -30.12],
						"0.6667": [-2.98, -31.39, -30.12],
						"0.7083": [-2.89, -31.24, -30.04],
						"0.75": [-2.81, -31.04, -29.9],
						"0.7917": [-2.74, -30.79, -29.7],
						"0.8333": [-2.69, -30.51, -29.45],
						"0.875": [-2.67, -30.22, -29.17],
						"0.9167": [-2.67, -29.94, -28.88],
						"0.9583": [-2.71, -29.69, -28.58],
						"1.0": [-2.8, -29.48, -28.28],
						"1.0417": [-2.94, -29.33, -28],
						"1.0833": [-3.14, -29.25, -27.75],
						"1.125": [-4.72, -29.03, -26.15],
						"1.1667": [-7.04, -28.7, -23.81],
						"1.2083": [-9.35, -28.37, -21.47],
						"1.25": [-10.93, -28.15, -19.87],
						"1.2917": [-11.12, -28.12, -19.67],
						"1.3333": [-11.27, -28.1, -19.52],
						"1.375": [-11.38, -28.09, -19.41],
						"1.4167": [-11.45, -28.07, -19.34],
						"1.4583": [-11.49, -28.07, -19.3],
						"1.5": [-11.51, -28.07, -19.28],
						"1.5417": [-11.5, -28.07, -19.29],
						"1.5833": [-11.46, -28.07, -19.33],
						"1.625": [-11.42, -28.08, -19.37],
						"1.6667": [-11.36, -28.09, -19.43],
						"1.7083": [-11.29, -28.1, -19.5],
						"1.75": [-11.22, -28.11, -19.58],
						"1.7917": [-11.15, -28.12, -19.65],
						"1.8333": [-11.08, -28.13, -19.72],
						"1.875": [-11.02, -28.14, -19.78],
						"1.9167": [-10.97, -28.14, -19.82],
						"1.9583": [-10.94, -28.15, -19.86],
						"2.0": [-10.93, -28.15, -19.87],
						"2.0417": [-10.97, -28.25, -19.94],
						"2.0833": [-11.08, -28.53, -20.14],
						"2.125": [-11.23, -28.91, -20.41],
						"2.1667": [-11.39, -29.33, -20.7],
						"2.2083": [-11.55, -29.74, -20.99],
						"2.25": [-11.67, -30.05, -21.21],
						"2.2917": [-11.73, -30.22, -21.33],
						"2.3333": [-11.72, -30.18, -21.3],
						"2.375": [-11.6, -29.86, -21.08],
						"2.4167": [-11.34, -29.21, -20.62],
						"2.4583": [-10.93, -28.15, -19.87],
						"2.5": [-10.01, -25.79, -18.2],
						"2.5417": [-8.71, -22.43, -15.83],
						"2.5833": [-7.15, -18.42, -13],
						"2.625": [-5.46, -14.08, -9.94],
						"2.6667": [-3.78, -9.73, -6.87],
						"2.7083": [-2.22, -5.72, -4.04],
						"2.75": [-0.92, -2.36, -1.67],
						"2.7917": [0, 0, 0]
					},
					"position": {
						"0.0": [0, 0, 0],
						"0.0417": [0, 0, 0],
						"0.0833": [0, 0, 0],
						"0.125": [0, 0, 0],
						"0.1667": [0, 0, 0],
						"0.2083": [0, 0, 0],
						"0.25": [0, 0, 0],
						"0.2917": [0, 0, 0],
						"0.3333": [0, 0, 0],
						"0.375": [0, 0, 0],
						"0.4167": [0, 0, 0],
						"0.4583": [0, 0, 0],
						"0.5": [0, 0, 0],
						"0.5417": [0, 0, 0],
						"0.5833": [0, 0, 0],
						"0.625": [0, 0, 0],
						"0.6667": [0, 0, 0],
						"0.7083": [0, 0, 0],
						"0.75": [0, 0, 0],
						"0.7917": [0, 0, 0],
						"0.8333": [0, 0, 0],
						"0.875": [0, 0, 0],
						"0.9167": [0, 0, 0],
						"0.9583": [0, 0, 0],
						"1.0": [0, 0, 0],
						"1.0417": [0, 0, 0],
						"1.0833": [0, 0, 0],
						"1.125": [0, 0, 0],
						"1.1667": [0, 0, 0],
						"1.2083": [0, 0, 0],
						"1.25": [0, 0, 0],
						"1.2917": [0, 0, 0],
						"1.3333": [0, 0, 0],
						"1.375": [0, 0, 0],
						"1.4167": [0, 0, 0],
						"1.4583": [0, 0, 0],
						"1.5": [0, 0, 0],
						"1.5417": [0, 0, 0],
						"1.5833": [0, 0, 0],
						"1.625": [0, 0, 0],
						"1.6667": [0, 0, 0],
						"1.7083": [0, 0, 0],
						"1.75": [0, 0, 0],
						"1.7917": [0, 0, 0],
						"1.8333": [0, 0, 0],
						"1.875": [0, 0, 0],
						"1.9167": [0, 0, 0],
						"1.9583": [0, 0, 0],
						"2.0": [0, 0, 0],
						"2.0417": [0, 0, 0],
						"2.0833": [0, 0, 0],
						"2.125": [0, 0, 0],
						"2.1667": [0, 0, 0],
						"2.2083": [0, 0, 0],
						"2.25": [0, 0, 0],
						"2.2917": [0, 0, 0],
						"2.3333": [0, 0, 0],
						"2.375": [0, 0, 0],
						"2.4167": [0, 0, 0],
						"2.4583": [0, 0, 0],
						"2.5": [0, 0, 0],
						"2.5417": [0, 0, 0],
						"2.5833": [0, 0, 0],
						"2.625": [0, 0, 0],
						"2.6667": [0, 0, 0],
						"2.7083": [0, 0, 0],
						"2.75": [0, 0, 0],
						"2.7917": [0, 0, 0]
					}
				},
				"magazine": {
					"rotation": {
						"1.0": [0, 0, 0],
						"1.0417": [0.16, 0, 0],
						"1.0833": [0.52, 0, 0],
						"1.125": [0.88, 0, 0],
						"1.1667": [1.04, 0, 0],
						"1.2083": [0.81, 0, 0],
						"1.25": [0, 0, 0],
						"1.2917": [-1.47, -0.03, -0.1],
						"1.3333": [-3.45, -0.08, -0.32],
						"1.375": [-5.82, -0.14, -0.55],
						"1.4167": [-8.46, -0.16, -0.65],
						"1.4583": [-11.22, -0.13, -0.51],
						"1.5": [-14, 0, 0],
						"1.5417": [-15.52, 0.12, 0.47],
						"1.5833": [-17.3, 0.28, 1.11],
						"1.625": [-19.26, 0.47, 1.89],
						"1.6667": [-21.33, 0.69, 2.78],
						"1.7083": [-23.43, 0.92, 3.72],
						"1.75": [-25.49, 1.16, 4.69],
						"1.7917": [-27.43, 1.4, 5.63],
						"1.8333": [-29.19, 1.62, 6.53],
						"1.875": [-30.68, 1.82, 7.32],
						"1.9167": [-31.84, 1.98, 7.98],
						"1.9583": [-32.58, 2.1, 8.47],
						"2.0": [-32.83, 2.17, 8.74],
						"2.0417": [-32.04, 2.16, 8.72],
						"2.0833": [-29.97, 2.05, 8.25],
						"2.125": [-27, 1.85, 7.44],
						"2.1667": [-23.5, 1.6, 6.45],
						"2.2083": [-19.86, 1.34, 5.39],
						"2.25": [-16.46, 1.09, 4.41],
						"2.2917": [-13.68, 0.9, 3.64],
						"2.3333": [-10.37, 0.68, 2.76],
						"2.375": [-7.16, 0.47, 1.9],
						"2.4167": [-4.22, 0.28, 1.12],
						"2.4583": [-1.77, 0.12, 0.47],
						"2.5": [0, 0, 0]
					},
					"position": {
						"1.0": [0, 0, 0],
						"1.0417": [-0.04, -0.38, -0.33],
						"1.0833": [-0.14, -0.92, -0.84],
						"1.125": [-0.24, -1.55, -1.41],
						"1.1667": [-0.29, -2.19, -1.96],
						"1.2083": [-0.22, -2.75, -2.39],
						"1.25": [0, -3.16, -2.59],
						"1.2917": [0.46, -3.39, -2.52],
						"1.3333": [1.14, -3.5, -2.25],
						"1.375": [1.92, -3.54, -1.85],
						"1.4167": [2.7, -3.54, -1.41],
						"1.4583": [3.39, -3.54, -1.02],
						"1.5": [3.88, -3.56, -0.75],
						"1.5417": [4.04, -3.58, -0.67],
						"1.5833": [4.17, -3.62, -0.62],
						"1.625": [4.28, -3.66, -0.58],
						"1.6667": [4.37, -3.69, -0.55],
						"1.7083": [4.43, -3.73, -0.53],
						"1.75": [4.47, -3.76, -0.53],
						"1.7917": [4.48, -3.79, -0.53],
						"1.8333": [4.47, -3.8, -0.53],
						"1.875": [4.44, -3.81, -0.53],
						"1.9167": [4.39, -3.79, -0.53],
						"1.9583": [4.32, -3.77, -0.52],
						"2.0": [4.22, -3.72, -0.5],
						"2.0417": [3.97, -3.58, -0.46],
						"2.0833": [3.6, -3.38, -0.42],
						"2.125": [3.15, -3.13, -0.37],
						"2.1667": [2.66, -2.87, -0.33],
						"2.2083": [2.18, -2.6, -0.28],
						"2.25": [1.74, -2.34, -0.24],
						"2.2917": [1.39, -2.11, -0.21],
						"2.3333": [0.78, -1.65, -0.15],
						"2.375": [0.34, -1.23, -0.11],
						"2.4167": [0.05, -0.85, -0.08],
						"2.4583": [-0.06, -0.35, -0.03],
						"2.5": [0, 0, 0]
					}
				},
				"camera": {
					"rotation": {
						"0.0": [0, 0, 0],
						"0.0417": [0.15, 0.2, 0],
						"0.0833": [0.3, 0.4, 0],
						"0.125": [0.45, 0.6, 0],
						"0.1667": [0.6, 0.8, 0],
						"0.2083": [0.75, 1, 0],
						"0.25": [0.9, 1.2, 0],
						"0.2917": [1.05, 1.4, 0],
						"0.3333": [1.2, 1.6, 0],
						"0.375": [1.35, 1.8, 0],
						"0.4167": [1.5, 2, 0],
						"0.4583": [1.65, 2.2, 0],
						"0.5": [1.8, 2.4, 0],
						"0.5417": [1.95, 2.6, 0],
						"0.5833": [2.1, 2.8, 0],
						"0.625": [2.25, 3, 0],
						"0.6667": [2.4, 3.2, 0],
						"0.7083": [2.55, 3.4, 0],
						"0.75": [2.7, 3.6, 0],
						"0.7917": [2.85, 3.8, 0],
						"0.8333": [3, 4, 0],
						"0.875": [3.07, 3.57, 0],
						"0.9167": [3.14, 3.14, 0],
						"0.9583": [3.21, 2.71, 0],
						"1.0": [3.29, 2.29, 0],
						"1.0417": [3.36, 1.86, 0],
						"1.0833": [3.43, 1.43, 0],
						"1.125": [3.5, 1, 0],
						"1.1667": [3.57, 0.57, 0],
						"1.2083": [3.64, 0.14, 0],
						"1.25": [3.71, -0.29, 0],
						"1.2917": [3.79, -0.71, 0],
						"1.3333": [3.86, -1.14, 0],
						"1.375": [3.93, -1.57, 0],
						"1.4167": [4, -2, 0],
						"1.4583": [3.84, -1.92, 0],
						"1.5": [3.68, -1.84, 0],
						"1.5417": [3.52, -1.76, 0],
						"1.5833": [3.36, -1.68, 0],
						"1.625": [3.2, -1.6, 0],
						"1.6667": [3.04, -1.52, 0],
						"1.7083": [2.88, -1.44, 0],
						"1.75": [2.72, -1.36, 0],
						"1.7917": [2.56, -1.28, 0],
						"1.8333": [2.4, -1.2, 0],
						"1.875": [2.24, -1.12, 0],
						"1.9167": [2.08, -1.04, 0],
						"1.9583": [1.92, -0.96, 0],
						"2.0": [1.76, -0.88, 0],
						"2.0417": [1.6, -0.8, 0],
						"2.0833": [1.44, -0.72, 0],
						"2.125": [1.28, -0.64, 0],
						"2.1667": [1.12, -0.56, 0],
						"2.2083": [0.96, -0.48, 0],
						"2.25": [0.8, -0.4, 0],
						"2.2917": [0.64, -0.32, 0],
						"2.3333": [0.48, -0.24, 0],
						"2.375": [0.32, -0.16, 0],
						"2.4167": [0.16, -0.08, 0],
						"2.4583": [0, 0, 0]
					},
					"position": {
						"0.0": [0, 0, 0],
						"0.0417": [0, 0.02, 0],
						"0.0833": [0, 0.03, 0],
						"0.125": [0, 0.05, 0],
						"0.1667": [0, 0.06, 0],
						"0.2083": [0, 0.08, 0],
						"0.25": [0, 0.09, 0],
						"0.2917": [0, 0.11, 0],
						"0.3333": [0, 0.12, 0],
						"0.375": [0, 0.14, 0],
						"0.4167": [0, 0.16, 0],
						"0.4583": [0, 0.17, 0],
						"0.5": [0, 0.19, 0],
						"0.5417": [0, 0.2, 0],
						"0.5833": [0, 0.22, 0],
						"0.625": [0, 0.23, 0],
						"0.6667": [0, 0.25, 0],
						"0.7083": [0, 0.27, 0],
						"0.75": [0, 0.28, 0],
						"0.7917": [0, 0.3, 0],
						"0.8333": [0, 0.31, 0],
						"0.875": [0, 0.32, 0],
						"0.9167": [0, 0.33, 0],
						"0.9583": [0, 0.34, 0],
						"1.0": [0, 0.35, 0],
						"1.0417": [0, 0.36, 0],
						"1.0833": [0, 0.36, 0],
						"1.125": [0, 0.37, 0],
						"1.1667": [0, 0.38, 0],
						"1.2083": [0, 0.39, 0],
						"1.25": [0, 0.4, 0],
						"1.2917": [0, 0.41, 0],
						"1.3333": [0, 0.42, 0],
						"1.375": [0, 0.43, 0],
						"1.4167": [0, 0.44, 0],
						"1.4583": [0, 0.42, 0],
						"1.5": [0, 0.4, 0],
						"1.5417": [0, 0.38, 0],
						"1.5833": [0, 0.37, 0],
						"1.625": [0, 0.35, 0],
						"1.6667": [0, 0.33, 0],
						"1.7083": [0, 0.31, 0],
						"1.75": [0, 0.3, 0],
						"1.7917": [0, 0.28, 0],
						"1.8333": [0, 0.26, 0],
						"1.875": [0, 0.24, 0],
						"1.9167": [0, 0.23, 0],
						"1.9583": [0, 0.21, 0],
						"2.0": [0, 0.19, 0],
						"2.0417": [0, 0.17, 0],
						"2.0833": [0, 0.16, 0],
						"2.125": [0, 0.14, 0],
						"2.1667": [0, 0.12, 0],
						"2.2083": [0, 0.1, 0],
						"2.25": [0, 0.09, 0],
						"2.2917": [0, 0.07, 0],
						"2.3333": [0, 0.05, 0],
						"2.375": [0, 0.03, 0],
						"2.4167": [0, 0.02, 0],
						"2.4583": [0, 0, 0]
					}
				}
			},
			"sound_effects": {
				"0.7917": {
					"effect": "coyotea_inspectempty"
				}
			}
		},
		"draw": {
			"animation_length": 0.5417,
			"bones": {
				"root": {
					"rotation": {
						"0.0": [24, -49, 0],
						"0.0417": [20.65, -46.44, -0.27],
						"0.0833": [15.96, -42.77, -0.56],
						"0.125": [11.94, -39.11, -0.06],
						"0.1667": [9.36, -36.25, 2.14],
						"0.2083": [7.44, -33.39, 5.11],
						"0.25": [5.87, -29.22, 6.87],
						"0.2917": [4.92, -24.29, 6.63],
						"0.3333": [4.21, -18.22, 5.52],
						"0.375": [3.6, -12.23, 4.11],
						"0.4167": [2.95, -7.52, 2.94],
						"0.4583": [1.86, -3.69, 1.78],
						"0.5": [0.76, -1.43, 0.73],
						"0.5417": [0, 0, 0]
					},
					"position": {
						"0.0": [10.56, -8.28, 0],
						"0.0417": [9.93, -7.22, 0],
						"0.0833": [9.03, -5.74, 0],
						"0.125": [8.13, -4.38, 0],
						"0.1667": [7.35, -3.36, 0],
						"0.2083": [6.56, -2.47, 0],
						"0.25": [5.69, -1.74, 0],
						"0.2917": [4.92, -1.31, 0],
						"0.3333": [4.07, -0.97, 0],
						"0.375": [3.21, -0.7, 0],
						"0.4167": [2.44, -0.47, 0],
						"0.4583": [1.48, -0.24, 0],
						"0.5": [0.6, -0.09, 0],
						"0.5417": [0, 0, 0]
					}
				},
				"lefthand": {
					"rotation": [98.45, 17.25, 40.32],
					"position": [7.88, -8.84, -11.5]
				},
				"righthand": {
					"rotation": [84.95, -7.97, 0.7],
					"position": [-5.37, -8.84, -2.41]
				}
			}
		},
		"put_away": {
			"animation_length": 0.8333,
			"bones": {
				"root": {
					"rotation": {
						"0.0": [0, 0, 0],
						"0.0417": [1.72, -1.92, 0],
						"0.0833": [4.15, -4.45, 0],
						"0.125": [7.03, -7.47, 0],
						"0.1667": [10.11, -10.86, 0],
						"0.2083": [13.13, -14.49, 0],
						"0.25": [15.85, -18.24, 0],
						"0.2917": [18, -22, 0],
						"0.3333": [19.24, -25.11, 0],
						"0.375": [20.22, -28.59, 0],
						"0.4167": [21, -32.3, 0],
						"0.4583": [21.65, -36.1, 0],
						"0.5": [22.22, -39.87, 0],
						"0.5417": [22.78, -43.48, 0],
						"0.5833": [23.39, -46.79, 0],
						"0.625": [24.11, -49.68, 0],
						"0.6667": [25, -52, 0],
						"0.7083": [27.73, -55.33, 0],
						"0.75": [30.94, -56.87, 0],
						"0.7917": [33.93, -57.48, 0],
						"0.8333": [36, -58, 0]
					},
					"position": {
						"0.0": [0, 0, 0],
						"0.0417": [0.2, -0.68, 0],
						"0.0833": [0.51, -1.68, 0],
						"0.125": [0.98, -2.84, 0],
						"0.1667": [1.49, -3.87, 0],
						"0.2083": [2.13, -5.05, 0],
						"0.25": [2.79, -6.19, 0],
						"0.2917": [3.38, -7.09, 0],
						"0.3333": [3.84, -7.69, 0],
						"0.375": [4.24, -8.08, 0],
						"0.4167": [4.65, -8.37, 0],
						"0.4583": [5.14, -8.64, 0],
						"0.5": [5.59, -8.87, 0],
						"0.5417": [6.05, -9.06, 0],
						"0.5833": [6.56, -9.22, 0],
						"0.625": [7.13, -9.36, 0],
						"0.6667": [7.79, -9.5, 0],
						"0.7083": [8.85, -9.64, 0],
						"0.75": [10.12, -9.75, 0],
						"0.7917": [11.31, -9.84, 0],
						"0.8333": [12.13, -9.91, 0]
					}
				},
				"lefthand": {
					"rotation": {
						"0.0": [98.45, 17.25, 40.32],
						"0.0417": [101.31, 22.04, 41.35],
						"0.0833": [105.53, 29.1, 42.87],
						"0.125": [110.21, 36.92, 44.55],
						"0.1667": [114.43, 43.98, 46.07],
						"0.2083": [117.29, 48.77, 47.11],
						"0.25": [118.47, 50.74, 47.53],
						"0.2917": [117.29, 48.77, 47.11],
						"0.3333": [117.29, 48.77, 47.11],
						"0.375": [117.29, 48.77, 47.11],
						"0.4167": [117.29, 48.77, 47.11],
						"0.4583": [117.29, 48.77, 47.11],
						"0.5": [117.29, 48.77, 47.11],
						"0.5417": [117.29, 48.77, 47.11],
						"0.5833": [117.29, 48.77, 47.11],
						"0.625": [117.29, 48.77, 47.11],
						"0.6667": [117.29, 48.77, 47.11],
						"0.7083": [117.29, 48.77, 47.11],
						"0.75": [117.29, 48.77, 47.11],
						"0.7917": [117.29, 48.77, 47.11],
						"0.8333": [117.29, 48.77, 47.11]
					},
					"position": {
						"0.0": [7.88, -8.84, -11.5],
						"0.0417": [7.75, -8.23, -11.5],
						"0.0833": [7.56, -7.33, -11.5],
						"0.125": [7.35, -6.33, -11.5],
						"0.1667": [7.16, -5.42, -11.5],
						"0.2083": [7.04, -4.81, -11.5],
						"0.25": [6.98, -4.56, -11.5],
						"0.2917": [7.04, -4.81, -11.5],
						"0.3333": [7.04, -4.81, -11.5],
						"0.375": [7.04, -4.81, -11.5],
						"0.4167": [7.04, -4.81, -11.5],
						"0.4583": [7.04, -4.81, -11.5],
						"0.5": [7.04, -4.81, -11.5],
						"0.5417": [7.04, -4.81, -11.5],
						"0.5833": [7.04, -4.81, -11.5],
						"0.625": [7.04, -4.81, -11.5],
						"0.6667": [7.04, -4.81, -11.5],
						"0.7083": [7.04, -4.81, -11.5],
						"0.75": [7.04, -4.81, -11.5],
						"0.7917": [7.04, -4.81, -11.5],
						"0.8333": [7.04, -4.81, -11.5]
					}
				},
				"righthand": {
					"rotation": [84.95, -7.97, 0.7],
					"position": [-5.37, -8.84, -2.41]
				}
			}
		}
	}
}