{
	"format_version": "1.8.0",
	"animations": {
		"draw": {
			"animation_length": 0.5,
			"bones": {
				"lefthand": {
					"rotation": [79.97, 6.98, -0.49],
					"position": [7.63, -9.16, 0.34]
				},
				"righthand": {
					"rotation": [79.98, -4.99, 0.35],
					"position": [-4.94, -9.06, 0.19]
				},
				"root": {
					"rotation": {
						"0.0": [-21.96, -31.09, 44.67],
						"0.0417": [-20.13, -28.5, 40.95],
						"0.0833": [-18.3, -25.91, 37.23],
						"0.125": [-16.47, -23.32, 33.5],
						"0.1667": [-14.64, -20.73, 29.78],
						"0.2083": [-12.81, -18.14, 26.06],
						"0.25": [-10.98, -15.54, 22.34],
						"0.2917": [-9.15, -12.95, 18.61],
						"0.3333": [-7.32, -10.36, 14.89],
						"0.375": [-5.49, -7.77, 11.17],
						"0.4167": [-3.66, -5.18, 7.45],
						"0.4583": [-1.83, -2.59, 3.72],
						"0.5": [0, 0, 0]
					},
					"position": {
						"0.0": [9.63, -9.47, 0],
						"0.0417": [9, -7.88, 0],
						"0.0833": [8.11, -5.67, 0],
						"0.125": [7.22, -3.8, 0],
						"0.1667": [6.42, -2.68, 0],
						"0.2083": [5.61, -1.91, 0],
						"0.25": [4.81, -1.26, 0],
						"0.2917": [4.01, -0.66, 0],
						"0.3333": [3.2, -0.19, 0],
						"0.375": [2.4, 0.12, 0],
						"0.4167": [1.51, 0.19, 0],
						"0.4583": [0.62, 0.09, 0],
						"0.5": [0, 0, 0]
					}
				},
				"constraint": {
					"rotation": [0, 0, 0],
					"position": [0, 0, 0]
				}
			}
		},
		"put_away": {
			"animation_length": 0.6667,
			"bones": {
				"lefthand": {
					"rotation": {
						"0.0": [79.97, 6.98, -0.49],
						"0.0417": [69.75, 7.04, -10.65],
						"0.0833": [54.68, 7.13, -25.63],
						"0.125": [38, 7.23, -42.22],
						"0.1667": [22.94, 7.33, -57.19],
						"0.2083": [12.72, 7.39, -67.36],
						"0.25": [8.41, 7.41, -71.64],
						"0.2917": [7.88, 7.42, -72.17],
						"0.3333": [9.49, 7.41, -70.57],
						"0.375": [11.64, 7.4, -68.43],
						"0.4167": [12.72, 7.39, -67.36],
						"0.4583": [12.72, 7.39, -67.36],
						"0.5": [12.72, 7.39, -67.36],
						"0.5417": [12.72, 7.39, -67.36],
						"0.5833": [12.72, 7.39, -67.36],
						"0.625": [12.72, 7.39, -67.36]
					},
					"position": {
						"0.0": [7.63, -9.16, 0.34],
						"0.0417": [7.57, -8.61, -0.31],
						"0.0833": [7.48, -7.82, -1.28],
						"0.125": [7.39, -6.93, -2.35],
						"0.1667": [7.31, -6.14, -3.31],
						"0.2083": [7.25, -5.59, -3.97],
						"0.25": [7.23, -5.37, -4.24],
						"0.2917": [7.22, -5.34, -4.28],
						"0.3333": [7.23, -5.42, -4.18],
						"0.375": [7.24, -5.53, -4.04],
						"0.4167": [7.25, -5.59, -3.97],
						"0.4583": [7.25, -5.59, -3.97],
						"0.5": [7.25, -5.59, -3.97],
						"0.5417": [7.25, -5.59, -3.97],
						"0.5833": [7.25, -5.59, -3.97],
						"0.625": [7.25, -5.59, -3.97]
					}
				},
				"righthand": {
					"rotation": [79.98, -4.99, 0.35],
					"position": [-4.94, -9.06, 0.19]
				},
				"root": {
					"rotation": {
						"0.0": [0, 0, 0],
						"0.0417": [0.99, -1.76, 0],
						"0.0833": [2.38, -4.21, 0.01],
						"0.125": [4.01, -7.1, 0.02],
						"0.1667": [5.75, -10.19, 0.02],
						"0.2083": [7.46, -13.24, 0.02],
						"0.25": [9, -16, 0],
						"0.2917": [10.76, -19, -0.43],
						"0.3333": [12.56, -21.92, -1.27],
						"0.375": [14.27, -24.79, -1.92],
						"0.4167": [15.76, -27.61, -1.79],
						"0.4583": [16.87, -30.41, -0.29],
						"0.5": [17.53, -33.38, 3.35],
						"0.5417": [17.82, -36.52, 8.75],
						"0.5833": [17.89, -39.52, 14.73],
						"0.625": [17.86, -42.08, 20.14],
						"0.6667": [17.89, -43.9, 23.81]
					},
					"position": {
						"0.0": [0, 0, 0],
						"0.0417": [0.22, -0.14, 0],
						"0.0833": [0.52, -0.31, 0],
						"0.125": [0.88, -0.53, 0],
						"0.1667": [1.28, -0.78, 0],
						"0.2083": [1.7, -1.07, 0],
						"0.25": [2.13, -1.37, 0],
						"0.2917": [2.7, -1.77, 0],
						"0.3333": [3.37, -2.19, 0],
						"0.375": [4.04, -2.67, 0],
						"0.4167": [4.64, -3.22, 0],
						"0.4583": [5.1, -3.87, 0],
						"0.5": [5.37, -4.72, 0],
						"0.5417": [5.52, -5.75, 0],
						"0.5833": [5.59, -6.82, 0],
						"0.625": [5.62, -7.75, 0],
						"0.6667": [5.66, -8.4, 0]
					}
				},
				"constraint": {
					"rotation": [0, 0, 0],
					"position": [0, 0, 0]
				}
			}
		},
		"static_idle": {
			"loop": true,
			"bones": {
				"lefthand": {
					"rotation": [79.97006, 6.98286, -0.49073],
					"position": [7.625, -9.15625, 0.34375]
				},
				"righthand": {
					"rotation": [79.98477, -4.98779, 0.34967],
					"position": [-4.9375, -9.0625, 0.1875]
				}
			}
		},
		"reload_tactical": {
			"animation_length": 1.4167,
			"bones": {
				"lefthand": {
					"rotation": {
						"0.0": [79.97, 6.98, -0.49],
						"0.0417": [79.92, 7.03, -0.18],
						"0.0833": [80.14, 7.15, 0.59],
						"0.125": [80.43, 7.29, 1.53],
						"0.1667": [80.59, 7.42, 2.39],
						"0.2083": [80.41, 7.49, 2.88],
						"0.25": [79.69, 7.47, 2.75],
						"0.2917": [78.21, 7.31, 1.71],
						"0.3333": [75.78, 6.98, -0.49],
						"0.375": [71.93, 6.39, -4.36],
						"0.4167": [66.66, 5.56, -9.84],
						"0.4583": [60.45, 4.56, -16.41],
						"0.5": [53.79, 3.49, -23.52],
						"0.5417": [47.17, 2.41, -30.62],
						"0.5833": [41.06, 1.41, -37.19],
						"0.625": [35.95, 0.58, -42.68],
						"0.6667": [32.33, -0.01, -46.54],
						"0.7083": [30.16, -0.35, -48.82],
						"0.75": [28.49, -0.61, -50.52],
						"0.7917": [27.34, -0.78, -51.66],
						"0.8333": [26.73, -0.87, -52.23],
						"0.875": [26.68, -0.87, -52.23],
						"0.9167": [27.19, -0.78, -51.66],
						"0.9583": [28.29, -0.61, -50.52],
						"1.0": [30, -0.35, -48.82],
						"1.0417": [32.33, -0.01, -46.54],
						"1.0833": [35.79, 0.5, -43.2],
						"1.125": [40.63, 1.21, -38.52],
						"1.1667": [46.44, 2.06, -32.9],
						"1.2083": [52.85, 3, -26.71],
						"1.25": [59.45, 3.97, -20.33],
						"1.2917": [65.85, 4.91, -14.14],
						"1.3333": [71.67, 5.77, -8.51],
						"1.375": [76.51, 6.47, -3.84],
						"1.4167": [79.97, 6.98, -0.49]
					},
					"position": {
						"0.0": [7.63, -9.16, 0.34],
						"0.0417": [7.66, -9.23, 0.28],
						"0.0833": [7.72, -9.37, 0.22],
						"0.125": [7.78, -9.54, 0.15],
						"0.1667": [7.85, -9.7, 0.05],
						"0.2083": [7.92, -9.84, -0.07],
						"0.25": [7.97, -9.91, -0.24],
						"0.2917": [8, -9.89, -0.46],
						"0.3333": [8, -9.75, -0.75],
						"0.375": [7.97, -9.45, -1.16],
						"0.4167": [7.9, -8.99, -1.7],
						"0.4583": [7.81, -8.42, -2.33],
						"0.5": [7.71, -7.8, -2.99],
						"0.5417": [7.61, -7.18, -3.62],
						"0.5833": [7.51, -6.6, -4.18],
						"0.625": [7.43, -6.12, -4.62],
						"0.6667": [7.38, -5.78, -4.87],
						"0.7083": [7.34, -5.53, -4.85],
						"0.75": [7.33, -5.49, -4.45],
						"0.7917": [7.35, -5.59, -3.9],
						"0.8333": [7.37, -5.72, -3.4],
						"0.875": [7.38, -5.78, -3.18],
						"0.9167": [7.38, -5.71, -3.48],
						"0.9583": [7.37, -5.6, -4.11],
						"1.0": [7.37, -5.58, -4.7],
						"1.0417": [7.38, -5.78, -4.87],
						"1.0833": [7.39, -6.12, -4.64],
						"1.125": [7.41, -6.61, -4.2],
						"1.1667": [7.44, -7.18, -3.63],
						"1.2083": [7.47, -7.76, -3],
						"1.25": [7.5, -8.27, -2.4],
						"1.2917": [7.52, -8.64, -1.89],
						"1.3333": [7.56, -9.01, -1.01],
						"1.375": [7.6, -9.11, -0.21],
						"1.4167": [7.63, -9.16, 0.34]
					}
				},
				"righthand": {
					"rotation": [79.98477, -4.98779, 0.34967],
					"position": [-4.9375, -9.0625, 0.1875]
				},
				"root": {
					"rotation": {
						"0.0": [0, 0, 0],
						"0.0417": [0.83353, -2.52478, -1.48772],
						"0.0833": [2.01601, -6.10646, -3.59824],
						"0.125": [3.43112, -10.39274, -6.12395],
						"0.1667": [4.96252, -15.0313, -8.85723],
						"0.2083": [6.49388, -19.66985, -11.59048],
						"0.25": [7.90888, -23.95607, -14.11609],
						"0.2917": [9.09119, -27.53766, -16.22646],
						"0.3333": [9.92447, -30.06232, -17.71396],
						"0.375": [10.19904, -30.89441, -18.20417],
						"0.4167": [10.43921, -31.62245, -18.63304],
						"0.4583": [10.64499, -32.24645, -19.00057],
						"0.5": [10.8164, -32.7664, -19.30678],
						"0.5417": [10.95344, -33.18232, -19.55167],
						"0.5833": [11.05611, -33.49421, -19.73524],
						"0.625": [11.12443, -33.70206, -19.85751],
						"0.6667": [11.15841, -33.8059, -19.91848],
						"0.7083": [11.15804, -33.80571, -19.91816],
						"0.75": [11.12335, -33.7015, -19.85656],
						"0.7917": [11.05434, -33.49329, -19.73368],
						"0.8333": [10.95102, -33.18107, -19.54953],
						"0.875": [10.81339, -32.76484, -19.30412],
						"0.9167": [10.64147, -32.24462, -18.99745],
						"0.9583": [10.43526, -31.6204, -18.62954],
						"1.0": [10.19476, -30.89219, -18.20039],
						"1.0417": [9.92, -30.06, -17.71],
						"1.0833": [8.93644, -27.08017, -15.95428],
						"1.125": [7.51921, -22.78584, -13.4242],
						"1.1667": [5.84179, -17.70281, -10.42952],
						"1.2083": [4.07767, -12.3569, -7.28],
						"1.25": [2.40034, -7.27393, -4.28539],
						"1.2917": [0.98328, -2.97969, -1.75548],
						"1.3333": [0, 0, 0]
					},
					"position": {
						"0.0": [0, 0, 0],
						"0.0417": [0.32804, -0.0131, 0],
						"0.0833": [0.79337, -0.03165, 0],
						"0.125": [1.35024, -0.05385, 0],
						"0.1667": [1.95289, -0.07789, 0],
						"0.2083": [2.55557, -0.10196, 0],
						"0.25": [3.11253, -0.12425, 0],
						"0.2917": [3.57801, -0.14295, 0],
						"0.3333": [3.90625, -0.15625, 0],
						"0.375": [4.01452, -0.16071, 0],
						"0.4167": [4.10931, -0.16468, 0],
						"0.4583": [4.19063, -0.16814, 0],
						"0.5": [4.25846, -0.17109, 0],
						"0.5417": [4.3128, -0.17353, 0],
						"0.5833": [4.35364, -0.17544, 0],
						"0.625": [4.38098, -0.17682, 0],
						"0.6667": [4.3948, -0.17767, 0],
						"0.7083": [4.3951, -0.17797, 0],
						"0.75": [4.38188, -0.17773, 0],
						"0.7917": [4.35512, -0.17692, 0],
						"0.8333": [4.31483, -0.17555, 0],
						"0.875": [4.26098, -0.17361, 0],
						"0.9167": [4.19358, -0.17109, 0],
						"0.9583": [4.11263, -0.16799, 0],
						"1.0": [4.0181, -0.16429, 0],
						"1.0417": [3.91, -0.16, 0],
						"1.0833": [3.52262, -0.14434, 0],
						"1.125": [2.96412, -0.12156, 0],
						"1.1667": [2.30294, -0.09449, 0],
						"1.2083": [1.60751, -0.06597, 0],
						"1.25": [0.94626, -0.03883, 0],
						"1.2917": [0.38761, -0.01589, 0],
						"1.3333": [0, 0, 0]
					}
				},
				"slide": {
					"rotation": {
						"0.0": [0, 0, 0],
						"0.0417": [0, 0, 0],
						"0.0833": [0, 0, 0],
						"0.125": [0, 0, 0],
						"0.1667": [0, 0, 0],
						"0.2083": [0, 0, 0],
						"0.25": [0, 0, 0],
						"0.2917": [0, 0, 0],
						"0.3333": [0, 0, 0],
						"0.375": [0, 0, 0],
						"0.4167": [0, 0, 0],
						"0.4583": [0, 0, 0],
						"0.5": [0, 0, 0],
						"0.5417": [0, 0, 0],
						"0.5833": [0, 0, 0],
						"0.625": [0, 0, 0],
						"0.6667": [0, 0, 0],
						"0.7083": [0, 0, 0],
						"0.75": [0, 0, 0],
						"0.7917": [0, 0, 0],
						"0.8333": [0, 0, 0],
						"0.875": [0, 0, 0],
						"0.9167": [0, 0, 0],
						"0.9583": [0, 0, 0],
						"1.0": [0, 0, 0],
						"1.0417": [0, 0, 0],
						"1.0833": [0, 0, 0],
						"1.125": [0, 0, 0],
						"1.1667": [0, 0, 0],
						"1.2083": [0, 0, 0],
						"1.25": [0, 0, 0],
						"1.2917": [0, 0, 0],
						"1.3333": [0, 0, 0]
					},
					"position": {
						"0.0": [0, 0, 0],
						"0.0417": [0, 0, 0],
						"0.0833": [0, 0, -0.01],
						"0.125": [0, 0, -0.01],
						"0.1667": [0, 0, -0.02],
						"0.2083": [0, 0, -0.03],
						"0.25": [0, 0, -0.04],
						"0.2917": [0, 0, -0.05],
						"0.3333": [0, 0, -0.06],
						"0.375": [0, 0, -0.06],
						"0.4167": [0, 0, -0.07],
						"0.4583": [0, 0, -0.07],
						"0.5": [0, 0, -0.06],
						"0.5417": [0, 0, -0.06],
						"0.5833": [0, 0, -0.04],
						"0.625": [0, 0, -0.02],
						"0.6667": [0, 0, 0],
						"0.7083": [0, 0, 0.15],
						"0.75": [0, 0, 0.38],
						"0.7917": [0, 0, 0.63],
						"0.8333": [0, 0, 0.83],
						"0.875": [0, 0, 0.91],
						"0.9167": [0, 0, 0.79],
						"0.9583": [0, 0, 0.51],
						"1.0": [0, 0, 0.21],
						"1.0417": [0, 0, 0],
						"1.0833": [0, 0, -0.05],
						"1.125": [0, 0, -0.07],
						"1.1667": [0, 0, -0.06],
						"1.2083": [0, 0, -0.05],
						"1.25": [0, 0, -0.03],
						"1.2917": [0, 0, -0.01],
						"1.3333": [0, 0, 0]
					}
				},
				"constraint": {
					"rotation": {
						"0.0": [0, 0, 0],
						"0.25": [0, 0, 0],
						"0.5": [0.3, 0.2, 0.3],
						"0.75": [0.4, 0.3, 0.5],
						"1.0": [0.4, 0.3, 0.2],
						"1.25": [0, 0, 0]
					},
					"position": {
						"0.0": [0, 0, 0],
						"0.25": [0, 0, 0],
						"0.5": [0.2, 0.2, 0.2],
						"0.75": [0.2, 0.2, 0.2],
						"1.0": [0.1, 0.1, 0.1],
						"1.25": [0, 0, 0]
					}
				}
			},
			"sound_effects": {
				"0.7083": {
					"effect": "ebony_tactical"
				}
			}
		},
		"reload_empty": {
			"animation_length": 1,
			"bones": {
				"lefthand": {
					"rotation": [79.97006, 6.98286, -0.49073],
					"position": [7.625, -9.15625, 0.34375]
				},
				"righthand": {
					"rotation": {
						"0.0": [79.98, -4.99, 0.35],
						"0.0417": [80.1, -4.99, 0.35],
						"0.0833": [80.35, -4.99, 0.35],
						"0.125": [80.61, -4.99, 0.35],
						"0.1667": [80.72, -4.99, 0.35],
						"0.2083": [80.56, -4.99, 0.35],
						"0.25": [79.98, -4.99, 0.35],
						"0.2917": [78.66, -4.99, 0.35],
						"0.3333": [76.65, -4.99, 0.35],
						"0.375": [74.35, -4.99, 0.35],
						"0.4167": [72.2, -4.99, 0.35],
						"0.4583": [70.6, -4.99, 0.35],
						"0.5": [69.98, -4.99, 0.35],
						"0.5417": [71.31, -4.99, 0.35],
						"0.5833": [74.35, -4.99, 0.35],
						"0.625": [77.71, -4.99, 0.35],
						"0.6667": [79.98, -4.99, 0.35],
						"0.7083": [80.46, -4.99, 0.35],
						"0.75": [80.68, -4.99, 0.35],
						"0.7917": [80.71, -4.99, 0.35],
						"0.8333": [80.61, -4.99, 0.35],
						"0.875": [80.42, -4.99, 0.35],
						"0.9167": [80.22, -4.99, 0.35],
						"0.9583": [80.05, -4.99, 0.35],
						"1.0": [79.98, -4.99, 0.35]
					},
					"position": {
						"0.0": [-4.94, -9.06, 0.19],
						"0.0417": [-4.94, -9.08, 0.24],
						"0.0833": [-4.94, -9.1, 0.31],
						"0.125": [-4.94, -9.12, 0.39],
						"0.1667": [-4.94, -9.14, 0.48],
						"0.2083": [-4.94, -9.14, 0.55],
						"0.25": [-4.94, -9.12, 0.6],
						"0.2917": [-4.94, -9.06, 0.62],
						"0.3333": [-4.94, -8.96, 0.63],
						"0.375": [-4.94, -8.84, 0.62],
						"0.4167": [-4.94, -8.73, 0.61],
						"0.4583": [-4.94, -8.65, 0.6],
						"0.5": [-4.94, -8.62, 0.6],
						"0.5417": [-4.94, -8.69, 0.61],
						"0.5833": [-4.94, -8.84, 0.62],
						"0.625": [-4.94, -9.01, 0.63],
						"0.6667": [-4.94, -9.12, 0.6],
						"0.7083": [-4.94, -9.14, 0.56],
						"0.75": [-4.94, -9.14, 0.52],
						"0.7917": [-4.94, -9.14, 0.46],
						"0.8333": [-4.94, -9.12, 0.39],
						"0.875": [-4.94, -9.1, 0.33],
						"0.9167": [-4.94, -9.09, 0.27],
						"0.9583": [-4.94, -9.07, 0.22],
						"1.0": [-4.94, -9.06, 0.19]
					}
				},
				"slide": {
					"rotation": {
						"0.0": [0, 0, 0],
						"0.0417": [0, 0, 0],
						"0.0833": [0, 0, 0],
						"0.125": [0, 0, 0],
						"0.1667": [0, 0, 0],
						"0.2083": [0, 0, 0],
						"0.25": [0, 0, 0],
						"0.2917": [0, 0, 0],
						"0.3333": [0, 0, 0],
						"0.375": [0, 0, 0],
						"0.4167": [0, 0, 0],
						"0.4583": [0, 0, 0],
						"0.5": [0, 0, 0],
						"0.5417": [0, 0, 0],
						"0.5833": [0, 0, 0],
						"0.625": [0, 0, 0],
						"0.6667": [0, 0, 0],
						"0.7083": [0, 0, 0],
						"0.75": [0, 0, 0],
						"0.7917": [0, 0, 0],
						"0.8333": [0, 0, 0],
						"0.875": [0, 0, 0],
						"0.9167": [0, 0, 0],
						"0.9583": [0, 0, 0],
						"1.0": [0, 0, 0]
					},
					"position": {
						"0.0": [0, 0, 0.90625],
						"0.0417": [0, 0, 0.92319],
						"0.0833": [0, 0, 0.94903],
						"0.125": [0, 0, 0.97844],
						"0.1667": [0, 0, 1.00611],
						"0.2083": [0, 0, 1.02674],
						"0.25": [0, 0, 1.035],
						"0.2917": [0, 0, 1.03999],
						"0.3333": [0, 0, 1.03742],
						"0.375": [0, 0, 1.00239],
						"0.4167": [0, 0, 0.91],
						"0.4583": [0, 0, 0.63111],
						"0.5": [0, 0, 0.265],
						"0.5417": [0, 0, 0],
						"0.5833": [0, 0, -0.03418],
						"0.625": [0, 0, -0.05538],
						"0.6667": [0, 0, -0.06563],
						"0.7083": [0, 0, -0.067],
						"0.75": [0, 0, -0.06153],
						"0.7917": [0, 0, -0.05128],
						"0.8333": [0, 0, -0.03829],
						"0.875": [0, 0, -0.02461],
						"0.9167": [0, 0, -0.01231],
						"0.9583": [0, 0, -0.00342],
						"1.0": [0, 0, 0]
					}
				},
				"root": {
					"rotation": {
						"0.0": [0, 0, 0],
						"0.0417": [0.6, -3.19, -1.61],
						"0.0833": [1.48, -7.85, -3.96],
						"0.125": [2.5, -13.25, -6.69],
						"0.1667": [3.51, -18.64, -9.41],
						"0.2083": [4.39, -23.31, -11.76],
						"0.25": [4.99, -26.5, -13.37],
						"0.2917": [5.18, -27.51, -13.88],
						"0.3333": [5.34, -28.34, -14.3],
						"0.375": [5.46, -28.98, -14.62],
						"0.4167": [5.54, -29.44, -14.86],
						"0.4583": [5.6, -29.72, -15],
						"0.5": [5.61, -29.81, -15.04],
						"0.5417": [5.6, -29.72, -15],
						"0.5833": [5.54, -29.44, -14.86],
						"0.625": [5.46, -28.98, -14.62],
						"0.6667": [5.34, -28.34, -14.3],
						"0.7083": [5.18, -27.51, -13.88],
						"0.75": [4.99, -26.5, -13.37],
						"0.7917": [4.39, -23.31, -11.76],
						"0.8333": [3.51, -18.65, -9.41],
						"0.875": [2.49, -13.25, -6.68],
						"0.9167": [1.48, -7.85, -3.96],
						"0.9583": [0.6, -3.19, -1.61],
						"1.0": [0, 0, 0]
					},
					"position": {
						"0.0": [0, 0, 0],
						"0.0417": [0.4, 0, 0],
						"0.0833": [0.99, 0, 0],
						"0.125": [1.67, 0, 0],
						"0.1667": [2.35, 0, 0],
						"0.2083": [2.94, 0, 0],
						"0.25": [3.34, 0, 0],
						"0.2917": [3.47, 0, 0],
						"0.3333": [3.58, 0, 0],
						"0.375": [3.66, 0, 0],
						"0.4167": [3.71, 0, 0],
						"0.4583": [3.75, 0, 0],
						"0.5": [3.76, 0, 0],
						"0.5417": [3.75, 0, 0],
						"0.5833": [3.71, 0, 0],
						"0.625": [3.65, 0, 0],
						"0.6667": [3.57, 0, 0],
						"0.7083": [3.47, 0, 0],
						"0.75": [3.34, 0, 0],
						"0.7917": [2.94, 0, 0],
						"0.8333": [2.35, 0, 0],
						"0.875": [1.67, 0, 0],
						"0.9167": [0.99, 0, 0],
						"0.9583": [0.4, 0, 0],
						"1.0": [0, 0, 0]
					}
				},
				"constraint": {
					"rotation": {
						"0.0": [0, 0, 0],
						"0.25": [0.2, 0.2, 0.4],
						"0.5": [0.1, 0.4, 0.6],
						"1.0": [0, 0, 0]
					},
					"position": {
						"0.0": [0, 0, 0],
						"0.25": [0.2, 0.3, 0.4],
						"0.5": [0.3, 0.5, 0.7],
						"1.0": [0, 0, 0]
					}
				}
			},
			"sound_effects": {
				"0.4583": {
					"effect": "ebony_empty"
				}
			}
		},
		"inspect": {
			"animation_length": 2.1667,
			"bones": {
				"lefthand": {
					"rotation": [79.97006, 6.98286, -0.49073],
					"position": [7.625, -9.15625, 0.34375]
				},
				"righthand": {
					"rotation": [79.98477, -4.98779, 0.34967],
					"position": [-4.9375, -9.0625, 0.1875]
				},
				"root": {
					"rotation": {
						"0.0": [0, 0, 0],
						"0.0417": [0.27, -2.31, -1.62],
						"0.0833": [0.64, -5.54, -3.92],
						"0.125": [1.08, -9.41, -6.67],
						"0.1667": [1.57, -13.61, -9.65],
						"0.2083": [2.07, -17.86, -12.62],
						"0.25": [2.57, -21.85, -15.36],
						"0.2917": [3.03, -25.3, -17.63],
						"0.3333": [3.43, -27.89, -19.21],
						"0.375": [3.8, -29.71, -20.06],
						"0.4167": [4.2, -31.06, -20.39],
						"0.4583": [4.59, -32.01, -20.32],
						"0.5": [4.96, -32.63, -19.99],
						"0.5417": [5.28, -32.98, -19.51],
						"0.5833": [5.54, -33.15, -19.01],
						"0.625": [5.71, -33.2, -18.62],
						"0.6667": [5.77, -33.21, -18.46],
						"0.7083": [6.04, -33.11, -18.47],
						"0.75": [6.64, -32.81, -18.51],
						"0.7917": [7.25, -32.29, -18.58],
						"0.8333": [7.55, -31.56, -18.68],
						"0.875": [7.22, -30.59, -18.81],
						"0.9167": [5.95, -29.37, -18.99],
						"0.9583": [3.43, -27.89, -19.21],
						"1.0": [-0.95, -25.91, -19.5],
						"1.0417": [-7.09, -23.35, -19.89],
						"1.0833": [-14.29, -20.46, -20.33],
						"1.125": [-21.87, -17.5, -20.78],
						"1.1667": [-29.13, -14.72, -21.2],
						"1.2083": [-35.38, -12.38, -21.55],
						"1.25": [-39.93, -10.73, -21.81],
						"1.2917": [-43.13, -9.73, -21.96],
						"1.3333": [-44.87, -9.45, -22],
						"1.375": [-45.56, -9.65, -21.97],
						"1.4167": [-45.57, -10.09, -21.9],
						"1.4583": [-45.3, -10.53, -21.84],
						"1.5": [-45.12, -10.73, -21.81],
						"1.5417": [-45.23, -10.82, -22],
						"1.5833": [-45.41, -11.04, -22.44],
						"1.625": [-45.45, -11.29, -22.95],
						"1.6667": [-45.13, -11.48, -23.33],
						"1.7083": [-44.25, -11.51, -23.39],
						"1.75": [-42.59, -11.29, -22.95],
						"1.7917": [-39.93, -10.73, -21.81],
						"1.8333": [-36.8, -9.95, -20.22],
						"1.875": [-32.63, -8.86, -18.01],
						"1.9167": [-27.72, -7.55, -15.34],
						"1.9583": [-22.38, -6.11, -12.41],
						"2.0": [-16.92, -4.62, -9.39],
						"2.0417": [-11.64, -3.18, -6.46],
						"2.0833": [-6.86, -1.87, -3.8],
						"2.125": [-2.87, -0.78, -1.59],
						"2.1667": [0, 0, 0]
					},
					"position": {
						"0.0": [0, 0, 0],
						"0.0417": [0.31, 0.02, 0],
						"0.0833": [0.74, 0.05, 0],
						"0.125": [1.26, 0.09, 0],
						"0.1667": [1.83, 0.13, 0],
						"0.2083": [2.4, 0.16, 0],
						"0.25": [2.94, 0.2, 0],
						"0.2917": [3.4, 0.23, 0],
						"0.3333": [3.75, 0.25, 0],
						"0.375": [3.99, 0.26, 0],
						"0.4167": [4.18, 0.27, 0],
						"0.4583": [4.3, 0.27, 0],
						"0.5": [4.39, 0.27, 0],
						"0.5417": [4.44, 0.26, 0],
						"0.5833": [4.46, 0.26, 0],
						"0.625": [4.47, 0.25, 0],
						"0.6667": [4.47, 0.25, 0],
						"0.7083": [4.46, 0.24, 0.02],
						"0.75": [4.44, 0.21, 0.05],
						"0.7917": [4.39, 0.18, 0.09],
						"0.8333": [4.3, 0.16, 0.12],
						"0.875": [4.17, 0.16, 0.13],
						"0.9167": [3.99, 0.18, 0.09],
						"0.9583": [3.75, 0.25, 0],
						"1.0": [3.4, 0.39, -0.16],
						"1.0417": [2.94, 0.61, -0.4],
						"1.0833": [2.42, 0.87, -0.67],
						"1.125": [1.87, 1.13, -0.96],
						"1.1667": [1.36, 1.35, -1.25],
						"1.2083": [0.93, 1.49, -1.51],
						"1.25": [0.63, 1.5, -1.72],
						"1.2917": [0.45, 1.3, -1.91],
						"1.3333": [0.4, 0.9, -2.09],
						"1.375": [0.44, 0.4, -2.23],
						"1.4167": [0.51, -0.08, -2.34],
						"1.4583": [0.59, -0.45, -2.41],
						"1.5": [0.63, -0.59, -2.44],
						"1.5417": [0.64, -0.48, -2.42],
						"1.5833": [0.65, -0.19, -2.37],
						"1.625": [0.66, 0.2, -2.28],
						"1.6667": [0.67, 0.64, -2.17],
						"1.7083": [0.68, 1.04, -2.04],
						"1.75": [0.66, 1.35, -1.89],
						"1.7917": [0.63, 1.5, -1.72],
						"1.8333": [0.58, 1.48, -1.56],
						"1.875": [0.52, 1.38, -1.37],
						"1.9167": [0.44, 1.21, -1.16],
						"1.9583": [0.36, 1, -0.93],
						"2.0": [0.27, 0.76, -0.7],
						"2.0417": [0.19, 0.52, -0.48],
						"2.0833": [0.11, 0.3, -0.29],
						"2.125": [0.05, 0.12, -0.12],
						"2.1667": [0, 0, 0]
					}
				},
				"constraint": {
					"rotation": [0, 0, 0],
					"position": [0, 0, 0]
				}
			}
		},
		"inspect_empty": {
			"animation_length": 1.2917,
			"bones": {
				"lefthand": {
					"rotation": {
						"0.0": [79.97, 6.98, -0.49],
						"0.0417": [80.49, 7.01, -0.07],
						"0.0833": [81.71, 7.06, 0.91],
						"0.125": [83.1, 7.12, 2.02],
						"0.1667": [84.14, 7.17, 2.86],
						"0.2083": [84.32, 7.18, 3],
						"0.25": [83.1, 7.12, 2.02],
						"0.2917": [79.97, 6.98, -0.49],
						"0.3333": [73.95, 6.68, -5.15],
						"0.375": [65.17, 6.21, -11.78],
						"0.4167": [54.8, 5.66, -19.64],
						"0.4583": [43.97, 5.11, -27.97],
						"0.5": [33.85, 4.64, -36.04],
						"0.5417": [25.58, 4.33, -43.1],
						"0.5833": [20.32, 4.25, -48.4],
						"0.625": [22.71, 6.18, -56.15],
						"0.6667": [32.71, 7.98, -58.81],
						"0.7083": [34.49, 7.04, -62.04],
						"0.75": [35.01, 5.27, -64.92],
						"0.7917": [33.82, 4.25, -65.99],
						"0.8333": [22.93, 5.57, -65.42],
						"0.875": [19.46, 7.32, -56.91],
						"0.9167": [23.23, 7.43, -52.41],
						"0.9583": [29.04, 7.47, -46.47],
						"1.0": [36.33, 7.45, -39.52],
						"1.0417": [44.54, 7.38, -31.98],
						"1.0833": [53.12, 7.3, -24.29],
						"1.125": [61.51, 7.2, -16.87],
						"1.1667": [69.15, 7.1, -10.14],
						"1.2083": [75.49, 7.02, -4.54],
						"1.25": [79.97, 6.98, -0.49]
					},
					"position": {
						"0.0": [7.63, -9.16, 0.34],
						"0.0417": [7.63, -9.2, 0.39],
						"0.0833": [7.63, -9.31, 0.49],
						"0.125": [7.63, -9.44, 0.62],
						"0.1667": [7.63, -9.54, 0.71],
						"0.2083": [7.63, -9.55, 0.72],
						"0.25": [7.63, -9.44, 0.61],
						"0.2917": [7.63, -9.16, 0.34],
						"0.3333": [7.63, -8.61, -0.19],
						"0.375": [7.63, -7.79, -0.97],
						"0.4167": [7.63, -6.83, -1.89],
						"0.4583": [7.63, -5.83, -2.85],
						"0.5": [7.63, -4.91, -3.74],
						"0.5417": [7.63, -4.18, -4.45],
						"0.5833": [7.63, -3.75, -4.88],
						"0.625": [7.63, -4.58, -4.27],
						"0.6667": [7.63, -5.82, -3.22],
						"0.7083": [7.63, -5.29, -3.64],
						"0.75": [7.63, -4.31, -4.42],
						"0.7917": [7.63, -3.75, -4.88],
						"0.8333": [7.63, -4.25, -4.62],
						"0.875": [7.63, -5.47, -3.66],
						"0.9167": [7.63, -5.82, -3.32],
						"0.9583": [7.63, -6.23, -2.88],
						"1.0": [7.63, -6.69, -2.38],
						"1.0417": [7.63, -7.18, -1.85],
						"1.0833": [7.63, -7.66, -1.31],
						"1.125": [7.63, -8.13, -0.8],
						"1.1667": [7.63, -8.55, -0.33],
						"1.2083": [7.63, -8.9, 0.06],
						"1.25": [7.63, -9.16, 0.34]
					}
				},
				"righthand": {
					"rotation": [79.98477, -4.98779, 0.34967],
					"position": [-4.9375, -9.0625, 0.1875]
				},
				"slide": {
					"rotation": [0, 0, 0],
					"position": [0, 0, 0.90625]
				},
				"root": {
					"rotation": {
						"0.0": [0, 0, 0],
						"0.0417": [0.16747, -3.19091, -1.40976],
						"0.0833": [0.40883, -7.78958, -3.44149],
						"0.125": [0.69451, -13.2329, -5.8464],
						"0.1667": [0.99497, -18.95777, -8.37568],
						"0.2083": [1.28067, -24.40108, -10.78054],
						"0.25": [1.52204, -28.99972, -12.8122],
						"0.2917": [1.68954, -32.19059, -14.22185],
						"0.3333": [1.73633, -33.08166, -14.61546],
						"0.375": [1.77727, -33.86134, -14.95985],
						"0.4167": [1.81238, -34.52962, -15.255],
						"0.4583": [1.84164, -35.08651, -15.50093],
						"0.5": [1.86506, -35.53201, -15.69764],
						"0.5417": [1.88263, -35.86612, -15.84513],
						"0.5833": [1.89436, -36.08885, -15.9434],
						"0.625": [1.90024, -36.20019, -15.99246],
						"0.6667": [1.90028, -36.20014, -15.99231],
						"0.7083": [1.89447, -36.0887, -15.94296],
						"0.75": [1.88281, -35.86589, -15.8444],
						"0.7917": [1.8653, -35.53169, -15.69665],
						"0.8333": [1.84195, -35.08611, -15.49969],
						"0.875": [1.81274, -34.52915, -15.25355],
						"0.9167": [1.77768, -33.86081, -14.95822],
						"0.9583": [1.73677, -33.08109, -14.6137],
						"1.0": [1.69, -32.19, -14.22],
						"1.0417": [1.4866, -28.31524, -12.50823],
						"1.0833": [1.18929, -22.65218, -10.00653],
						"1.125": [0.84503, -16.09496, -7.10988],
						"1.1667": [0.50076, -9.53776, -4.21326],
						"1.2083": [0.20343, -3.87472, -1.71165],
						"1.25": [0, 0, 0]
					},
					"position": {
						"0.0": [0, 0, 0],
						"0.0417": [0.36861, 0.04956, 0],
						"0.0833": [0.89984, 0.12099, 0],
						"0.125": [1.52863, 0.20554, 0],
						"0.1667": [2.18996, 0.29446, 0],
						"0.2083": [2.81879, 0.37901, 0],
						"0.25": [3.35006, 0.45044, 0],
						"0.2917": [3.71875, 0.5, 0],
						"0.3333": [3.82174, 0.51384, 0],
						"0.375": [3.91187, 0.52595, 0],
						"0.4167": [3.98915, 0.53633, 0],
						"0.4583": [4.05357, 0.54498, 0],
						"0.5": [4.10513, 0.5519, 0],
						"0.5417": [4.14383, 0.55709, 0],
						"0.5833": [4.16967, 0.56055, 0],
						"0.625": [4.18264, 0.56228, 0],
						"0.6667": [4.18274, 0.56228, 0],
						"0.7083": [4.16997, 0.56055, 0],
						"0.75": [4.14433, 0.55709, 0],
						"0.7917": [4.10581, 0.5519, 0],
						"0.8333": [4.05441, 0.54498, 0],
						"0.875": [3.99013, 0.53633, 0],
						"0.9167": [3.91297, 0.52595, 0],
						"0.9583": [3.82293, 0.51384, 0],
						"1.0": [3.72, 0.5, 0],
						"1.0417": [3.27229, 0.43981, 0],
						"1.0833": [2.61787, 0.35185, 0],
						"1.125": [1.86008, 0.25, 0],
						"1.1667": [1.10227, 0.14815, 0],
						"1.2083": [0.44779, 0.06019, 0],
						"1.25": [0, 0, 0]
					}
				},
				"constraint": {
					"rotation": [0, 0, 0],
					"position": [0, 0, 0]
				}
			},
			"sound_effects": {
				"0.5833": {
					"effect": "ebony_inspectempty"
				},
				"0.875": {
					"effect": "ebony_inspectempty"
				}
			}
		},
		"shoot": {
			"animation_length": 0.75,
			"bones": {
				"hammer": {
					"rotation": {
						"0.0": [0, 0, 0],
						"0.0417": [11, 0, 0],
						"0.0833": [0, 0, 0]
					},
					"position": [0, 0, 0]
				},
				"slide": {
					"rotation": {
						"0.0": [0, 0, 0],
						"0.0417": [0, 0, 0],
						"0.0833": [0, 0, 0]
					},
					"position": {
						"0.0": [0, 0, 0],
						"0.0417": [0, 0, 0.90625],
						"0.0833": [0, 0, 0]
					}
				},
				"trigger": {
					"rotation": [0, 0, 0],
					"position": {
						"0.0": [0, 0, 0],
						"0.0417": [0, 0, 0.09375],
						"0.0833": [0, 0, 0]
					}
				},
				"root": {
					"rotation": {
						"0.0": [0, 0, 0],
						"0.0417": [0, 0, 0],
						"0.0833": [-17, 0, 0],
						"0.125": [-25, 0, 0],
						"0.1667": [-16.67, 0, 0],
						"0.2083": [-8.33, 0, 0],
						"0.25": [0, 0, 0]
					},
					"position": {
						"0.0": [0, 0, 0.09375],
						"0.0417": [0, 0.625, 0.56375],
						"0.0833": [0, 1.3175, 0.75375],
						"0.125": [0, 1.95, 0.41],
						"0.1667": [0, 1.3, 0.4475],
						"0.2083": [0, 0.65, 0.77625],
						"0.25": [0, 0, 0]
					}
				},
				"constraint": {
					"rotation": {
						"0.125": [0.4, 0.1, 0.2],
						"0.25": [0, 0, 0]
					},
					"position": {
						"0.125": [0.1, 0.1, 0.2],
						"0.25": [0, 0, 0]
					}
				},
				"camera": {
					"rotation": {
						"0.0": [0, 0, 0],
						"0.0417": [0.5, 0, 0],
						"0.0833": [-0.2, 0, 0],
						"0.125": [0.3, 0, 0],
						"0.1667": [-0.1, 0, 0],
						"0.2083": [-0.05, 0, 0],
						"0.25": [0, 0, 0]
					}
				}
			},
			"sound_effects": {
				"0.0833": {
					"effect": "ebony_fire"
				}
			}
		},
		"static_bolt_caught": {
			"loop": true,
			"bones": {
				"lefthand": {
					"rotation": [79.97006, 6.98286, -0.49073],
					"position": [7.625, -9.15625, 0.34375]
				},
				"righthand": {
					"rotation": [79.98477, -4.98779, 0.34967],
					"position": [-4.9375, -9.0625, 0.1875]
				},
				"slide": {
					"rotation": [0, 0, 0],
					"position": [0, 0, 0.90625]
				},
				"constraint": {
					"rotation": [0, 0, 0],
					"position": [0, 0, 0]
				}
			}
		}
	}
}