{
	"format_version": "1.8.0",
	"animations": {
		"static_idle": {
			"animation_length": 0.2083,
			"bones": {
				"lefthand": {
					"rotation": [81.90741, 40.56028, -12.61586],
					"position": [7.15625, -10.28125, -9.5625]
				},
				"righthand": {
					"rotation": [68, 0, 0],
					"position": [-4.5625, -10.25, -2.1875]
				}
			}
		},
		"draw": {
			"animation_length": 0.625,
			"bones": {
				"root": {
					"rotation": {
						"0.0": [34.94, -64, 0],
						"0.0417": [31.19, -60.38, 1.7],
						"0.0833": [25.99, -55.18, 3.9],
						"0.125": [21.94, -49.79, 4.51],
						"0.1667": [20.93, -46.35, 2.72],
						"0.2083": [20.99, -43.05, -0.42],
						"0.25": [20.85, -39.14, -3.54],
						"0.2917": [19.26, -33.86, -5.26],
						"0.3333": [17.51, -30.25, -5.29],
						"0.375": [15.16, -25.86, -4.88],
						"0.4167": [12.41, -20.99, -4.16],
						"0.4583": [9.46, -15.93, -3.24],
						"0.5": [6.54, -11.01, -2.25],
						"0.5417": [3.85, -6.5, -1.3],
						"0.5833": [1.6, -2.73, -0.51],
						"0.625": [0, 0, 0]
					},
					"position": {
						"0.0": [12.31, -9.44, 0],
						"0.0417": [11.63, -8.4, 0],
						"0.0833": [10.64, -6.93, 0],
						"0.125": [9.58, -5.57, 0],
						"0.1667": [8.77, -4.79, 0],
						"0.2083": [7.91, -4.07, 0],
						"0.25": [7.03, -3.41, 0],
						"0.2917": [6.16, -2.78, 0],
						"0.3333": [5.29, -2.17, 0],
						"0.375": [4.41, -1.58, 0],
						"0.4167": [3.55, -1.06, 0],
						"0.4583": [2.74, -0.65, 0],
						"0.5": [1.94, -0.36, 0],
						"0.5417": [1.16, -0.19, 0],
						"0.5833": [0.48, -0.08, 0],
						"0.625": [0, 0, 0]
					}
				},
				"lefthand": {
					"rotation": [81.90741, 40.56028, -12.61586],
					"position": [7.15625, -10.28125, -9.5625]
				},
				"righthand": {
					"rotation": [68, 0, 0],
					"position": [-4.5625, -10.25, -2.1875]
				}
			}
		},
		"put_away": {
			"animation_length": 0.5833,
			"bones": {
				"root": {
					"rotation": {
						"0.0": [0, 0, 0],
						"0.0417": [2.02, -3.41, -0.53],
						"0.0833": [4.92, -8.31, -1.31],
						"0.125": [8.14, -13.69, -2.07],
						"0.1667": [11.12, -18.5, -2.58],
						"0.2083": [14.65, -23.75, -2.51],
						"0.25": [18.08, -28.62, -2.13],
						"0.2917": [21.34, -33.44, -2.3],
						"0.3333": [24.3, -38.32, -3.74],
						"0.375": [27.1, -43.15, -5.74],
						"0.4167": [30.07, -47.99, -6.99],
						"0.4583": [32.77, -51.97, -6.93],
						"0.5": [35.75, -56.18, -6.32],
						"0.5417": [38.46, -59.94, -5.57],
						"0.5833": [40.34, -62.56, -5.07]
					},
					"position": {
						"0.0": [0, 0, 0],
						"0.0417": [0.38, -0.07, 0],
						"0.0833": [0.93, -0.17, 0],
						"0.125": [1.58, -0.33, 0],
						"0.1667": [2.28, -0.59, 0],
						"0.2083": [3.35, -1.13, 0],
						"0.25": [4.54, -1.82, 0],
						"0.2917": [5.62, -2.62, 0],
						"0.3333": [6.5, -3.45, 0],
						"0.375": [7.26, -4.39, 0],
						"0.4167": [7.99, -5.58, 0],
						"0.4583": [8.57, -6.86, 0],
						"0.5": [9.16, -8.4, 0],
						"0.5417": [9.67, -9.84, 0],
						"0.5833": [10.03, -10.84, 0]
					}
				},
				"lefthand": {
					"rotation": {
						"0.0": [81.91, 40.56, -12.62],
						"0.0417": [68.69, 36.39, -23.21],
						"0.0833": [50.46, 30.68, -37.81],
						"0.125": [36.81, 26.64, -48.61],
						"0.1667": [32.85, 25.88, -51.52],
						"0.2083": [32.06, 26.32, -51.8],
						"0.25": [32.68, 27.19, -50.95],
						"0.2917": [32.95, 27.74, -50.49],
						"0.3333": [32.75, 27.79, -50.59],
						"0.375": [32.67, 27.82, -50.62],
						"0.4167": [32.68, 27.81, -50.62],
						"0.4583": [32.75, 27.79, -50.59],
						"0.5": [32.84, 27.77, -50.54],
						"0.5417": [32.92, 27.75, -50.5],
						"0.5833": [32.95, 27.74, -50.49]
					},
					"position": {
						"0.0": [7.16, -10.28, -9.56],
						"0.0417": [7.16, -9.29, -9.56],
						"0.0833": [7.16, -7.92, -9.56],
						"0.125": [7.16, -6.94, -9.56],
						"0.1667": [7.16, -6.71, -9.56],
						"0.2083": [7.16, -6.74, -9.56],
						"0.25": [7.16, -6.89, -9.56],
						"0.2917": [7.16, -6.97, -9.56],
						"0.3333": [7.16, -6.97, -9.56],
						"0.375": [7.16, -6.97, -9.56],
						"0.4167": [7.16, -6.97, -9.56],
						"0.4583": [7.16, -6.97, -9.56],
						"0.5": [7.16, -6.97, -9.56],
						"0.5417": [7.16, -6.97, -9.56],
						"0.5833": [7.16, -6.97, -9.56]
					}
				},
				"righthand": {
					"rotation": [68, 0, 0],
					"position": [-4.5625, -10.25, -2.1875]
				}
			}
		},
		"reload_empty": {
			"animation_length": 3.8333,
			"bones": {
				"root": {
					"rotation": {
						"0.0": [0, 0, 0],
						"0.0417": [-1.6, -1.51, -4.41],
						"0.0833": [-3.9, -3.69, -10.87],
						"0.125": [-6.53, -6.17, -18.08],
						"0.1667": [-9.12, -8.58, -24.75],
						"0.2083": [-11.31, -10.58, -29.56],
						"0.25": [-12.23, -11.38, -31.07],
						"0.2917": [-13.12, -12.12, -32.18],
						"0.3333": [-13.98, -12.81, -32.97],
						"0.375": [-14.8, -13.45, -33.48],
						"0.4167": [-15.58, -14.05, -33.8],
						"0.4583": [-16.31, -14.61, -33.97],
						"0.5": [-16.99, -15.14, -34.07],
						"0.5417": [-17.61, -15.64, -34.16],
						"0.5833": [-18.18, -16.12, -34.3],
						"0.625": [-18.69, -16.58, -34.56],
						"0.6667": [-19.46, -17.33, -35.05],
						"0.7083": [-19.97, -17.87, -35.28],
						"0.75": [-20.29, -18.33, -35.45],
						"0.7917": [-20.53, -18.86, -35.72],
						"0.8333": [-20.77, -19.57, -36.26],
						"0.875": [-20.88, -19.92, -36.59],
						"0.9167": [-20.97, -20.33, -36.98],
						"0.9583": [-21.05, -20.78, -37.43],
						"1.0": [-21.12, -21.26, -37.92],
						"1.0417": [-21.18, -21.75, -38.44],
						"1.0833": [-21.24, -22.25, -38.97],
						"1.125": [-21.29, -22.75, -39.51],
						"1.1667": [-21.33, -23.24, -40.03],
						"1.2083": [-21.37, -23.7, -40.53],
						"1.25": [-21.4, -24.12, -40.99],
						"1.2917": [-21.43, -24.5, -41.4],
						"1.3333": [-21.46, -24.82, -41.75],
						"1.375": [-21.49, -25.07, -42.01],
						"1.4167": [-21.52, -25.33, -42.29],
						"1.4583": [-21.54, -25.46, -42.41],
						"1.5": [-21.54, -25.47, -42.43],
						"1.5417": [-21.53, -25.41, -42.37],
						"1.5833": [-21.52, -25.31, -42.26],
						"1.625": [-21.51, -25.2, -42.14],
						"1.6667": [-21.49, -25.11, -42.05],
						"1.7083": [-21.49, -25.07, -42.01],
						"1.75": [-21.5, -25.12, -42.06],
						"1.7917": [-21.51, -25.23, -42.18],
						"1.8333": [-21.53, -25.36, -42.31],
						"1.875": [-21.54, -25.45, -42.41],
						"1.9167": [-21.54, -25.47, -42.43],
						"1.9583": [-21.53, -25.36, -42.31],
						"2.0": [-21.49, -25.07, -42.01],
						"2.0417": [-21.44, -24.64, -41.54],
						"2.0833": [-21.39, -24.06, -40.88],
						"2.125": [-21.33, -23.38, -40.1],
						"2.1667": [-21.26, -22.62, -39.24],
						"2.2083": [-21.17, -21.82, -38.37],
						"2.25": [-21.06, -21.02, -37.55],
						"2.2917": [-20.93, -20.26, -36.82],
						"2.3333": [-20.77, -19.57, -36.26],
						"2.375": [-20.56, -18.73, -35.78],
						"2.4167": [-20.37, -17.91, -35.51],
						"2.4583": [-20.15, -17.12, -35.36],
						"2.5": [-19.82, -16.34, -35.22],
						"2.5417": [-19.36, -15.58, -34.99],
						"2.5833": [-18.69, -14.83, -34.56],
						"2.625": [-17.68, -14.04, -33.86],
						"2.6667": [-16.35, -13.22, -32.95],
						"2.7083": [-14.87, -12.4, -31.95],
						"2.75": [-13.42, -11.66, -30.98],
						"2.7917": [-12.18, -11.03, -30.14],
						"2.8333": [-11.31, -10.58, -29.56],
						"2.875": [-10.96, -10.37, -29.32],
						"2.9167": [-10.79, -10.28, -29.21],
						"2.9583": [-10.77, -10.27, -29.19],
						"3.0": [-10.85, -10.31, -29.25],
						"3.0417": [-10.99, -10.39, -29.34],
						"3.0833": [-11.14, -10.48, -29.44],
						"3.125": [-11.26, -10.55, -29.52],
						"3.1667": [-11.31, -10.58, -29.56],
						"3.2083": [-11.37, -10.63, -29.72],
						"3.25": [-11.53, -10.78, -30.13],
						"3.2917": [-11.73, -10.97, -30.65],
						"3.3333": [-11.93, -11.16, -31.18],
						"3.375": [-12.09, -11.3, -31.59],
						"3.4167": [-12.15, -11.36, -31.75],
						"3.4583": [-12.07, -11.29, -31.54],
						"3.5": [-11.81, -11.04, -30.86],
						"3.5417": [-11.31, -10.58, -29.56],
						"3.5833": [-10.19, -9.53, -26.63],
						"3.625": [-8.57, -8.02, -22.41],
						"3.6667": [-6.66, -6.23, -17.41],
						"3.7083": [-4.65, -4.35, -12.15],
						"3.75": [-2.74, -2.56, -7.15],
						"3.7917": [-1.12, -1.05, -2.93],
						"3.8333": [0, 0, 0]
					},
					"position": {
						"0.0": [0, 0, 0],
						"0.0417": [-0.03, 0, 0],
						"0.0833": [-0.08, 0, 0],
						"0.125": [-0.14, 0, 0],
						"0.1667": [-0.19, 0, 0],
						"0.2083": [-0.22, 0, 0],
						"0.25": [-0.23, 0, 0],
						"0.2917": [-0.23, 0, 0],
						"0.3333": [-0.23, 0, 0],
						"0.375": [-0.23, -0.01, 0],
						"0.4167": [-0.23, -0.01, 0],
						"0.4583": [-0.23, -0.01, 0],
						"0.5": [-0.23, -0.01, 0],
						"0.5417": [-0.22, -0.01, 0],
						"0.5833": [-0.22, -0.01, 0],
						"0.625": [-0.22, 0, 0],
						"0.6667": [-0.22, 0, 0],
						"0.7083": [-0.22, 0.02, 0],
						"0.75": [-0.22, 0.05, 0],
						"0.7917": [-0.22, 0.08, 0],
						"0.8333": [-0.22, 0.11, 0],
						"0.875": [-0.22, 0.13, 0],
						"0.9167": [-0.22, 0.13, 0],
						"0.9583": [-0.22, 0.13, 0],
						"1.0": [-0.22, 0.13, 0],
						"1.0417": [-0.22, 0.14, 0],
						"1.0833": [-0.22, 0.14, 0],
						"1.125": [-0.22, 0.14, 0],
						"1.1667": [-0.22, 0.13, 0],
						"1.2083": [-0.22, 0.13, 0],
						"1.25": [-0.22, 0.13, 0],
						"1.2917": [-0.22, 0.13, 0],
						"1.3333": [-0.22, 0.13, 0],
						"1.375": [-0.22, 0.13, 0],
						"1.4167": [-0.22, 0.13, 0],
						"1.4583": [-0.22, 0.13, 0],
						"1.5": [-0.22, 0.13, 0],
						"1.5417": [-0.22, 0.13, 0],
						"1.5833": [-0.22, 0.13, 0],
						"1.625": [-0.22, 0.13, 0],
						"1.6667": [-0.22, 0.13, 0],
						"1.7083": [-0.22, 0.13, 0],
						"1.75": [-0.22, 0.13, 0],
						"1.7917": [-0.22, 0.13, 0],
						"1.8333": [-0.22, 0.13, 0],
						"1.875": [-0.22, 0.13, 0],
						"1.9167": [-0.22, 0.13, 0],
						"1.9583": [-0.22, 0.13, 0],
						"2.0": [-0.22, 0.13, 0],
						"2.0417": [-0.22, 0.13, 0],
						"2.0833": [-0.22, 0.13, 0],
						"2.125": [-0.22, 0.13, 0],
						"2.1667": [-0.22, 0.14, 0],
						"2.2083": [-0.22, 0.14, 0],
						"2.25": [-0.22, 0.14, 0],
						"2.2917": [-0.22, 0.14, 0],
						"2.3333": [-0.22, 0.14, 0],
						"2.375": [-0.22, 0.13, 0],
						"2.4167": [-0.22, 0.11, 0],
						"2.4583": [-0.22, 0.09, 0],
						"2.5": [-0.22, 0.07, 0],
						"2.5417": [-0.22, 0.04, 0],
						"2.5833": [-0.22, 0.02, 0],
						"2.625": [-0.22, 0, 0],
						"2.6667": [-0.22, -0.01, 0],
						"2.7083": [-0.22, -0.01, 0],
						"2.75": [-0.22, -0.01, 0],
						"2.7917": [-0.22, 0, 0],
						"2.8333": [-0.22, 0, 0],
						"2.875": [-0.22, 0, 0],
						"2.9167": [-0.22, 0, 0],
						"2.9583": [-0.22, 0, 0],
						"3.0": [-0.22, 0, 0],
						"3.0417": [-0.22, 0, 0],
						"3.0833": [-0.22, 0, 0],
						"3.125": [-0.22, 0, 0],
						"3.1667": [-0.22, 0, 0],
						"3.2083": [-0.22, 0, 0],
						"3.25": [-0.22, 0, 0],
						"3.2917": [-0.23, 0, 0],
						"3.3333": [-0.23, 0, 0],
						"3.375": [-0.23, 0, 0],
						"3.4167": [-0.23, 0, 0],
						"3.4583": [-0.23, 0, 0],
						"3.5": [-0.23, 0, 0],
						"3.5417": [-0.22, 0, 0],
						"3.5833": [-0.2, 0, 0],
						"3.625": [-0.17, 0, 0],
						"3.6667": [-0.13, 0, 0],
						"3.7083": [-0.09, 0, 0],
						"3.75": [-0.05, 0, 0],
						"3.7917": [-0.02, 0, 0],
						"3.8333": [0, 0, 0]
					}
				},
				"lefthand": {
					"rotation": {
						"0.0": [81.91, 40.56, -12.62],
						"0.0417": [81.95, 40.37, -12.57],
						"0.0833": [82.03, 39.94, -12.45],
						"0.125": [82.12, 39.51, -12.34],
						"0.1667": [82.15, 39.32, -12.29],
						"0.2083": [82.1, 39.59, -12.36],
						"0.25": [81.91, 40.56, -12.62],
						"0.2917": [81.4, 43.11, -13.28],
						"0.3333": [80.65, 46.86, -14.26],
						"0.375": [79.83, 51.02, -15.34],
						"0.4167": [79.08, 54.78, -16.32],
						"0.4583": [78.57, 57.32, -16.99],
						"0.5": [78.49, 58.4, -17.27],
						"0.5417": [78.72, 58.53, -17.3],
						"0.5833": [78.99, 58.13, -17.2],
						"0.625": [79.03, 57.59, -17.06],
						"0.6667": [78.57, 57.32, -16.99],
						"0.7083": [77.63, 57.29, -16.97],
						"0.75": [76.27, 57.22, -16.91],
						"0.7917": [74.68, 57.15, -16.86],
						"0.8333": [73.07, 57.11, -16.84],
						"0.875": [71.63, 57.16, -16.87],
						"0.9167": [70.57, 57.32, -16.99],
						"0.9583": [69.75, 57.75, -17.29],
						"1.0": [69.21, 58.38, -17.74],
						"1.0417": [68.9, 59.08, -18.24],
						"1.0833": [68.8, 59.71, -18.69],
						"1.125": [68.86, 60.13, -18.99],
						"1.1667": [71.63, 60.47, -17],
						"1.2083": [74.93, 60.49, -14.78],
						"1.25": [71.86, 60.13, -18.99],
						"1.2917": [61.03, 59.44, -30.75],
						"1.3333": [44.87, 58.43, -47.92],
						"1.375": [28.62, 57.41, -65.1],
						"1.4167": [17.51, 56.72, -76.85],
						"1.4583": [14.91, 56.56, -79.62],
						"1.5": [13.69, 56.48, -80.92],
						"1.5417": [13.53, 56.47, -81.09],
						"1.5833": [14.11, 56.51, -80.47],
						"1.625": [15.12, 56.57, -79.39],
						"1.6667": [16.24, 56.64, -78.21],
						"1.7083": [17.14, 56.7, -77.25],
						"1.75": [17.51, 56.72, -76.85],
						"1.7917": [17.2, 56.72, -77.15],
						"1.8333": [16.49, 56.71, -77.85],
						"1.875": [15.68, 56.7, -78.64],
						"1.9167": [15.07, 56.7, -79.24],
						"1.9583": [14.97, 56.69, -79.34],
						"2.0": [15.68, 56.7, -78.64],
						"2.0417": [17.51, 56.72, -76.85],
						"2.0833": [20.26, 56.75, -74.15],
						"2.125": [23.98, 56.78, -70.5],
						"2.1667": [28.42, 56.83, -66.15],
						"2.2083": [33.32, 56.88, -61.35],
						"2.25": [38.42, 56.93, -56.35],
						"2.2917": [43.47, 56.98, -51.39],
						"2.3333": [48.22, 57.03, -46.74],
						"2.375": [52.4, 57.07, -42.64],
						"2.4167": [57.57, 57.12, -37.57],
						"2.4583": [62.74, 57.17, -32.51],
						"2.5": [67.67, 57.22, -27.68],
						"2.5417": [72.11, 57.26, -23.32],
						"2.5833": [75.83, 57.3, -19.68],
						"2.625": [78.57, 57.32, -16.99],
						"2.6667": [80.73, 57.12, -15.03],
						"2.7083": [81.89, 56.69, -14.2],
						"2.75": [81.98, 56.35, -14.34],
						"2.7917": [80.91, 56.45, -15.32],
						"2.8333": [78.57, 57.32, -16.99],
						"2.875": [75.61, 58.68, -18.94],
						"2.9167": [71.34, 60.64, -21.75],
						"2.9583": [66.29, 62.96, -25.09],
						"3.0": [60.97, 65.39, -28.59],
						"3.0417": [55.92, 67.71, -31.92],
						"3.0833": [51.65, 69.67, -34.73],
						"3.125": [48.68, 71.02, -36.69],
						"3.1667": [46.58, 71.99, -38.07],
						"3.2083": [46.81, 71.88, -37.92],
						"3.25": [47.98, 71.34, -37.15],
						"3.2917": [48.68, 71.02, -36.69],
						"3.3333": [48.68, 71.02, -36.69],
						"3.375": [48.68, 71.02, -36.69],
						"3.4167": [48.68, 71.02, -36.69],
						"3.4583": [47.45, 72.15, -37.58],
						"3.5": [46.22, 73.28, -38.47],
						"3.5417": [48.68, 71.02, -36.69],
						"3.5833": [51.98, 68, -34.3],
						"3.625": [56.72, 63.65, -30.86],
						"3.6667": [62.34, 58.5, -26.79],
						"3.7083": [68.25, 53.08, -22.51],
						"3.75": [73.87, 47.93, -18.44],
						"3.7917": [78.61, 43.58, -15],
						"3.8333": [81.91, 40.56, -12.62]
					},
					"position": {
						"0.0": [7.16, -10.28, -9.56],
						"0.0417": [7.14, -10.28, -9.62],
						"0.0833": [7.11, -10.28, -9.74],
						"0.125": [7.07, -10.28, -9.86],
						"0.1667": [7.06, -10.28, -9.91],
						"0.2083": [7.08, -10.28, -9.84],
						"0.25": [7.16, -10.28, -9.56],
						"0.2917": [7.36, -10.28, -8.84],
						"0.3333": [7.65, -10.28, -7.78],
						"0.375": [7.98, -10.28, -6.6],
						"0.4167": [8.27, -10.28, -5.53],
						"0.4583": [8.47, -10.28, -4.81],
						"0.5": [8.56, -10.22, -4.51],
						"0.5417": [8.57, -10.09, -4.47],
						"0.5833": [8.54, -10, -4.58],
						"0.625": [8.49, -10.03, -4.73],
						"0.6667": [8.47, -10.28, -4.81],
						"0.7083": [8.48, -10.73, -4.82],
						"0.75": [8.48, -11.36, -4.83],
						"0.7917": [8.49, -12.1, -4.85],
						"0.8333": [8.49, -12.88, -4.86],
						"0.875": [8.49, -13.6, -4.85],
						"0.9167": [8.47, -14.19, -4.81],
						"0.9583": [8.42, -14.69, -4.71],
						"1.0": [8.35, -15.05, -4.56],
						"1.0417": [8.27, -15.37, -4.4],
						"1.0833": [8.2, -15.74, -4.25],
						"1.125": [8.16, -16.25, -4.15],
						"1.1667": [7.88, -17.5, -4.21],
						"1.2083": [7.64, -18.98, -4.34],
						"1.25": [8.16, -20.31, -4.15],
						"1.2917": [9.56, -21.18, -3.58],
						"1.3333": [11.61, -21.99, -2.74],
						"1.375": [13.66, -22.67, -1.91],
						"1.4167": [15.07, -23.15, -1.34],
						"1.4583": [15.4, -23.29, -1.2],
						"1.5": [15.55, -23.35, -1.14],
						"1.5417": [15.57, -23.36, -1.13],
						"1.5833": [15.5, -23.33, -1.16],
						"1.625": [15.37, -23.28, -1.21],
						"1.6667": [15.23, -23.22, -1.27],
						"1.7083": [15.11, -23.17, -1.32],
						"1.75": [15.07, -23.15, -1.34],
						"1.7917": [15.13, -23.23, -1.3],
						"1.8333": [15.28, -23.4, -1.21],
						"1.875": [15.45, -23.6, -1.11],
						"1.9167": [15.58, -23.74, -1.03],
						"1.9583": [15.6, -23.77, -1.02],
						"2.0": [15.45, -23.6, -1.11],
						"2.0417": [15.07, -23.15, -1.34],
						"2.0833": [14.45, -22.47, -1.72],
						"2.125": [13.57, -21.54, -2.26],
						"2.1667": [12.51, -20.43, -2.91],
						"2.2083": [11.37, -19.21, -3.61],
						"2.25": [10.24, -17.95, -4.3],
						"2.2917": [9.2, -16.73, -4.93],
						"2.3333": [8.35, -15.63, -5.43],
						"2.375": [7.77, -14.71, -5.76],
						"2.4167": [7.43, -13.68, -5.9],
						"2.4583": [7.44, -12.77, -5.8],
						"2.5": [7.66, -11.97, -5.56],
						"2.5417": [7.99, -11.28, -5.25],
						"2.5833": [8.3, -10.72, -4.98],
						"2.625": [8.47, -10.28, -4.81],
						"2.6667": [8.51, -9.97, -4.75],
						"2.7083": [8.49, -9.88, -4.74],
						"2.75": [8.46, -9.94, -4.76],
						"2.7917": [8.44, -10.1, -4.79],
						"2.8333": [8.47, -10.28, -4.81],
						"2.875": [8.53, -10.46, -4.82],
						"2.9167": [8.62, -10.71, -4.84],
						"2.9583": [8.73, -11.01, -4.86],
						"3.0": [8.84, -11.33, -4.88],
						"3.0417": [8.94, -11.63, -4.9],
						"3.0833": [9.03, -11.88, -4.92],
						"3.125": [9.1, -12.06, -4.93],
						"3.1667": [9.14, -12.19, -4.94],
						"3.2083": [9.13, -12.17, -4.94],
						"3.25": [9.11, -12.1, -4.94],
						"3.2917": [9.1, -12.06, -4.93],
						"3.3333": [9.1, -12.06, -4.93],
						"3.375": [9.1, -12.06, -4.93],
						"3.4167": [9.1, -12.06, -4.93],
						"3.4583": [9.17, -12.13, -4.76],
						"3.5": [9.24, -12.19, -4.59],
						"3.5417": [9.1, -12.06, -4.93],
						"3.5833": [8.9, -11.88, -5.39],
						"3.625": [8.63, -11.63, -6.05],
						"3.6667": [8.3, -11.33, -6.84],
						"3.7083": [7.95, -11.01, -7.66],
						"3.75": [7.63, -10.71, -8.44],
						"3.7917": [7.35, -10.46, -9.1],
						"3.8333": [7.16, -10.28, -9.56]
					}
				},
				"magazine": {
					"rotation": {
						"0.6667": [0, 0, 0],
						"0.7083": [0.23, 0, 0],
						"0.75": [0.74, 0, 0],
						"0.7917": [1.25, 0, 0],
						"0.8333": [1.48, 0, 0],
						"0.875": [1.16, 0, 0],
						"0.9167": [0, 0, 0],
						"0.9583": [-2.9, 0, 0],
						"1.0": [-7.09, 0, 0],
						"1.0417": [-11.83, 0, 0],
						"1.0833": [-16.38, 0, 0],
						"1.125": [-20, 0, 0],
						"1.1667": [-23.63, 0, 0],
						"1.2083": [-26.04, 0, 0],
						"1.25": [-29, 0, 0],
						"1.2917": [-32.48, 0, 0],
						"1.3333": [-36.56, 0, 0],
						"1.375": [-40.37, 0, 0],
						"1.4167": [-43, 0, 0],
						"1.4583": [-43.67, 0, 0],
						"1.5": [-43.98, 0, 0],
						"1.5417": [-44.03, 0, 0],
						"1.5833": [-43.87, 0, 0],
						"1.625": [-43.62, 0, 0],
						"1.6667": [-43.33, 0, 0],
						"1.7083": [-43.1, 0, 0],
						"1.75": [-43, 0, 0],
						"1.7917": [-43.27, 0, 0],
						"1.8333": [-43.89, 0, 0],
						"1.875": [-44.6, 0, 0],
						"1.9167": [-45.14, 0, 0],
						"1.9583": [-45.23, 0, 0],
						"2.0": [-44.6, 0, 0],
						"2.0417": [-43, 0, 0],
						"2.0833": [-40.52, 0, 0],
						"2.125": [-37.08, 0, 0],
						"2.1667": [-32.98, 0, 0],
						"2.2083": [-28.49, 0, 0],
						"2.25": [-23.91, 0, 0],
						"2.2917": [-19.51, 0, 0],
						"2.3333": [-15.59, 0, 0],
						"2.375": [-12.43, 0, 0],
						"2.4167": [-10.57, 0, 0],
						"2.4583": [-8.9, 0, 0],
						"2.5": [-7.4, 0, 0],
						"2.5417": [-6.05, 0, 0],
						"2.5833": [-4.85, 0, 0],
						"2.625": [-3.79, 0, 0],
						"2.6667": [-2.84, 0, 0],
						"2.7083": [-2, 0, 0],
						"2.75": [-1.26, 0, 0],
						"2.7917": [-0.59, 0, 0],
						"2.8333": [0, 0, 0],
						"2.875": [0.72, 0, 0],
						"2.9167": [0.92, 0, 0],
						"2.9583": [0.78, 0, 0],
						"3.0": [0.46, 0, 0],
						"3.0417": [0.14, 0, 0],
						"3.0833": [0, 0, 0],
						"3.125": [0, 0, 0],
						"3.1667": [0, 0, 22.5],
						"3.2083": [0, 0, 45],
						"3.25": [0, 0, 67.5],
						"3.2917": [0, 0, 90],
						"3.3333": [0, 0, 112.5],
						"3.375": [0, 0, 135],
						"3.4167": [0, 0, 157.5]
					},
					"position": {
						"0.6667": [0, 0, 0],
						"0.7083": [0, -0.38, 0.04],
						"0.75": [0, -0.93, 0.11],
						"0.7917": [0, -1.57, 0.19],
						"0.8333": [0, -2.23, 0.22],
						"0.875": [0, -2.86, 0.18],
						"0.9167": [0, -3.37, 0],
						"0.9583": [0, -3.83, -0.44],
						"1.0": [0, -4.18, -1.07],
						"1.0417": [0, -4.49, -1.79],
						"1.0833": [0, -4.84, -2.48],
						"1.125": [0, -5.31, -3.03],
						"1.1667": [-0.24, -6.43, -3.71],
						"1.2083": [-0.48, -7.73, -4.21],
						"1.25": [0, -8.81, -4.4],
						"1.2917": [0.94, -9.26, -4.29],
						"1.3333": [2.3, -9.61, -4.01],
						"1.375": [3.83, -9.89, -3.65],
						"1.4167": [5.3, -10.11, -3.31],
						"1.4583": [6.47, -10.31, -3.09],
						"1.5": [7.09, -10.43, -3.02],
						"1.5417": [7.63, -10.51, -2.99],
						"1.5833": [8.09, -10.57, -3],
						"1.625": [8.48, -10.61, -3.02],
						"1.6667": [8.81, -10.64, -3.05],
						"1.7083": [9.09, -10.66, -3.08],
						"1.75": [9.31, -10.68, -3.09],
						"1.7917": [9.55, -10.78, -3.09],
						"1.8333": [9.81, -10.97, -3.1],
						"1.875": [10.04, -11.18, -3.12],
						"1.9167": [10.16, -11.33, -3.13],
						"1.9583": [10.12, -11.35, -3.13],
						"2.0": [9.86, -11.16, -3.12],
						"2.0417": [9.31, -10.68, -3.09],
						"2.0833": [8.47, -9.95, -3.06],
						"2.125": [7.27, -8.91, -3.03],
						"2.1667": [5.83, -7.68, -3],
						"2.2083": [4.27, -6.33, -2.96],
						"2.25": [2.73, -4.97, -2.91],
						"2.2917": [1.3, -3.7, -2.82],
						"2.3333": [0.13, -2.59, -2.69],
						"2.375": [-0.68, -1.76, -2.53],
						"2.4167": [-1.02, -1.32, -2.36],
						"2.4583": [-1.2, -0.98, -2.15],
						"2.5": [-1.24, -0.72, -1.91],
						"2.5417": [-1.19, -0.52, -1.65],
						"2.5833": [-1.05, -0.38, -1.37],
						"2.625": [-0.86, -0.28, -1.09],
						"2.6667": [-0.65, -0.21, -0.82],
						"2.7083": [-0.42, -0.16, -0.56],
						"2.75": [-0.23, -0.12, -0.33],
						"2.7917": [-0.08, -0.07, -0.14],
						"2.8333": [0, 0, 0],
						"2.875": [0.04, 0.1, 0.15],
						"2.9167": [0.05, 0.13, 0.19],
						"2.9583": [0.04, 0.11, 0.16],
						"3.0": [0.03, 0.07, 0.09],
						"3.0417": [0.01, 0.02, 0.03],
						"3.0833": [0, 0, 0],
						"3.125": [0, 0, 0],
						"3.1667": [-2.87, 5.03, 0],
						"3.2083": [-3.44, 10.78, 0],
						"3.25": [-2.12, 16.56, 0],
						"3.2917": [1.56, 20.94, 0],
						"3.3333": [6.53, 24, 0],
						"3.375": [12.31, 24.91, 0],
						"3.4167": [17.75, 23.38, 0]
					}
				},
				"righthand": {
					"rotation": [68, 0, 0],
					"position": [-4.5625, -10.25, -2.1875]
				},
				"constraint": {
					"rotation": {
						"0.0": [0, 0, 0],
						"0.25": [0.2, 0.2, 0.2],
						"0.75": [0.3, 0.3, 0.3],
						"1.9583": [0.3, 0.3, 0.3],
						"2.5": [0.2, 0.2, 0.2],
						"3.8333": [0, 0, 0]
					},
					"position": {
						"0.0": [0, 0, 0],
						"0.25": [1.28125, 0, 0],
						"0.75": [1.28, 0, 0],
						"1.9583": [1.28, 0, 0],
						"2.5": [0.7175, 0, 0],
						"3.8333": [0, 0, 0]
					}
				}
			},
			"sound_effects": {
				"0.6667": {
					"effect": "grenadegun_reloadempty"
				}
			}
		},
		"reload_tactical": {
			"animation_length": 3.3333,
			"bones": {
				"root": {
					"rotation": {
						"0.0": [0, 0, 0],
						"0.0417": [-1.6, -1.51, -4.41],
						"0.0833": [-3.9, -3.69, -10.87],
						"0.125": [-6.53, -6.17, -18.08],
						"0.1667": [-9.12, -8.58, -24.75],
						"0.2083": [-11.31, -10.58, -29.56],
						"0.25": [-12.23, -11.38, -31.07],
						"0.2917": [-13.12, -12.12, -32.18],
						"0.3333": [-13.98, -12.81, -32.97],
						"0.375": [-14.8, -13.45, -33.48],
						"0.4167": [-15.58, -14.05, -33.8],
						"0.4583": [-16.31, -14.61, -33.97],
						"0.5": [-16.99, -15.14, -34.07],
						"0.5417": [-17.61, -15.64, -34.16],
						"0.5833": [-18.18, -16.12, -34.3],
						"0.625": [-18.69, -16.58, -34.56],
						"0.6667": [-19.46, -17.33, -35.05],
						"0.7083": [-19.97, -17.87, -35.28],
						"0.75": [-20.29, -18.33, -35.45],
						"0.7917": [-20.53, -18.86, -35.72],
						"0.8333": [-20.77, -19.57, -36.26],
						"0.875": [-20.87, -19.9, -36.56],
						"0.9167": [-20.95, -20.27, -36.92],
						"0.9583": [-21.03, -20.68, -37.33],
						"1.0": [-21.1, -21.12, -37.78],
						"1.0417": [-21.16, -21.57, -38.25],
						"1.0833": [-21.21, -22.04, -38.74],
						"1.125": [-21.26, -22.51, -39.24],
						"1.1667": [-21.31, -22.97, -39.74],
						"1.2083": [-21.34, -23.41, -40.22],
						"1.25": [-21.38, -23.83, -40.67],
						"1.2917": [-21.41, -24.21, -41.09],
						"1.3333": [-21.44, -24.55, -41.46],
						"1.375": [-21.46, -24.84, -41.77],
						"1.4167": [-21.49, -25.07, -42.01],
						"1.4583": [-21.52, -25.33, -42.29],
						"1.5": [-21.54, -25.46, -42.41],
						"1.5417": [-21.54, -25.47, -42.43],
						"1.5833": [-21.53, -25.41, -42.37],
						"1.625": [-21.52, -25.31, -42.26],
						"1.6667": [-21.51, -25.2, -42.14],
						"1.7083": [-21.49, -25.11, -42.05],
						"1.75": [-21.49, -25.07, -42.01],
						"1.7917": [-21.49, -25.07, -42.01],
						"1.8333": [-21.49, -25.07, -42.01],
						"1.875": [-21.49, -25.07, -42.01],
						"1.9167": [-21.49, -25.07, -42.01],
						"1.9583": [-21.49, -25.07, -42.01],
						"2.0": [-21.49, -25.07, -42.01],
						"2.0417": [-21.49, -25.07, -42.01],
						"2.0833": [-21.51, -25.2, -42.14],
						"2.125": [-21.53, -25.41, -42.37],
						"2.1667": [-21.54, -25.46, -42.41],
						"2.2083": [-21.49, -25.07, -42.01],
						"2.25": [-21.43, -24.46, -41.34],
						"2.2917": [-21.35, -23.62, -40.37],
						"2.3333": [-21.26, -22.62, -39.24],
						"2.375": [-21.14, -21.55, -38.09],
						"2.4167": [-20.98, -20.51, -37.05],
						"2.4583": [-20.77, -19.57, -36.26],
						"2.5": [-20.56, -18.73, -35.78],
						"2.5417": [-20.37, -17.91, -35.51],
						"2.5833": [-20.15, -17.12, -35.36],
						"2.625": [-19.82, -16.34, -35.22],
						"2.6667": [-19.36, -15.58, -34.99],
						"2.7083": [-18.69, -14.83, -34.56],
						"2.75": [-17.61, -14.05, -34.16],
						"2.7917": [-16.31, -13.39, -33.97],
						"2.8333": [-14.8, -12.71, -33.48],
						"2.875": [-13.12, -11.82, -32.18],
						"2.9167": [-11.31, -10.58, -29.56],
						"2.9583": [-10.29, -9.73, -27.46],
						"3.0": [-9.12, -8.7, -24.75],
						"3.0417": [-7.85, -7.54, -21.56],
						"3.0833": [-6.53, -6.29, -18.08],
						"3.125": [-5.2, -5.02, -14.47],
						"3.1667": [-3.9, -3.77, -10.87],
						"3.2083": [-2.69, -2.59, -7.47],
						"3.25": [-1.6, -1.54, -4.41],
						"3.2917": [-0.69, -0.66, -1.87],
						"3.3333": [0, 0, 0]
					},
					"position": {
						"0.0": [0, 0, 0],
						"0.0417": [-0.03, 0, 0],
						"0.0833": [-0.08, 0, 0],
						"0.125": [-0.14, 0, 0],
						"0.1667": [-0.19, 0, 0],
						"0.2083": [-0.22, 0, 0],
						"0.25": [-0.23, 0, 0],
						"0.2917": [-0.23, 0, 0],
						"0.3333": [-0.23, 0, 0],
						"0.375": [-0.23, -0.01, 0],
						"0.4167": [-0.23, -0.01, 0],
						"0.4583": [-0.23, -0.01, 0],
						"0.5": [-0.23, -0.01, 0],
						"0.5417": [-0.22, -0.01, 0],
						"0.5833": [-0.22, -0.01, 0],
						"0.625": [-0.22, 0, 0],
						"0.6667": [-0.22, 0, 0],
						"0.7083": [-0.22, 0.02, 0],
						"0.75": [-0.22, 0.05, 0],
						"0.7917": [-0.22, 0.08, 0],
						"0.8333": [-0.22, 0.11, 0],
						"0.875": [-0.22, 0.13, 0],
						"0.9167": [-0.22, 0.13, 0],
						"0.9583": [-0.22, 0.13, 0],
						"1.0": [-0.22, 0.13, 0],
						"1.0417": [-0.22, 0.14, 0],
						"1.0833": [-0.22, 0.14, 0],
						"1.125": [-0.22, 0.14, 0],
						"1.1667": [-0.22, 0.13, 0],
						"1.2083": [-0.22, 0.13, 0],
						"1.25": [-0.22, 0.13, 0],
						"1.2917": [-0.22, 0.13, 0],
						"1.3333": [-0.22, 0.13, 0],
						"1.375": [-0.22, 0.13, 0],
						"1.4167": [-0.22, 0.13, 0],
						"1.4583": [-0.22, 0.13, 0],
						"1.5": [-0.22, 0.13, 0],
						"1.5417": [-0.22, 0.13, 0],
						"1.5833": [-0.22, 0.13, 0],
						"1.625": [-0.22, 0.13, 0],
						"1.6667": [-0.22, 0.13, 0],
						"1.7083": [-0.22, 0.13, 0],
						"1.75": [-0.22, 0.13, 0],
						"1.7917": [-0.22, 0.13, 0],
						"1.8333": [-0.22, 0.13, 0],
						"1.875": [-0.22, 0.13, 0],
						"1.9167": [-0.22, 0.13, 0],
						"1.9583": [-0.22, 0.13, 0],
						"2.0": [-0.22, 0.13, 0],
						"2.0417": [-0.22, 0.13, 0],
						"2.0833": [-0.22, 0.13, 0],
						"2.125": [-0.22, 0.13, 0],
						"2.1667": [-0.22, 0.13, 0],
						"2.2083": [-0.22, 0.13, 0],
						"2.25": [-0.22, 0.13, 0],
						"2.2917": [-0.22, 0.13, 0],
						"2.3333": [-0.22, 0.14, 0],
						"2.375": [-0.22, 0.14, 0],
						"2.4167": [-0.22, 0.14, 0],
						"2.4583": [-0.22, 0.13, 0],
						"2.5": [-0.22, 0.11, 0],
						"2.5417": [-0.22, 0.09, 0],
						"2.5833": [-0.22, 0.07, 0],
						"2.625": [-0.22, 0.04, 0],
						"2.6667": [-0.22, 0.02, 0],
						"2.7083": [-0.22, 0, 0],
						"2.75": [-0.22, -0.01, 0],
						"2.7917": [-0.23, -0.01, 0],
						"2.8333": [-0.23, -0.01, 0],
						"2.875": [-0.23, 0, 0],
						"2.9167": [-0.22, 0, 0],
						"2.9583": [-0.2, 0, 0],
						"3.0": [-0.19, 0, 0],
						"3.0417": [-0.16, 0, 0],
						"3.0833": [-0.14, 0, 0],
						"3.125": [-0.11, 0, 0],
						"3.1667": [-0.08, 0, 0],
						"3.2083": [-0.06, 0, 0],
						"3.25": [-0.03, 0, 0],
						"3.2917": [-0.01, 0, 0],
						"3.3333": [0, 0, 0]
					}
				},
				"lefthand": {
					"rotation": {
						"0.0": [81.91, 40.56, -12.62],
						"0.0417": [81.95, 40.37, -12.57],
						"0.0833": [82.03, 39.94, -12.45],
						"0.125": [82.12, 39.51, -12.34],
						"0.1667": [82.15, 39.32, -12.29],
						"0.2083": [82.1, 39.59, -12.36],
						"0.25": [81.91, 40.56, -12.62],
						"0.2917": [81.4, 43.11, -13.28],
						"0.3333": [80.65, 46.86, -14.26],
						"0.375": [79.83, 51.02, -15.34],
						"0.4167": [79.08, 54.78, -16.32],
						"0.4583": [78.57, 57.32, -16.99],
						"0.5": [78.49, 58.4, -17.27],
						"0.5417": [78.72, 58.53, -17.3],
						"0.5833": [78.99, 58.13, -17.2],
						"0.625": [79.03, 57.59, -17.06],
						"0.6667": [78.57, 57.32, -16.99],
						"0.7083": [77.63, 57.29, -16.97],
						"0.75": [76.27, 57.22, -16.91],
						"0.7917": [74.68, 57.15, -16.86],
						"0.8333": [73.07, 57.11, -16.84],
						"0.875": [71.63, 57.16, -16.87],
						"0.9167": [70.57, 57.32, -16.99],
						"0.9583": [69.75, 57.75, -17.29],
						"1.0": [69.21, 58.38, -17.74],
						"1.0417": [68.9, 59.08, -18.24],
						"1.0833": [68.8, 59.71, -18.69],
						"1.125": [68.86, 60.13, -18.99],
						"1.1667": [71.63, 60.47, -17],
						"1.2083": [74.93, 60.49, -14.78],
						"1.25": [71.86, 60.13, -18.99],
						"1.2917": [61.03, 59.44, -30.75],
						"1.3333": [44.87, 58.43, -47.92],
						"1.375": [28.62, 57.41, -65.1],
						"1.4167": [17.51, 56.72, -76.85],
						"1.4583": [14.91, 56.56, -79.62],
						"1.5": [13.69, 56.48, -80.92],
						"1.5417": [13.53, 56.47, -81.09],
						"1.5833": [14.11, 56.51, -80.47],
						"1.625": [15.12, 56.57, -79.39],
						"1.6667": [16.24, 56.64, -78.21],
						"1.7083": [17.14, 56.7, -77.25],
						"1.75": [17.51, 56.72, -76.85],
						"1.7917": [17.51, 56.72, -76.85],
						"1.8333": [17.51, 56.72, -76.85],
						"1.875": [17.51, 56.72, -76.85],
						"1.9167": [17.51, 56.72, -76.85],
						"1.9583": [17.51, 56.72, -76.85],
						"2.0": [17.51, 56.72, -76.85],
						"2.0417": [17.51, 56.72, -76.85],
						"2.0833": [16.69, 56.71, -77.65],
						"2.125": [15.33, 56.7, -78.99],
						"2.1667": [15.06, 56.69, -79.26],
						"2.2083": [17.51, 56.72, -76.85],
						"2.25": [21.41, 56.76, -73.03],
						"2.2917": [26.88, 56.81, -67.66],
						"2.3333": [33.32, 56.88, -61.35],
						"2.375": [40.12, 56.95, -54.68],
						"2.4167": [46.69, 57.01, -48.24],
						"2.4583": [52.4, 57.07, -42.64],
						"2.5": [57.57, 57.12, -37.57],
						"2.5417": [62.74, 57.17, -32.51],
						"2.5833": [67.67, 57.22, -27.68],
						"2.625": [72.11, 57.26, -23.32],
						"2.6667": [75.83, 57.3, -19.68],
						"2.7083": [78.57, 57.32, -16.99],
						"2.75": [80.2, 57.61, -15.42],
						"2.7917": [80.3, 58.15, -15.35],
						"2.8333": [79.59, 58.54, -16.07],
						"2.875": [78.78, 58.4, -16.86],
						"2.9167": [78.57, 57.32, -16.99],
						"2.9583": [78.79, 56.25, -16.71],
						"3.0": [79.08, 54.78, -16.32],
						"3.0417": [79.43, 53, -15.86],
						"3.0833": [79.83, 51.02, -15.34],
						"3.125": [80.24, 48.94, -14.8],
						"3.1667": [80.65, 46.86, -14.26],
						"3.2083": [81.05, 44.89, -13.74],
						"3.25": [81.4, 43.11, -13.28],
						"3.2917": [81.69, 41.63, -12.9],
						"3.3333": [81.91, 40.56, -12.62]
					},
					"position": {
						"0.0": [7.16, -10.28, -9.56],
						"0.0417": [7.14, -10.28, -9.62],
						"0.0833": [7.11, -10.28, -9.74],
						"0.125": [7.07, -10.28, -9.86],
						"0.1667": [7.06, -10.28, -9.91],
						"0.2083": [7.08, -10.28, -9.84],
						"0.25": [7.16, -10.28, -9.56],
						"0.2917": [7.36, -10.28, -8.84],
						"0.3333": [7.65, -10.28, -7.78],
						"0.375": [7.98, -10.28, -6.6],
						"0.4167": [8.27, -10.28, -5.53],
						"0.4583": [8.47, -10.28, -4.81],
						"0.5": [8.56, -10.22, -4.51],
						"0.5417": [8.57, -10.09, -4.47],
						"0.5833": [8.54, -10, -4.58],
						"0.625": [8.49, -10.03, -4.73],
						"0.6667": [8.47, -10.28, -4.81],
						"0.7083": [8.48, -10.73, -4.82],
						"0.75": [8.48, -11.36, -4.83],
						"0.7917": [8.49, -12.1, -4.85],
						"0.8333": [8.49, -12.88, -4.86],
						"0.875": [8.49, -13.6, -4.85],
						"0.9167": [8.47, -14.19, -4.81],
						"0.9583": [8.42, -14.69, -4.71],
						"1.0": [8.35, -15.05, -4.56],
						"1.0417": [8.27, -15.37, -4.4],
						"1.0833": [8.2, -15.74, -4.25],
						"1.125": [8.16, -16.25, -4.15],
						"1.1667": [7.88, -17.5, -4.21],
						"1.2083": [7.64, -18.98, -4.34],
						"1.25": [8.16, -20.31, -4.15],
						"1.2917": [9.56, -21.18, -3.58],
						"1.3333": [11.61, -21.99, -2.74],
						"1.375": [13.66, -22.67, -1.91],
						"1.4167": [15.07, -23.15, -1.34],
						"1.4583": [15.4, -23.29, -1.2],
						"1.5": [15.55, -23.35, -1.14],
						"1.5417": [15.57, -23.36, -1.13],
						"1.5833": [15.5, -23.33, -1.16],
						"1.625": [15.37, -23.28, -1.21],
						"1.6667": [15.23, -23.22, -1.27],
						"1.7083": [15.11, -23.17, -1.32],
						"1.75": [15.07, -23.15, -1.34],
						"1.7917": [15.07, -23.15, -1.34],
						"1.8333": [15.07, -23.15, -1.34],
						"1.875": [15.07, -23.15, -1.34],
						"1.9167": [15.07, -23.15, -1.34],
						"1.9583": [15.07, -23.15, -1.34],
						"2.0": [15.07, -23.15, -1.34],
						"2.0417": [15.07, -23.15, -1.34],
						"2.0833": [15.24, -23.35, -1.23],
						"2.125": [15.52, -23.68, -1.06],
						"2.1667": [15.58, -23.75, -1.03],
						"2.2083": [15.07, -23.15, -1.34],
						"2.25": [14.18, -22.19, -1.88],
						"2.2917": [12.88, -20.81, -2.68],
						"2.3333": [11.37, -19.21, -3.61],
						"2.375": [9.88, -17.54, -4.52],
						"2.4167": [8.61, -15.98, -5.28],
						"2.4583": [7.77, -14.71, -5.76],
						"2.5": [7.43, -13.68, -5.9],
						"2.5417": [7.44, -12.77, -5.8],
						"2.5833": [7.66, -11.97, -5.56],
						"2.625": [7.99, -11.28, -5.25],
						"2.6667": [8.3, -10.72, -4.98],
						"2.7083": [8.47, -10.28, -4.81],
						"2.75": [8.54, -10, -4.67],
						"2.7917": [8.59, -9.96, -4.51],
						"2.8333": [8.6, -10.07, -4.42],
						"2.875": [8.57, -10.21, -4.49],
						"2.9167": [8.47, -10.28, -4.81],
						"2.9583": [8.39, -10.28, -5.11],
						"3.0": [8.27, -10.28, -5.53],
						"3.0417": [8.13, -10.28, -6.04],
						"3.0833": [7.98, -10.28, -6.6],
						"3.125": [7.81, -10.28, -7.19],
						"3.1667": [7.65, -10.28, -7.78],
						"3.2083": [7.5, -10.28, -8.34],
						"3.25": [7.36, -10.28, -8.84],
						"3.2917": [7.24, -10.28, -9.26],
						"3.3333": [7.16, -10.28, -9.56]
					}
				},
				"magazine": {
					"rotation": {
						"0.6667": [0, 0, 0],
						"0.7083": [0.23, 0, 0],
						"0.75": [0.74, 0, 0],
						"0.7917": [1.25, 0, 0],
						"0.8333": [1.48, 0, 0],
						"0.875": [1.16, 0, 0],
						"0.9167": [0, 0, 0],
						"0.9583": [-2.9, 0, 0],
						"1.0": [-7.09, 0, 0],
						"1.0417": [-11.83, 0, 0],
						"1.0833": [-16.38, 0, 0],
						"1.125": [-20, 0, 0],
						"1.1667": [-23.63, 0, 0],
						"1.2083": [-26.04, 0, 0],
						"1.25": [-29, 0, 0],
						"1.2917": [-32.48, 0, 0],
						"1.3333": [-36.56, 0, 0],
						"1.375": [-40.37, 0, 0],
						"1.4167": [-43, 0, 0],
						"1.4583": [-43.67, 0, 0],
						"1.5": [-43.98, 0, 0],
						"1.5417": [-44.03, 0, 0],
						"1.5833": [-43.87, 0, 0],
						"1.625": [-43.62, 0, 0],
						"1.6667": [-43.33, 0, 0],
						"1.7083": [-43.1, 0, 0],
						"1.75": [-43, 0, 0],
						"1.7917": [-43, 0, 0],
						"1.8333": [-43, 0, 0],
						"1.875": [-43, 0, 0],
						"1.9167": [-43, 0, 0],
						"1.9583": [-43, 0, 0],
						"2.0": [-43, 0, 0],
						"2.0417": [-43, 0, 0],
						"2.0833": [-43.72, 0, 0],
						"2.125": [-44.91, 0, 0],
						"2.1667": [-45.15, 0, 0],
						"2.2083": [-43, 0, 0],
						"2.25": [-39.46, 0, 0],
						"2.2917": [-34.4, 0, 0],
						"2.3333": [-28.49, 0, 0],
						"2.375": [-22.41, 0, 0],
						"2.4167": [-16.83, 0, 0],
						"2.4583": [-12.43, 0, 0],
						"2.5": [-9.16, 0, 0],
						"2.5417": [-6.48, 0, 0],
						"2.5833": [-4.3, 0, 0],
						"2.625": [-2.55, 0, 0],
						"2.6667": [-1.14, 0, 0],
						"2.7083": [0, 0, 0]
					},
					"position": {
						"0.6667": [0, 0, 0],
						"0.7083": [0, -0.38, 0.04],
						"0.75": [0, -0.93, 0.11],
						"0.7917": [0, -1.57, 0.19],
						"0.8333": [0, -2.23, 0.22],
						"0.875": [0, -2.86, 0.18],
						"0.9167": [0, -3.37, 0],
						"0.9583": [0, -3.83, -0.44],
						"1.0": [0, -4.18, -1.07],
						"1.0417": [0, -4.49, -1.79],
						"1.0833": [0, -4.84, -2.48],
						"1.125": [0, -5.31, -3.03],
						"1.1667": [-0.24, -6.37, -3.71],
						"1.2083": [-0.48, -7.6, -4.21],
						"1.25": [0, -8.81, -4.4],
						"1.2917": [1.27, -9.72, -4.23],
						"1.3333": [3.13, -10.65, -3.83],
						"1.375": [5.03, -11.48, -3.39],
						"1.4167": [6.47, -12.06, -3.09],
						"1.4583": [6.94, -12.22, -3.02],
						"1.5": [7.32, -12.29, -2.99],
						"1.5417": [7.62, -12.3, -2.99],
						"1.5833": [7.86, -12.26, -3.01],
						"1.625": [8.03, -12.2, -3.03],
						"1.6667": [8.14, -12.14, -3.06],
						"1.7083": [8.2, -12.08, -3.08],
						"1.75": [8.22, -12.06, -3.09],
						"1.7917": [8.14, -12.06, -3.09],
						"1.8333": [7.92, -12.06, -3.09],
						"1.875": [7.62, -12.06, -3.09],
						"1.9167": [7.28, -12.06, -3.09],
						"1.9583": [6.94, -12.06, -3.09],
						"2.0": [6.66, -12.06, -3.09],
						"2.0417": [6.47, -12.06, -3.09],
						"2.0833": [6.51, -12.3, -3.1],
						"2.125": [6.81, -12.7, -3.12],
						"2.1667": [6.93, -12.78, -3.13],
						"2.2083": [6.47, -12.06, -3.09],
						"2.25": [5.6, -10.84, -3.05],
						"2.2917": [4.33, -9.07, -3.01],
						"2.3333": [2.85, -7.02, -2.96],
						"2.375": [1.39, -4.94, -2.88],
						"2.4167": [0.14, -3.1, -2.74],
						"2.4583": [-0.68, -1.76, -2.53],
						"2.5": [-1.01, -0.95, -2.19],
						"2.5417": [-1.01, -0.48, -1.74],
						"2.5833": [-0.79, -0.24, -1.23],
						"2.625": [-0.47, -0.14, -0.73],
						"2.6667": [-0.16, -0.09, -0.3],
						"2.7083": [0, 0, 0]
					}
				},
				"righthand": {
					"rotation": [68, 0, 0],
					"position": [-4.5625, -10.25, -2.1875]
				},
				"constraint": {
					"rotation": {
						"0.0": [0, 0, 0],
						"0.25": [0.2, 0.2, 0.2],
						"0.75": [0.3, 0.3, 0.3],
						"1.9583": [0.3, 0.3, 0.3],
						"2.5": [0.2, 0.2, 0.2],
						"3.3333": [0, 0, 0]
					},
					"position": {
						"0.0": [0, 0, 0],
						"0.25": [1.28125, 0, 0],
						"0.75": [1.28, 0, 0],
						"1.9583": [1.28, 0, 0],
						"2.5": [0.7175, 0, 0],
						"3.3333": [0, 0, 0]
					}
				}
			},
			"sound_effects": {
				"0.6667": {
					"effect": "grenadegun_reload"
				}
			}
		},
		"inspect": {
			"animation_length": 4,
			"bones": {
				"root": {
					"rotation": {
						"0.0": [0, 0, 0],
						"0.0417": [0.86, -3.2, -1.83],
						"0.0833": [2.06, -7.68, -4.39],
						"0.125": [3.51, -13.06, -7.46],
						"0.1667": [5.1, -18.98, -10.85],
						"0.2083": [6.74, -25.08, -14.34],
						"0.25": [8.33, -31.01, -17.73],
						"0.2917": [9.77, -36.39, -20.8],
						"0.3333": [10.97, -40.86, -23.36],
						"0.375": [11.83, -44.06, -25.19],
						"0.4167": [12.52, -46.61, -26.65],
						"0.4583": [12.71, -47.33, -27.06],
						"0.5": [12.57, -46.82, -26.76],
						"0.5417": [12.27, -45.69, -26.12],
						"0.5833": [11.97, -44.57, -25.48],
						"0.625": [11.83, -44.06, -25.19],
						"0.6667": [11.92, -44.11, -25.16],
						"0.7083": [12.1, -44.23, -25.09],
						"0.75": [12.29, -44.35, -25.02],
						"0.7917": [12.37, -44.4, -24.99],
						"0.8333": [12.25, -44.33, -25.03],
						"0.875": [11.83, -44.06, -25.19],
						"0.9167": [11.37, -43.77, -25.37],
						"0.9583": [10.73, -43.37, -25.61],
						"1.0": [9.95, -42.88, -25.9],
						"1.0417": [9.1, -42.35, -26.22],
						"1.0833": [8.19, -41.78, -26.56],
						"1.125": [7.29, -41.21, -26.9],
						"1.1667": [6.43, -40.68, -27.23],
						"1.2083": [5.66, -40.19, -27.52],
						"1.25": [5.02, -39.79, -27.76],
						"1.2917": [4.56, -39.5, -27.93],
						"1.3333": [4.13, -39.23, -28.09],
						"1.375": [4.02, -39.16, -28.14],
						"1.4167": [4.1, -39.21, -28.11],
						"1.4583": [4.29, -39.33, -28.04],
						"1.5": [4.47, -39.45, -27.97],
						"1.5417": [4.56, -39.5, -27.93],
						"1.5833": [4.7, -39.5, -27.93],
						"1.625": [4.93, -39.5, -27.93],
						"1.6667": [4.98, -39.5, -27.93],
						"1.7083": [4.56, -39.5, -27.93],
						"1.75": [4.21, -39.5, -27.93],
						"1.7917": [3.75, -39.5, -27.93],
						"1.8333": [3.19, -39.5, -27.93],
						"1.875": [2.56, -39.5, -27.93],
						"1.9167": [1.9, -39.5, -27.93],
						"1.9583": [1.21, -39.5, -27.93],
						"2.0": [0.55, -39.5, -27.93],
						"2.0417": [-0.08, -39.5, -27.93],
						"2.0833": [-0.64, -39.5, -27.93],
						"2.125": [-1.1, -39.5, -27.93],
						"2.1667": [-1.44, -39.5, -27.93],
						"2.2083": [-1.59, -39.5, -27.93],
						"2.25": [-1.71, -39.5, -27.93],
						"2.2917": [-1.83, -39.5, -27.93],
						"2.3333": [-1.92, -39.5, -27.93],
						"2.375": [-2.01, -39.5, -27.93],
						"2.4167": [-2.07, -39.5, -27.93],
						"2.4583": [-2.13, -39.5, -27.93],
						"2.5": [-2.16, -39.5, -27.93],
						"2.5417": [-2.19, -39.5, -27.93],
						"2.5833": [-2.19, -39.5, -27.93],
						"2.625": [-2.19, -39.5, -27.93],
						"2.6667": [-2.16, -39.5, -27.93],
						"2.7083": [-2.13, -39.5, -27.93],
						"2.75": [-2.07, -39.5, -27.93],
						"2.7917": [-2.01, -39.5, -27.93],
						"2.8333": [-1.92, -39.5, -27.93],
						"2.875": [-1.83, -39.5, -27.93],
						"2.9167": [-1.71, -39.5, -27.93],
						"2.9583": [-1.59, -39.5, -27.93],
						"3.0": [-1.44, -39.5, -27.93],
						"3.0417": [-1.06, -39.5, -27.93],
						"3.0833": [-0.53, -39.5, -27.93],
						"3.125": [0.1, -39.5, -27.93],
						"3.1667": [0.81, -39.5, -27.93],
						"3.2083": [1.56, -39.5, -27.93],
						"3.25": [2.3, -39.5, -27.93],
						"3.2917": [3.01, -39.5, -27.93],
						"3.3333": [3.64, -39.5, -27.93],
						"3.375": [4.17, -39.5, -27.93],
						"3.4167": [4.56, -39.5, -27.93],
						"3.4583": [5.17, -40.96, -28.97],
						"3.5": [5.11, -42.42, -30],
						"3.5417": [4.56, -39.5, -27.93],
						"3.5833": [4.1, -35.58, -25.17],
						"3.625": [3.45, -29.94, -21.17],
						"3.6667": [2.68, -23.26, -16.45],
						"3.7083": [1.87, -16.24, -11.48],
						"3.75": [1.1, -9.56, -6.76],
						"3.7917": [0.45, -3.92, -2.77],
						"3.8333": [0, 0, 0]
					},
					"position": {
						"0.0": [0, 0, 0],
						"0.0417": [0.25, 0, 0.08],
						"0.0833": [0.59, 0, 0.19],
						"0.125": [1.01, 0, 0.32],
						"0.1667": [1.47, 0, 0.47],
						"0.2083": [1.94, 0, 0.62],
						"0.25": [2.4, 0, 0.77],
						"0.2917": [2.81, 0, 0.9],
						"0.3333": [3.16, 0, 1.01],
						"0.375": [3.41, 0, 1.09],
						"0.4167": [3.6, 0, 1.16],
						"0.4583": [3.66, 0, 1.17],
						"0.5": [3.62, 0, 1.16],
						"0.5417": [3.53, 0, 1.13],
						"0.5833": [3.45, 0, 1.11],
						"0.625": [3.41, 0, 1.09],
						"0.6667": [3.43, 0, 1.09],
						"0.7083": [3.49, 0, 1.09],
						"0.75": [3.55, 0, 1.09],
						"0.7917": [3.58, 0, 1.09],
						"0.8333": [3.54, 0, 1.09],
						"0.875": [3.41, 0, 1.09],
						"0.9167": [3.26, 0, 1.09],
						"0.9583": [3.06, 0, 1.09],
						"1.0": [2.81, 0, 1.09],
						"1.0417": [2.54, 0, 1.09],
						"1.0833": [2.25, 0, 1.09],
						"1.125": [1.97, 0, 1.09],
						"1.1667": [1.69, 0, 1.09],
						"1.2083": [1.45, 0, 1.09],
						"1.25": [1.25, 0, 1.09],
						"1.2917": [1.1, 0, 1.09],
						"1.3333": [0.96, 0, 1.09],
						"1.375": [0.93, 0, 1.09],
						"1.4167": [0.95, 0, 1.09],
						"1.4583": [1.01, 0, 1.09],
						"1.5": [1.07, 0, 1.09],
						"1.5417": [1.1, 0, 1.09],
						"1.5833": [1.1, -0.01, 1.09],
						"1.625": [1.1, -0.03, 1.09],
						"1.6667": [1.1, -0.03, 1.09],
						"1.7083": [1.1, 0, 1.09],
						"1.75": [1.1, 0.03, 1.09],
						"1.7917": [1.1, 0.06, 1.09],
						"1.8333": [1.1, 0.11, 1.09],
						"1.875": [1.1, 0.16, 1.09],
						"1.9167": [1.1, 0.21, 1.09],
						"1.9583": [1.1, 0.26, 1.09],
						"2.0": [1.1, 0.31, 1.09],
						"2.0417": [1.1, 0.36, 1.09],
						"2.0833": [1.1, 0.41, 1.09],
						"2.125": [1.1, 0.44, 1.09],
						"2.1667": [1.1, 0.47, 1.09],
						"2.2083": [1.1, 0.48, 1.09],
						"2.25": [1.1, 0.49, 1.09],
						"2.2917": [1.1, 0.5, 1.09],
						"2.3333": [1.1, 0.51, 1.09],
						"2.375": [1.1, 0.51, 1.09],
						"2.4167": [1.1, 0.52, 1.09],
						"2.4583": [1.1, 0.52, 1.09],
						"2.5": [1.1, 0.53, 1.09],
						"2.5417": [1.1, 0.53, 1.09],
						"2.5833": [1.1, 0.53, 1.09],
						"2.625": [1.1, 0.53, 1.09],
						"2.6667": [1.1, 0.53, 1.09],
						"2.7083": [1.1, 0.52, 1.09],
						"2.75": [1.1, 0.52, 1.09],
						"2.7917": [1.1, 0.51, 1.09],
						"2.8333": [1.1, 0.51, 1.09],
						"2.875": [1.1, 0.5, 1.09],
						"2.9167": [1.1, 0.49, 1.09],
						"2.9583": [1.1, 0.48, 1.09],
						"3.0": [1.1, 0.47, 1.09],
						"3.0417": [1.1, 0.44, 1.09],
						"3.0833": [1.1, 0.4, 1.09],
						"3.125": [1.1, 0.35, 1.09],
						"3.1667": [1.1, 0.29, 1.09],
						"3.2083": [1.1, 0.23, 1.09],
						"3.25": [1.1, 0.18, 1.09],
						"3.2917": [1.1, 0.12, 1.09],
						"3.3333": [1.1, 0.07, 1.09],
						"3.375": [1.1, 0.03, 1.09],
						"3.4167": [1.1, 0, 1.09],
						"3.4583": [1.14, -0.03, 1.13],
						"3.5": [1.18, -0.02, 1.17],
						"3.5417": [1.1, 0, 1.09],
						"3.5833": [0.99, 0, 0.98],
						"3.625": [0.83, 0, 0.83],
						"3.6667": [0.65, 0, 0.64],
						"3.7083": [0.45, 0, 0.45],
						"3.75": [0.27, 0, 0.26],
						"3.7917": [0.11, 0, 0.11],
						"3.8333": [0, 0, 0]
					}
				},
				"lefthand": {
					"rotation": {
						"0.0": [81.91, 40.56, -12.62],
						"0.0417": [81.91, 40.56, -12.62],
						"0.0833": [81.91, 40.56, -12.62],
						"0.125": [81.91, 40.56, -12.62],
						"0.1667": [81.91, 40.56, -12.62],
						"0.2083": [81.91, 40.56, -12.62],
						"0.25": [81.91, 40.56, -12.62],
						"0.2917": [81.91, 40.56, -12.62],
						"0.3333": [81.91, 40.56, -12.62],
						"0.375": [81.91, 40.56, -12.62],
						"0.4167": [81.91, 40.56, -12.62],
						"0.4583": [81.91, 40.56, -12.62],
						"0.5": [81.91, 40.56, -12.62],
						"0.5417": [81.91, 40.56, -12.62],
						"0.5833": [81.91, 40.56, -12.62],
						"0.625": [81.91, 40.56, -12.62],
						"0.6667": [82.04, 40.45, -12.44],
						"0.7083": [82.34, 40.2, -12.05],
						"0.75": [82.64, 39.95, -11.67],
						"0.7917": [82.77, 39.84, -11.49],
						"0.8333": [82.58, 39.99, -11.74],
						"0.875": [81.91, 40.56, -12.62],
						"0.9167": [81.16, 41.19, -13.59],
						"0.9583": [80.13, 42.05, -14.92],
						"1.0": [78.89, 43.08, -16.52],
						"1.0417": [77.51, 44.24, -18.31],
						"1.0833": [76.06, 45.45, -20.19],
						"1.125": [74.6, 46.66, -22.07],
						"1.1667": [73.22, 47.82, -23.86],
						"1.2083": [71.98, 48.85, -25.46],
						"1.25": [70.95, 49.71, -26.8],
						"1.2917": [70.2, 50.34, -27.77],
						"1.3333": [69.53, 50.9, -28.64],
						"1.375": [69.34, 51.06, -28.89],
						"1.4167": [69.47, 50.95, -28.71],
						"1.4583": [69.77, 50.7, -28.33],
						"1.5": [70.07, 50.45, -27.94],
						"1.5417": [70.2, 50.34, -27.77],
						"1.5833": [72.73, 49.79, -25.33],
						"1.625": [76.94, 48.87, -21.27],
						"1.6667": [77.78, 48.69, -20.45],
						"1.7083": [70.2, 50.34, -27.77],
						"1.75": [63.29, 51.91, -34.44],
						"1.7917": [53.77, 54.16, -43.65],
						"1.8333": [42.3, 56.89, -54.74],
						"1.875": [29.53, 59.92, -67.08],
						"1.9167": [16.12, 63.06, -80.04],
						"1.9583": [2.72, 66.12, -92.98],
						"2.0": [-10, 68.91, -105.26],
						"2.0417": [-21.4, 71.24, -116.25],
						"2.0833": [-30.81, 72.93, -125.3],
						"2.125": [-37.59, 73.78, -131.78],
						"2.1667": [-43.46, 73.21, -137.27],
						"2.2083": [-44.67, 70.77, -138.19],
						"2.25": [-42.81, 67.25, -136.1],
						"2.2917": [-39.44, 63.39, -132.56],
						"2.3333": [-36.17, 59.98, -129.14],
						"2.375": [-34.55, 57.78, -127.41],
						"2.4167": [-34.46, 57.32, -127.28],
						"2.4583": [-34.37, 56.99, -127.16],
						"2.5": [-34.3, 56.79, -127.06],
						"2.5417": [-34.24, 56.68, -126.99],
						"2.5833": [-34.19, 56.66, -126.93],
						"2.625": [-34.16, 56.72, -126.89],
						"2.6667": [-34.14, 56.82, -126.87],
						"2.7083": [-34.13, 56.97, -126.87],
						"2.75": [-34.14, 57.14, -126.88],
						"2.7917": [-34.16, 57.32, -126.92],
						"2.8333": [-34.21, 57.49, -126.98],
						"2.875": [-34.26, 57.64, -127.06],
						"2.9167": [-34.34, 57.75, -127.16],
						"2.9583": [-34.44, 57.8, -127.27],
						"3.0": [-34.55, 57.78, -127.41],
						"3.0417": [-35.02, 57.25, -127.98],
						"3.0833": [-35.66, 56.44, -128.76],
						"3.125": [-36.66, 55.85, -129.96],
						"3.1667": [-38.25, 56, -131.83],
						"3.2083": [-39.91, 56.76, -133.75],
						"3.25": [-42.07, 58, -136.25],
						"3.2917": [-44.45, 59.5, -139.01],
						"3.3333": [-46.79, 61.01, -141.71],
						"3.375": [-48.8, 62.33, -144.02],
						"3.4167": [-50.19, 63.21, -145.63],
						"3.4583": [-55.97, 64.59, -151.58],
						"3.5": [-60.42, 65.16, -156],
						"3.5417": [-50.19, 63.21, -145.63],
						"3.5833": [-37.1, 60.97, -132.45],
						"3.625": [-18.23, 57.73, -113.44],
						"3.6667": [4.11, 53.9, -90.95],
						"3.7083": [27.6, 49.87, -67.3],
						"3.75": [49.94, 46.04, -44.8],
						"3.7917": [68.81, 42.81, -25.8],
						"3.8333": [81.91, 40.56, -12.62]
					},
					"position": {
						"0.0": [7.16, -10.28, -9.56],
						"0.0417": [7.16, -10.28, -9.56],
						"0.0833": [7.16, -10.28, -9.56],
						"0.125": [7.16, -10.28, -9.56],
						"0.1667": [7.16, -10.28, -9.56],
						"0.2083": [7.16, -10.28, -9.56],
						"0.25": [7.16, -10.28, -9.56],
						"0.2917": [7.16, -10.28, -9.56],
						"0.3333": [7.16, -10.28, -9.56],
						"0.375": [7.16, -10.28, -9.56],
						"0.4167": [7.16, -10.28, -9.56],
						"0.4583": [7.16, -10.28, -9.56],
						"0.5": [7.16, -10.28, -9.56],
						"0.5417": [7.16, -10.28, -9.56],
						"0.5833": [7.16, -10.28, -9.56],
						"0.625": [7.16, -10.28, -9.56],
						"0.6667": [7.16, -10.28, -9.58],
						"0.7083": [7.16, -10.28, -9.62],
						"0.75": [7.16, -10.28, -9.66],
						"0.7917": [7.16, -10.28, -9.67],
						"0.8333": [7.16, -10.28, -9.65],
						"0.875": [7.16, -10.28, -9.56],
						"0.9167": [7.16, -10.28, -9.47],
						"0.9583": [7.16, -10.28, -9.33],
						"1.0": [7.16, -10.28, -9.17],
						"1.0417": [7.16, -10.28, -9],
						"1.0833": [7.16, -10.28, -8.81],
						"1.125": [7.16, -10.28, -8.62],
						"1.1667": [7.16, -10.28, -8.45],
						"1.2083": [7.16, -10.28, -8.29],
						"1.25": [7.16, -10.28, -8.16],
						"1.2917": [7.16, -10.28, -8.06],
						"1.3333": [7.16, -10.28, -7.97],
						"1.375": [7.16, -10.28, -7.95],
						"1.4167": [7.16, -10.28, -7.97],
						"1.4583": [7.16, -10.28, -8],
						"1.5": [7.16, -10.28, -8.04],
						"1.5417": [7.16, -10.28, -8.06],
						"1.5833": [7.16, -10.17, -8.08],
						"1.625": [7.16, -10, -8.1],
						"1.6667": [7.16, -9.96, -8.11],
						"1.7083": [7.16, -10.28, -8.06],
						"1.75": [7.14, -10.58, -8.02],
						"1.7917": [7.08, -11.02, -7.96],
						"1.8333": [7.01, -11.55, -7.89],
						"1.875": [6.93, -12.13, -7.81],
						"1.9167": [6.86, -12.74, -7.73],
						"1.9583": [6.81, -13.33, -7.65],
						"2.0": [6.8, -13.86, -7.57],
						"2.0417": [6.85, -14.31, -7.5],
						"2.0833": [6.96, -14.63, -7.45],
						"2.125": [7.16, -14.78, -7.4],
						"2.1667": [7.74, -14.64, -7.37],
						"2.2083": [8.6, -14.12, -7.35],
						"2.25": [9.58, -13.39, -7.36],
						"2.2917": [10.57, -12.59, -7.38],
						"2.3333": [11.42, -11.89, -7.39],
						"2.375": [12, -11.44, -7.4],
						"2.4167": [12.15, -11.34, -7.4],
						"2.4583": [12.27, -11.26, -7.4],
						"2.5": [12.37, -11.2, -7.39],
						"2.5417": [12.44, -11.16, -7.39],
						"2.5833": [12.48, -11.14, -7.39],
						"2.625": [12.51, -11.13, -7.38],
						"2.6667": [12.52, -11.13, -7.38],
						"2.7083": [12.5, -11.15, -7.38],
						"2.75": [12.47, -11.18, -7.38],
						"2.7917": [12.43, -11.21, -7.37],
						"2.8333": [12.36, -11.25, -7.38],
						"2.875": [12.29, -11.3, -7.38],
						"2.9167": [12.2, -11.34, -7.38],
						"2.9583": [12.11, -11.39, -7.39],
						"3.0": [12, -11.44, -7.4],
						"3.0417": [11.33, -11.78, -7.49],
						"3.0833": [10.34, -12.28, -7.63],
						"3.125": [9.36, -12.72, -7.74],
						"3.1667": [8.69, -12.85, -7.74],
						"3.2083": [8.5, -12.66, -7.65],
						"3.25": [8.44, -12.28, -7.5],
						"3.2917": [8.48, -11.81, -7.31],
						"3.3333": [8.57, -11.32, -7.12],
						"3.375": [8.65, -10.89, -6.95],
						"3.4167": [8.69, -10.6, -6.83],
						"3.4583": [8.75, -10.45, -6.67],
						"3.5": [8.8, -10.54, -6.6],
						"3.5417": [8.69, -10.6, -6.83],
						"3.5833": [8.54, -10.57, -7.1],
						"3.625": [8.32, -10.52, -7.49],
						"3.6667": [8.06, -10.47, -7.96],
						"3.7083": [7.79, -10.41, -8.44],
						"3.75": [7.53, -10.36, -8.9],
						"3.7917": [7.31, -10.31, -9.29],
						"3.8333": [7.16, -10.28, -9.56]
					}
				},
				"magazine": {
					"rotation": {
						"1.2917": [0, 0, 0],
						"1.3333": [0, 0, 0],
						"1.375": [0, 0, 0],
						"1.4167": [0, 0, 0],
						"1.4583": [0, 0, 0],
						"1.5": [0, 0, 0],
						"1.5417": [0, 0, 0],
						"1.5833": [0.08, 0, 0],
						"1.625": [0.2, 0, 0],
						"1.6667": [0.23, 0, 0],
						"1.7083": [0, 0, 0],
						"1.75": [-0.32, 0, 0],
						"1.7917": [-0.71, 0, 0],
						"1.8333": [-1.25, 0, 0],
						"1.875": [-2.07, 0, 0],
						"1.9167": [-3.25, 0, 0],
						"1.9583": [-4.82, -0.09, 0.03],
						"2.0": [-6.7, -0.27, 0.1],
						"2.0417": [-8.88, -0.4, 0.14],
						"2.0833": [-11.32, -0.36, 0.13],
						"2.125": [-14, 0, 0],
						"2.1667": [-16.68, 0.67, -0.24],
						"2.2083": [-19.87, 1.66, -0.59],
						"2.25": [-23.23, 2.8, -1],
						"2.2917": [-26.44, 3.94, -1.41],
						"2.3333": [-29.18, 4.92, -1.76],
						"2.375": [-31.12, 5.59, -2.01],
						"2.4167": [-31.65, 5.76, -2.07],
						"2.4583": [-32.12, 5.9, -2.11],
						"2.5": [-32.51, 6, -2.15],
						"2.5417": [-32.84, 6.08, -2.18],
						"2.5833": [-33.08, 6.13, -2.2],
						"2.625": [-33.25, 6.15, -2.2],
						"2.6667": [-33.35, 6.15, -2.2],
						"2.7083": [-33.36, 6.13, -2.2],
						"2.75": [-33.29, 6.09, -2.18],
						"2.7917": [-33.14, 6.04, -2.16],
						"2.8333": [-32.91, 5.97, -2.14],
						"2.875": [-32.59, 5.89, -2.11],
						"2.9167": [-32.19, 5.8, -2.08],
						"2.9583": [-31.7, 5.7, -2.04],
						"3.0": [-31.12, 5.59, -2.01],
						"3.0417": [-27.59, 5, -1.79],
						"3.0833": [-22.5, 4.15, -1.49],
						"3.125": [-17.02, 3.22, -1.15],
						"3.1667": [-12.34, 2.4, -0.86],
						"3.2083": [-9.77, 1.93, -0.69],
						"3.25": [-7.29, 1.45, -0.52],
						"3.2917": [-5, 1, -0.36],
						"3.3333": [-2.96, 0.59, -0.21],
						"3.375": [-1.27, 0.25, -0.09],
						"3.4167": [0, 0, 0]
					},
					"position": {
						"1.2917": [0, 0, 0],
						"1.3333": [0, 0, 0],
						"1.375": [0, 0, 0],
						"1.4167": [0, 0, 0],
						"1.4583": [0, 0, 0],
						"1.5": [0, 0, 0],
						"1.5417": [0, 0, 0],
						"1.5833": [0, 0.04, 0.02],
						"1.625": [0, 0.11, 0.06],
						"1.6667": [0, 0.12, 0.07],
						"1.7083": [0, 0, 0],
						"1.75": [0, -0.21, -0.11],
						"1.7917": [0, -0.5, -0.26],
						"1.8333": [0, -0.85, -0.45],
						"1.875": [0, -1.25, -0.67],
						"1.9167": [0, -1.69, -0.93],
						"1.9583": [-0.07, -2.31, -1.24],
						"2.0": [-0.22, -3.11, -1.62],
						"2.0417": [-0.32, -3.89, -2.02],
						"2.0833": [-0.29, -4.43, -2.4],
						"2.125": [0, -4.5, -2.72],
						"2.1667": [0.54, -4.05, -2.94],
						"2.2083": [1.33, -3.2, -3.15],
						"2.25": [2.25, -2.13, -3.33],
						"2.2917": [3.17, -1.02, -3.49],
						"2.3333": [3.96, -0.05, -3.62],
						"2.375": [4.5, 0.59, -3.72],
						"2.4167": [4.64, 0.75, -3.75],
						"2.4583": [4.76, 0.87, -3.78],
						"2.5": [4.85, 0.96, -3.81],
						"2.5417": [4.93, 1.03, -3.83],
						"2.5833": [4.99, 1.07, -3.85],
						"2.625": [5.02, 1.09, -3.87],
						"2.6667": [5.04, 1.09, -3.88],
						"2.7083": [5.04, 1.07, -3.88],
						"2.75": [5.02, 1.04, -3.88],
						"2.7917": [4.98, 0.99, -3.88],
						"2.8333": [4.92, 0.92, -3.86],
						"2.875": [4.84, 0.85, -3.84],
						"2.9167": [4.74, 0.77, -3.81],
						"2.9583": [4.63, 0.68, -3.77],
						"3.0": [4.5, 0.59, -3.72],
						"3.0417": [3.66, -0.02, -3.44],
						"3.0833": [2.44, -0.92, -3.05],
						"3.125": [1.21, -1.75, -2.6],
						"3.1667": [0.34, -2.16, -2.12],
						"3.2083": [0.05, -2.06, -1.77],
						"3.25": [-0.07, -1.72, -1.37],
						"3.2917": [-0.09, -1.25, -0.96],
						"3.3333": [-0.05, -0.74, -0.57],
						"3.375": [-0.01, -0.29, -0.24],
						"3.4167": [0, 0, 0]
					}
				},
				"righthand": {
					"rotation": [68, 0, 0],
					"position": [-4.56, -10.25, -2.19]
				},
				"camera": {
					"rotation": {
						"0.25": [0, 0, 0],
						"0.5": {
							"pre": [3, 4, 0],
							"post": [3, 4, 0],
							"lerp_mode": "catmullrom"
						},
						"1.25": {
							"post": [-2, -1, 0],
							"lerp_mode": "catmullrom"
						},
						"2.5": {
							"post": [5, -1, 0],
							"lerp_mode": "catmullrom"
						},
						"3.8333": [0, 0, 0]
					},
					"position": {
						"0.25": [0, 0, 0],
						"0.5": {
							"pre": [-0.0625, -0.15625, 0],
							"post": [-0.0625, -0.15625, 0],
							"lerp_mode": "catmullrom"
						},
						"1.25": {
							"post": [0.15875, -0.19125, 0],
							"lerp_mode": "catmullrom"
						},
						"2.5": {
							"post": [0.4725, -0.34625, 0],
							"lerp_mode": "catmullrom"
						},
						"3.8333": [0, 0, 0]
					}
				}
			},
			"sound_effects": {
				"1.7083": {
					"effect": "grenadegun_inspect"
				}
			}
		},
		"inspect_empty": {
			"animation_length": 2.0833,
			"bones": {
				"root": {
					"rotation": {
						"0.0": [0, 0, 0],
						"0.0417": [0, 0, -1.93],
						"0.0833": [0, 0, -4.74],
						"0.125": [0, 0, -8],
						"0.1667": [0, 0, -11.26],
						"0.2083": [0, 0, -14.07],
						"0.25": [0, 0, -16],
						"0.2917": [-0.02, 0, -16.7],
						"0.3333": [-0.08, 0, -17.08],
						"0.375": [-0.15, 0, -17.19],
						"0.4167": [-0.22, 0, -17.1],
						"0.4583": [-0.27, 0, -16.88],
						"0.5": [-0.3, 0, -16.59],
						"0.5417": [-0.27, 0, -16.31],
						"0.5833": [-0.18, 0, -16.09],
						"0.625": [0, 0, -16],
						"0.6667": [0.61, 0, -16],
						"0.7083": [1.5, 0, -16],
						"0.75": [2.5, 0, -16],
						"0.7917": [3.39, 0, -16],
						"0.8333": [4, 0, -16],
						"0.875": [4.1, 0, -16],
						"0.9167": [4.18, 0, -16],
						"0.9583": [4.23, 0, -16],
						"1.0": [4.27, 0, -16],
						"1.0417": [4.29, 0, -16],
						"1.0833": [4.3, 0, -16],
						"1.125": [4.29, 0, -16],
						"1.1667": [4.27, 0, -16],
						"1.2083": [4.25, 0, -16],
						"1.25": [4.22, 0, -16],
						"1.2917": [4.18, 0, -16],
						"1.3333": [4.15, 0, -16],
						"1.375": [4.11, 0, -16],
						"1.4167": [4.08, 0, -16],
						"1.4583": [4.05, 0, -16],
						"1.5": [4.02, 0, -16],
						"1.5417": [4.01, 0, -16],
						"1.5833": [4, 0, -16],
						"1.625": [4, 0, -16],
						"1.6667": [4, 0, -16],
						"1.7083": [4, 0, -16],
						"1.75": [4, 0, -16],
						"1.7917": [4, 0, -16],
						"1.8333": [4.09, 0, -16.38],
						"1.875": [4.25, 0, -17],
						"1.9167": [4.28, 0, -17.12],
						"1.9583": [4, 0, -16],
						"2.0": [2.81, 0, -11.26],
						"2.0417": [1.19, 0, -4.74],
						"2.0833": [0, 0, 0]
					},
					"position": {
						"0.0": [0, 0, 0],
						"0.0417": [-0.06, 0.06, 0],
						"0.0833": [-0.16, 0.16, 0],
						"0.125": [-0.27, 0.27, 0],
						"0.1667": [-0.37, 0.37, 0],
						"0.2083": [-0.47, 0.47, 0],
						"0.25": [-0.53, 0.53, 0],
						"0.2917": [-0.55, 0.56, 0],
						"0.3333": [-0.57, 0.57, 0],
						"0.375": [-0.57, 0.58, 0],
						"0.4167": [-0.57, 0.58, 0],
						"0.4583": [-0.56, 0.58, 0],
						"0.5": [-0.55, 0.57, 0],
						"0.5417": [-0.54, 0.56, 0],
						"0.5833": [-0.53, 0.55, 0],
						"0.625": [-0.53, 0.53, 0],
						"0.6667": [-0.53, 0.45, 0],
						"0.7083": [-0.53, 0.33, 0],
						"0.75": [-0.53, 0.25, 0],
						"0.7917": [-0.53, 0.24, 0],
						"0.8333": [-0.53, 0.24, 0],
						"0.875": [-0.53, 0.23, 0],
						"0.9167": [-0.53, 0.23, 0],
						"0.9583": [-0.53, 0.23, 0],
						"1.0": [-0.53, 0.23, 0],
						"1.0417": [-0.53, 0.23, 0],
						"1.0833": [-0.53, 0.23, 0],
						"1.125": [-0.53, 0.23, 0],
						"1.1667": [-0.53, 0.23, 0],
						"1.2083": [-0.53, 0.23, 0],
						"1.25": [-0.53, 0.24, 0],
						"1.2917": [-0.53, 0.24, 0],
						"1.3333": [-0.53, 0.24, 0],
						"1.375": [-0.53, 0.24, 0],
						"1.4167": [-0.53, 0.25, 0],
						"1.4583": [-0.53, 0.25, 0],
						"1.5": [-0.53, 0.25, 0],
						"1.5417": [-0.53, 0.25, 0],
						"1.5833": [-0.53, 0.25, 0],
						"1.625": [-0.53, 0.25, 0],
						"1.6667": [-0.53, 0.25, 0],
						"1.7083": [-0.53, 0.25, 0],
						"1.75": [-0.53, 0.25, 0],
						"1.7917": [-0.53, 0.25, 0],
						"1.8333": [-0.54, 0.26, 0],
						"1.875": [-0.56, 0.27, 0],
						"1.9167": [-0.57, 0.27, 0],
						"1.9583": [-0.53, 0.25, 0],
						"2.0": [-0.37, 0.18, 0],
						"2.0417": [-0.16, 0.07, 0],
						"2.0833": [0, 0, 0]
					}
				},
				"lefthand": {
					"rotation": {
						"0.0": [81.91, 40.56, -12.62],
						"0.0417": [81.91, 40.56, -12.62],
						"0.0833": [81.91, 40.56, -12.62],
						"0.125": [81.91, 40.56, -12.62],
						"0.1667": [81.91, 40.56, -12.62],
						"0.2083": [81.91, 40.56, -12.62],
						"0.25": [81.91, 40.56, -12.62],
						"0.2917": [81.93, 40.46, -12.59],
						"0.3333": [81.99, 40.2, -12.52],
						"0.375": [82.06, 39.87, -12.43],
						"0.4167": [82.13, 39.53, -12.34],
						"0.4583": [82.18, 39.28, -12.27],
						"0.5": [82.21, 39.17, -12.24],
						"0.5417": [82.18, 39.3, -12.27],
						"0.5833": [82.09, 39.74, -12.39],
						"0.625": [81.91, 40.56, -12.62],
						"0.6667": [82, 43.27, -13.09],
						"0.7083": [82.5, 47.2, -13.61],
						"0.75": [82.56, 51.64, -14.42],
						"0.7917": [81.32, 55.9, -15.73],
						"0.8333": [77.92, 59.28, -17.77],
						"0.875": [64.68, 63.13, -23.97],
						"0.9167": [47.04, 65.83, -31.79],
						"0.9583": [34.25, 67.59, -37.43],
						"1.0": [32.99, 67.84, -38],
						"1.0417": [32.07, 68.01, -38.41],
						"1.0833": [31.46, 68.13, -38.68],
						"1.125": [31.12, 68.19, -38.84],
						"1.1667": [31.02, 68.21, -38.88],
						"1.2083": [31.11, 68.19, -38.84],
						"1.25": [31.35, 68.14, -38.73],
						"1.2917": [31.72, 68.07, -38.57],
						"1.3333": [32.16, 67.99, -38.37],
						"1.375": [32.63, 67.9, -38.16],
						"1.4167": [33.11, 67.81, -37.94],
						"1.4583": [33.55, 67.72, -37.74],
						"1.5": [33.91, 67.65, -37.58],
						"1.5417": [34.16, 67.61, -37.47],
						"1.5833": [34.25, 67.59, -37.43],
						"1.625": [34.25, 67.59, -37.43],
						"1.6667": [34.25, 67.59, -37.43],
						"1.7083": [34.25, 67.59, -37.43],
						"1.75": [34.25, 67.59, -37.43],
						"1.7917": [34.25, 67.59, -37.43],
						"1.8333": [33.13, 68.22, -38.01],
						"1.875": [31.27, 69.28, -38.98],
						"1.9167": [30.9, 69.49, -39.17],
						"1.9583": [34.25, 67.59, -37.43],
						"2.0": [48.37, 59.58, -30.08],
						"2.0417": [67.79, 48.57, -19.97],
						"2.0833": [81.91, 40.56, -12.62]
					},
					"position": {
						"0.0": [7.16, -10.28, -9.56],
						"0.0417": [7.16, -10.28, -9.56],
						"0.0833": [7.16, -10.28, -9.56],
						"0.125": [7.16, -10.28, -9.56],
						"0.1667": [7.16, -10.28, -9.56],
						"0.2083": [7.16, -10.28, -9.56],
						"0.25": [7.16, -10.28, -9.56],
						"0.2917": [7.15, -10.28, -9.59],
						"0.3333": [7.12, -10.28, -9.66],
						"0.375": [7.09, -10.28, -9.75],
						"0.4167": [7.05, -10.28, -9.84],
						"0.4583": [7.03, -10.28, -9.92],
						"0.5": [7.01, -10.28, -9.94],
						"0.5417": [7.03, -10.28, -9.91],
						"0.5833": [7.07, -10.28, -9.79],
						"0.625": [7.16, -10.28, -9.56],
						"0.6667": [7.45, -10.25, -8.77],
						"0.7083": [7.88, -10.19, -7.61],
						"0.75": [8.36, -10.14, -6.32],
						"0.7917": [8.8, -10.16, -5.16],
						"0.8333": [9.13, -10.28, -4.37],
						"0.875": [9.4, -10.84, -3.99],
						"0.9167": [9.49, -11.62, -4.18],
						"0.9583": [9.54, -12.19, -4.37],
						"1.0": [9.55, -12.24, -4.37],
						"1.0417": [9.56, -12.28, -4.37],
						"1.0833": [9.56, -12.31, -4.37],
						"1.125": [9.57, -12.32, -4.37],
						"1.1667": [9.57, -12.33, -4.37],
						"1.2083": [9.57, -12.32, -4.37],
						"1.25": [9.57, -12.31, -4.37],
						"1.2917": [9.56, -12.3, -4.37],
						"1.3333": [9.56, -12.28, -4.37],
						"1.375": [9.55, -12.26, -4.37],
						"1.4167": [9.55, -12.24, -4.37],
						"1.4583": [9.55, -12.22, -4.37],
						"1.5": [9.54, -12.2, -4.37],
						"1.5417": [9.54, -12.19, -4.37],
						"1.5833": [9.54, -12.19, -4.37],
						"1.625": [9.54, -12.19, -4.37],
						"1.6667": [9.54, -12.19, -4.37],
						"1.7083": [9.54, -12.19, -4.37],
						"1.75": [9.54, -12.19, -4.37],
						"1.7917": [9.54, -12.19, -4.37],
						"1.8333": [9.6, -12.23, -4.25],
						"1.875": [9.69, -12.31, -4.05],
						"1.9167": [9.71, -12.32, -4],
						"1.9583": [9.54, -12.19, -4.37],
						"2.0": [8.83, -11.62, -5.91],
						"2.0417": [7.86, -10.85, -8.02],
						"2.0833": [7.16, -10.28, -9.56]
					}
				},
				"magazine": {
					"rotation": {
						"0.8333": [0, 0, 0],
						"0.875": [0, 0, 8.75],
						"0.9167": [0, 0, 20],
						"0.9583": [0, 0, 30],
						"1.0": [0, 0, 40],
						"1.0417": [0, 0, 50],
						"1.0833": [0, 0, 60],
						"1.125": [0, 0, 70],
						"1.1667": [0, 0, 80],
						"1.2083": [0, 0, 90],
						"1.25": [0, 0, 100],
						"1.2917": [0, 0, 110],
						"1.3333": [0, 0, 120],
						"1.375": [0, 0, 130],
						"1.4167": [0, 0, 140],
						"1.4583": [0, 0, 150],
						"1.5": [0, 0, 160],
						"1.5417": [0, 0, 171.25],
						"1.5833": [0, 0, 180],
						"1.625": [0, 0, 181.28],
						"1.6667": [0, 0, 181.44],
						"1.7083": [0, 0, 180.96],
						"1.75": [0, 0, 180.32],
						"1.7917": [0, 0, 180],
						"1.8333": [0, 0, 180],
						"1.875": [0, 0, 180],
						"1.9167": [0, 0, 180],
						"1.9583": [0, 0, 180]
					},
					"position": {
						"0.8333": [0, 0, 0],
						"0.875": [-1.09, 1.76, 0.01],
						"0.9167": [-2.31, 4.19, 0],
						"0.9583": [-3.01, 6.79, -0.09],
						"1.0": [-3.35, 9.5, -0.19],
						"1.0417": [-3.32, 12.08, -0.21],
						"1.0833": [-2.82, 14.57, -0.19],
						"1.125": [-1.57, 16.96, -0.1],
						"1.1667": [0, 19.16, 0],
						"1.2083": [1.44, 21.08, 0.01],
						"1.25": [3.16, 22.66, 0],
						"1.2917": [5.57, 23.78, 0],
						"1.3333": [8.25, 24.5, 0],
						"1.375": [10.92, 24.88, 0],
						"1.4167": [13.56, 24.81, 0],
						"1.4583": [16.06, 24.18, 0],
						"1.5": [18.41, 23.09, 0],
						"1.5417": [20.76, 21.32, 0],
						"1.5833": [22.5, 19.75, 0],
						"1.625": [22.76, 19.53, 0],
						"1.6667": [22.79, 19.5, 0],
						"1.7083": [22.7, 19.57, 0],
						"1.75": [22.57, 19.67, 0],
						"1.7917": [22.5, 19.72, 0],
						"1.8333": [22.5, 19.72, 0],
						"1.875": [22.5, 19.72, 0],
						"1.9167": [22.5, 19.72, 0],
						"1.9583": [22.5, 19.72, 0]
					}
				},
				"righthand": {
					"rotation": [68, 0, 0],
					"position": [-4.56, -10.25, -2.19]
				},
				"camera": {
					"rotation": {
						"0.25": [0, 0, 0],
						"0.5": {
							"pre": [3, 2, 0],
							"post": [3, 2, 0],
							"lerp_mode": "catmullrom"
						},
						"1.25": {
							"post": [3, 2, 0],
							"lerp_mode": "catmullrom"
						},
						"2.0833": [0, 0, 0]
					},
					"position": {
						"0.25": [0, 0, 0],
						"0.5": {
							"pre": [0.1875, 0.1875, 0],
							"post": [0.1875, 0.1875, 0],
							"lerp_mode": "catmullrom"
						},
						"1.25": {
							"post": [0.1875, 0.1875, 0],
							"lerp_mode": "catmullrom"
						},
						"2.0833": [0, 0, 0]
					}
				}
			},
			"sound_effects": {
				"0.8333": {
					"effect": "grenadegun_spin"
				}
			}
		},
		"shoot": {
			"animation_length": 0.5,
			"bones": {
				"root": {
					"rotation": {
						"0.0": [0, 0, 0],
						"0.0417": [-5.69, 0, 0],
						"0.0833": [-12, 0, 0],
						"0.125": [-17, 0, 0],
						"0.1667": [-17.59, 0, 0],
						"0.2083": [-18.18, 0, 0],
						"0.25": [-18.46, 0, 0],
						"0.2917": [-18.17, 0, 0],
						"0.3333": [-17, 0, 0],
						"0.375": [-13.55, 0, 0],
						"0.4167": [-8.5, 0, 0],
						"0.4583": [-3.45, 0, 0],
						"0.5": [0, 0, 0]
					},
					"position": {
						"0.0": [0, 0, 0],
						"0.0417": [0, 0, 1.53],
						"0.0833": [0, 0, 1.56],
						"0.125": [0, 0, 1.56],
						"0.1667": [0, 0, 1.59],
						"0.2083": [0, 0, 1.64],
						"0.25": [0, 0, 1.67],
						"0.2917": [0, 0, 1.66],
						"0.3333": [0, 0, 1.56],
						"0.375": [0, 0, 1.24],
						"0.4167": [0, 0, 0.78],
						"0.4583": [0, 0, 0.32],
						"0.5": [0, 0, 0]
					}
				},
				"camera": {
					"rotation": {
						"0.0": [0, 0, 0],
						"0.0417": [-2, 0, 0],
						"0.0833": [-4, 0, 0],
						"0.25": [-6, 0, 0],
						"0.5": [0, 0, 0]
					},
					"position": {
						"0.0": [0, 0, 0],
						"0.0417": [0, 0.09375, 0.3125],
						"0.0833": [0, 0.18375, 0.77875],
						"0.25": [0, 0.2425, 1.4675],
						"0.5": [0, 0, 0]
					}
				},
				"barrel": {
					"rotation": {
						"0.0": [0, 0, 0],
						"0.0417": [0, 0, 0],
						"0.0833": [0, 0, 0],
						"0.125": [0, 0, 0],
						"0.1667": [0, 0, 0],
						"0.2083": [0, 0, 0],
						"0.25": [0, 0, 0]
					},
					"position": {
						"0.0": [0, 0, 0],
						"0.0417": [0, 0, 0.58],
						"0.0833": [0, 0, 1.03],
						"0.125": [0, 0, 0.89],
						"0.1667": [0, 0, 0.58],
						"0.2083": [0, 0, 0.23],
						"0.25": [0, 0, 0]
					}
				},
				"constraint": {
					"rotation": {
						"0.0": [0, 0, 0],
						"0.125": [0.8, 0.8, 0.8],
						"0.25": [0.4, 0.4, 0.4],
						"0.5": [0, 0, 0]
					},
					"position": {
						"0.0": [0, 0, 0],
						"0.125": [0, 0, 0],
						"0.25": [0, 0, 0],
						"0.5": [0, 0, 0]
					}
				}
			},
			"sound_effects": {
				"0.0417": {
					"effect": "grenadegun_shoot"
				}
			}
		},
		"static_VG": {
			"animation_length": 0.5,
			"bones": {
				"lefthand": {
					"rotation": [81.90741, 40.56028, -12.61586],
					"position": [6.71875, -11.75, -10.3125]
				},
				"righthand": {
					"rotation": [68, 0, 0],
					"position": [-4.5625, -10.25, -2.1875]
				}
			}
		},
		"static_AFG": {
			"animation_length": 0.2917,
			"bones": {
				"lefthand": {
					"rotation": [81.90741, 40.56028, -12.61586],
					"position": [7.59375, -12.125, -10.59375]
				},
				"righthand": {
					"rotation": [68, 0, 0],
					"position": [-4.5625, -10.25, -2.1875]
				}
			}
		}
	}
}