{
	"format_version": "1.8.0",
	"animations": {
		"static_idle": {
			"animation_length": 0.25,
			"bones": {
				"lefthand": {
					"rotation": [85.99237, 4.99695, -0.17494],
					"position": [7.65625, -10.375, -2.5625]
				},
				"righthand": {
					"rotation": [85.97006, -6.98286, 0.49073],
					"position": [-5.0625, -10.0625, -2.65625]
				}
			}
		},
		"draw": {
			"animation_length": 0.7083,
			"bones": {
				"lefthand": {
					"rotation": [85.99237, 4.99695, -0.17494],
					"position": [7.65625, -10.375, -2.5625]
				},
				"righthand": {
					"rotation": [85.97006, -6.98286, 0.49073],
					"position": [-5.0625, -10.0625, -2.65625]
				},
				"root": {
					"rotation": {
						"0.0": [32, -57, 0],
						"0.0417": [31.4, -54.4, -0.84],
						"0.0833": [30.73, -50.86, -2.12],
						"0.125": [29.91, -46.66, -3.62],
						"0.1667": [28.89, -42.04, -5.14],
						"0.2083": [27.58, -37.25, -6.48],
						"0.25": [25.93, -32.57, -7.44],
						"0.2917": [23.88, -28.24, -7.8],
						"0.3333": [22.02, -25.26, -7.62],
						"0.375": [19.73, -22.1, -7.12],
						"0.4167": [17.12, -18.84, -6.36],
						"0.4583": [14.31, -15.55, -5.43],
						"0.5": [11.43, -12.32, -4.39],
						"0.5417": [8.59, -9.24, -3.31],
						"0.5833": [5.9, -6.38, -2.26],
						"0.625": [3.5, -3.83, -1.31],
						"0.6667": [1.49, -1.68, -0.53],
						"0.7083": [0, 0, 0]
					},
					"position": {
						"0.0": [10.38, -8.28, -0.72],
						"0.0417": [9.99, -7.52, -0.69],
						"0.0833": [9.44, -6.41, -0.65],
						"0.125": [8.78, -5.23, -0.61],
						"0.1667": [8.07, -4.22, -0.56],
						"0.2083": [7.57, -3.7, -0.53],
						"0.25": [7.04, -3.22, -0.49],
						"0.2917": [6.48, -2.79, -0.45],
						"0.3333": [5.89, -2.38, -0.41],
						"0.375": [5.27, -2.01, -0.37],
						"0.4167": [4.61, -1.65, -0.32],
						"0.4583": [3.97, -1.35, -0.28],
						"0.5": [3.24, -1.06, -0.23],
						"0.5417": [2.47, -0.79, -0.17],
						"0.5833": [1.71, -0.54, -0.12],
						"0.625": [1.01, -0.32, -0.07],
						"0.6667": [0.43, -0.14, -0.03],
						"0.7083": [0, 0, 0]
					}
				}
			}
		},
		"put_away": {
			"animation_length": 0.75,
			"bones": {
				"root": {
					"rotation": {
						"0.0": [0, 0, 0],
						"0.0417": [0, -5.75, 0],
						"0.0833": [0, -11.5, 0],
						"0.125": [0, -17.25, 0],
						"0.1667": [0, -23, 0],
						"0.2083": [1.92, -23.31, 0],
						"0.25": [3.83, -23.63, 0],
						"0.2917": [5.75, -23.94, 0],
						"0.3333": [7.66, -24.25, 0],
						"0.375": [9.58, -24.57, 0],
						"0.4167": [13.31, -30.06, -1.46],
						"0.4583": [17.04, -35.55, -2.92],
						"0.5": [20.77, -41.03, -4.38],
						"0.5417": [24.5, -46.52, -5.83],
						"0.5833": [28.24, -52.01, -7.29],
						"0.625": [32.74, -52.01, -7.29],
						"0.6667": [37.24, -52.01, -7.29],
						"0.7083": [41.74, -52.01, -7.29],
						"0.75": [46.24, -52.01, -7.29]
					},
					"position": {
						"0.0": [0, 0, 0],
						"0.0417": [0.34, 0, -0.22],
						"0.0833": [0.69, 0, -0.44],
						"0.125": [1.03, 0, -0.66],
						"0.1667": [1.38, 0, -0.87],
						"0.2083": [1.99, -0.38, -0.87],
						"0.25": [2.6, -0.76, -0.87],
						"0.2917": [3.22, -1.14, -0.87],
						"0.3333": [3.83, -1.52, -0.87],
						"0.375": [4.44, -1.91, -0.87],
						"0.4167": [4.69, -2.59, -0.87],
						"0.4583": [4.94, -3.28, -0.87],
						"0.5": [5.19, -3.97, -0.87],
						"0.5417": [5.44, -4.66, -0.87],
						"0.5833": [5.69, -5.35, -0.87],
						"0.625": [5.69, -6.43, -0.87],
						"0.6667": [5.69, -7.5, -0.87],
						"0.7083": [5.69, -8.58, -0.87],
						"0.75": [5.69, -9.66, -0.87]
					}
				},
				"lefthand": {
					"rotation": {
						"0.0": [85.99, 5, -0.17],
						"0.0417": [77.33, 5.21, -10.35],
						"0.0833": [68.67, 5.43, -20.53],
						"0.125": [60.01, 5.64, -30.7],
						"0.1667": [51.35, 5.86, -40.88],
						"0.2083": [42.69, 6.07, -51.05]
					},
					"position": {
						"0.0": [7.66, -10.37, -2.56],
						"0.0417": [7.66, -9.62, -3.6],
						"0.0833": [7.66, -8.87, -4.64],
						"0.125": [7.66, -8.12, -5.67],
						"0.1667": [7.66, -7.37, -6.71],
						"0.2083": [7.66, -6.62, -7.75]
					}
				},
				"righthand": {
					"rotation": [85.97, -6.98, 0.49],
					"position": [-5.06, -10.06, -2.66]
				}
			}
		},
		"reload_empty": {
			"animation_length": 3,
			"bones": {
				"lefthand": {
					"rotation": {
						"0.0": [85.99, 5, -0.17],
						"0.0417": [85.99, 5, -0.17],
						"0.0833": [85.99, 5, -0.17],
						"0.125": [85.99, 5, -0.17],
						"0.1667": [85.99, 5, -0.17],
						"0.2083": [84.22, 4.77, -2.89],
						"0.25": [82.45, 4.55, -5.6],
						"0.2917": [80.67, 4.32, -8.31],
						"0.3333": [78.9, 4.1, -11.02],
						"0.375": [77.13, 3.87, -13.73],
						"0.4167": [75.36, 3.65, -16.45],
						"0.4583": [73.58, 3.42, -19.16],
						"0.5": [77.36, 2.16, -23.37],
						"0.5417": [81.14, 0.9, -27.59],
						"0.5833": [84.92, -0.36, -31.81],
						"0.625": [88.7, -1.63, -36.03],
						"0.6667": [92.48, -2.89, -40.25],
						"0.7083": [105.71, 1.28, -52.04],
						"0.75": [118.94, 5.46, -63.84],
						"0.7917": [121.44, 5.46, -63.84],
						"0.8333": [123.94, 5.46, -63.84],
						"0.875": [123.94, 5.46, -63.84],
						"0.9167": [123.94, 5.46, -63.84],
						"0.9583": [123.94, 5.46, -63.84],
						"1.0": [123.94, 5.46, -63.84],
						"1.0417": [123.85, 5.87, -64.47],
						"1.0833": [123.76, 6.29, -65.1],
						"1.125": [123.74, 6.14, -64.9],
						"1.1667": [124.29, 1.53, -60.75],
						"1.2083": [124.3, 1.25, -58.98],
						"1.25": [124.31, 0.97, -57.21],
						"1.2917": [124.28, -0.72, -54.73],
						"1.3333": [124.25, -2.41, -52.25],
						"1.375": [124.16, -3.35, -50.87],
						"1.4167": [124.07, -4.28, -49.49],
						"1.4583": [123.97, -5.22, -48.1],
						"1.5": [123.97, -5.22, -48.1],
						"1.5417": [123.97, -5.22, -48.1],
						"1.5833": [123.97, -5.22, -48.1],
						"1.625": [123.97, -5.22, -48.1],
						"1.6667": [123.97, -5.22, -48.1],
						"1.7083": [123.97, -5.22, -48.1],
						"1.75": [123.97, -5.22, -48.1],
						"1.7917": [119.57, -5.22, -48.1],
						"1.8333": [115.17, -5.22, -48.1],
						"1.875": [110.77, -5.22, -48.1],
						"1.9167": [106.37, -5.22, -48.1],
						"1.9583": [101.97, -5.22, -48.1],
						"2.0": [101.24, -4.76, -45.92],
						"2.0417": [100.52, -4.29, -43.74],
						"2.0833": [99.79, -3.83, -41.56],
						"2.125": [99.06, -3.36, -39.39],
						"2.1667": [98.34, -2.9, -37.21],
						"2.2083": [97.61, -2.43, -35.03],
						"2.25": [96.89, -1.97, -32.85],
						"2.2917": [96.16, -1.5, -30.67],
						"2.3333": [95.43, -1.04, -28.49],
						"2.375": [94.71, -0.58, -26.32],
						"2.4167": [93.98, -0.11, -24.14],
						"2.4583": [93.25, 0.35, -21.96],
						"2.5": [92.53, 0.82, -19.78],
						"2.5417": [91.8, 1.28, -17.6],
						"2.5833": [91.08, 1.75, -15.42],
						"2.625": [90.35, 2.21, -13.25],
						"2.6667": [89.62, 2.67, -11.07],
						"2.7083": [88.9, 3.14, -8.89],
						"2.75": [88.17, 3.6, -6.71],
						"2.7917": [87.44, 4.07, -4.53],
						"2.8333": [86.72, 4.53, -2.35],
						"2.875": [85.99, 5, -0.17]
					},
					"position": {
						"0.0": [7.66, -10.37, -2.56],
						"0.0417": [7.66, -10.37, -2.56],
						"0.0833": [7.66, -10.37, -2.56],
						"0.125": [7.66, -10.37, -2.56],
						"0.1667": [7.66, -10.37, -2.56],
						"0.2083": [7.76, -10.15, -2.84],
						"0.25": [7.86, -9.93, -3.12],
						"0.2917": [7.97, -9.7, -3.41],
						"0.3333": [8.07, -9.48, -3.69],
						"0.375": [8.17, -9.26, -3.97],
						"0.4167": [8.28, -9.03, -4.25],
						"0.4583": [8.38, -8.81, -4.53],
						"0.5": [8.78, -9.36, -4.17],
						"0.5417": [9.18, -9.92, -3.8],
						"0.5833": [9.58, -10.48, -3.44],
						"0.625": [9.98, -11.03, -3.08],
						"0.6667": [10.38, -11.59, -2.72],
						"0.7083": [13.21, -12, -2.72],
						"0.75": [16.04, -12.4, -2.72],
						"0.7917": [19.15, -12.14, -2.72],
						"0.8333": [22.26, -11.87, -2.72],
						"0.875": [22.26, -11.87, -2.72],
						"0.9167": [22.26, -11.87, -2.72],
						"0.9583": [22.26, -11.87, -2.72],
						"1.0": [22.26, -11.87, -2.72],
						"1.0417": [21.15, -15.54, -2.72],
						"1.0833": [20.04, -19.21, -2.72],
						"1.125": [17.15, -21.64, -2.72],
						"1.1667": [14.26, -20.33, -2.72],
						"1.2083": [12.95, -18.85, -2.72],
						"1.25": [11.64, -17.36, -2.72],
						"1.2917": [11.64, -15.81, -2.72],
						"1.3333": [11.64, -14.27, -2.72],
						"1.375": [11.28, -13.72, -2.72],
						"1.4167": [10.91, -13.16, -2.72],
						"1.4583": [10.55, -12.61, -2.72],
						"1.5": [10.14, -11.88, -2.72],
						"1.5417": [9.74, -11.14, -2.72],
						"1.5833": [9.74, -11.14, -2.72],
						"1.625": [9.74, -11.14, -2.72],
						"1.6667": [9.74, -11.14, -2.72],
						"1.7083": [9.74, -11.14, -2.72],
						"1.75": [9.74, -11.14, -2.72],
						"1.7917": [9.4, -10.7, -3.41],
						"1.8333": [9.06, -10.25, -4.11],
						"1.875": [8.73, -9.81, -4.8],
						"1.9167": [8.39, -9.36, -5.5],
						"1.9583": [8.05, -8.92, -6.19],
						"2.0": [7.99, -8.85, -6.06],
						"2.0417": [7.93, -8.78, -5.92],
						"2.0833": [7.88, -8.72, -5.79],
						"2.125": [7.82, -8.65, -5.66],
						"2.1667": [7.76, -8.58, -5.53],
						"2.2083": [7.7, -8.51, -5.39],
						"2.25": [7.64, -8.44, -5.26],
						"2.2917": [7.86, -8.78, -5.13],
						"2.3333": [7.87, -8.85, -5.12],
						"2.375": [7.88, -8.91, -5.11],
						"2.4167": [7.89, -8.98, -5.09],
						"2.4583": [7.9, -9.05, -5.08],
						"2.5": [7.9, -9.1, -4.97],
						"2.5417": [7.89, -9.15, -4.87],
						"2.5833": [7.89, -9.21, -4.76],
						"2.625": [7.86, -9.37, -4.45],
						"2.6667": [7.82, -9.54, -4.13],
						"2.7083": [7.79, -9.71, -3.82],
						"2.75": [7.76, -9.87, -3.51],
						"2.7917": [7.72, -10.04, -3.19],
						"2.8333": [7.69, -10.21, -2.88],
						"2.875": [7.66, -10.37, -2.56]
					}
				},
				"righthand": {
					"rotation": {
						"0.0": [85.97, -6.98, 0.49],
						"0.0417": [85.97, -6.98, 0.49],
						"0.0833": [85.97, -6.98, 0.49],
						"0.125": [85.97, -6.98, 0.49],
						"0.1667": [85.97, -6.98, 0.49],
						"0.2083": [88.11, -8.81, -4.46],
						"0.25": [90.25, -10.65, -9.4],
						"0.2917": [92.38, -12.48, -14.35],
						"0.3333": [94.52, -14.31, -19.3],
						"0.375": [96.66, -16.15, -24.25],
						"0.4167": [98.8, -17.98, -29.19],
						"0.4583": [100.94, -19.82, -34.14],
						"0.5": [100.94, -19.82, -34.14],
						"0.5417": [100.94, -19.82, -34.14],
						"0.5833": [100.94, -19.82, -34.14],
						"0.625": [100.94, -19.82, -34.14],
						"0.6667": [100.94, -19.82, -34.14],
						"0.7083": [100.94, -19.82, -34.14],
						"0.75": [100.94, -19.82, -34.14],
						"0.7917": [100.94, -19.82, -34.14],
						"0.8333": [100.94, -19.82, -34.14],
						"0.875": [100.94, -19.82, -34.14],
						"0.9167": [100.94, -19.82, -34.14],
						"0.9583": [100.94, -19.82, -34.14],
						"1.0": [100.94, -19.82, -34.14],
						"1.0417": [100.94, -19.82, -34.14],
						"1.0833": [100.94, -19.82, -34.14],
						"1.125": [100.94, -19.82, -34.14],
						"1.1667": [100.94, -19.82, -34.14],
						"1.2083": [100.94, -19.82, -34.14],
						"1.25": [100.94, -19.82, -34.14],
						"1.2917": [100.94, -19.82, -34.14],
						"1.3333": [100.94, -19.82, -34.14],
						"1.375": [100.94, -19.82, -34.14],
						"1.4167": [100.94, -19.82, -34.14],
						"1.4583": [100.94, -19.82, -34.14],
						"1.5": [100.94, -19.82, -34.14],
						"1.5417": [100.94, -19.82, -34.14],
						"1.5833": [100.94, -19.82, -34.14],
						"1.625": [100.94, -19.82, -34.14],
						"1.6667": [100.94, -19.82, -34.14],
						"1.7083": [100.94, -19.82, -34.14],
						"1.75": [100.94, -19.82, -34.14],
						"1.7917": [100.94, -19.82, -34.14],
						"1.8333": [100.94, -19.82, -34.14],
						"1.875": [100.94, -19.82, -34.14],
						"1.9167": [100.94, -19.82, -34.14],
						"1.9583": [100.94, -19.82, -34.14],
						"2.0": [98.61, -19.82, -34.14],
						"2.0417": [96.27, -19.82, -34.14],
						"2.0833": [93.94, -19.82, -34.14],
						"2.125": [95.34, -19.82, -34.14],
						"2.1667": [96.74, -19.82, -34.14],
						"2.2083": [98.14, -19.82, -34.14],
						"2.25": [99.54, -19.82, -34.14],
						"2.2917": [100.94, -19.82, -34.14],
						"2.3333": [99.87, -18.9, -31.67],
						"2.375": [98.8, -17.99, -29.19],
						"2.4167": [97.73, -17.07, -26.72],
						"2.4583": [96.66, -16.15, -24.25],
						"2.5": [95.59, -15.24, -21.77],
						"2.5417": [94.52, -14.32, -19.3],
						"2.5833": [93.46, -13.4, -16.82],
						"2.625": [92.39, -12.48, -14.35],
						"2.6667": [91.32, -11.57, -11.88],
						"2.7083": [90.25, -10.65, -9.4],
						"2.75": [89.18, -9.73, -6.93],
						"2.7917": [88.11, -8.82, -4.46],
						"2.8333": [87.04, -7.9, -1.98],
						"2.875": [85.97, -6.98, 0.49]
					},
					"position": {
						"0.0": [-5.06, -10.06, -2.66],
						"0.0417": [-5.06, -10.06, -2.66],
						"0.0833": [-5.06, -10.06, -2.66],
						"0.125": [-5.06, -10.06, -2.66],
						"0.1667": [-5.06, -10.06, -2.66],
						"0.2083": [-4.92, -9.88, -3.24],
						"0.25": [-4.78, -9.7, -3.82],
						"0.2917": [-4.64, -9.52, -4.4],
						"0.3333": [-4.51, -9.35, -4.98],
						"0.375": [-4.37, -9.17, -5.56],
						"0.4167": [-4.23, -8.99, -6.14],
						"0.4583": [-4.09, -8.81, -6.72],
						"0.5": [-4.09, -8.81, -6.72],
						"0.5417": [-4.09, -8.81, -6.72],
						"0.5833": [-4.09, -8.81, -6.72],
						"0.625": [-4.09, -8.81, -6.72],
						"0.6667": [-4.09, -8.81, -6.72],
						"0.7083": [-4.13, -8.81, -6.72],
						"0.75": [-4.16, -8.81, -6.72],
						"0.7917": [-4.2, -8.81, -6.72],
						"0.8333": [-4.24, -8.81, -6.72],
						"0.875": [-4.27, -8.81, -6.72],
						"0.9167": [-4.31, -8.81, -6.72],
						"0.9583": [-4.43, -8.81, -6.72],
						"1.0": [-4.55, -8.81, -6.72],
						"1.0417": [-4.53, -8.81, -6.72],
						"1.0833": [-4.52, -8.81, -6.72],
						"1.125": [-4.51, -8.81, -6.72],
						"1.1667": [-4.5, -8.81, -6.72],
						"1.2083": [-4.48, -8.81, -6.72],
						"1.25": [-4.47, -8.81, -6.72],
						"1.2917": [-4.47, -8.81, -6.72],
						"1.3333": [-4.48, -8.81, -6.72],
						"1.375": [-4.48, -8.81, -6.72],
						"1.4167": [-4.48, -8.81, -6.72],
						"1.4583": [-4.29, -8.81, -6.72],
						"1.5": [-4.09, -8.81, -6.72],
						"1.5417": [-4.09, -8.81, -6.72],
						"1.5833": [-4.09, -8.81, -6.72],
						"1.625": [-4.09, -8.81, -6.72],
						"1.6667": [-4.09, -8.81, -6.72],
						"1.7083": [-4.09, -8.81, -6.72],
						"1.75": [-4.09, -8.81, -6.72],
						"1.7917": [-4.09, -8.81, -6.72],
						"1.8333": [-4.09, -8.81, -6.72],
						"1.875": [-4.09, -8.81, -6.72],
						"1.9167": [-4.09, -8.81, -6.72],
						"1.9583": [-4.09, -8.81, -6.72],
						"2.0": [-4.32, -8.54, -6.72],
						"2.0417": [-4.55, -8.27, -6.72],
						"2.0833": [-4.78, -8, -6.72],
						"2.125": [-4.64, -8.16, -6.72],
						"2.1667": [-4.5, -8.32, -6.72],
						"2.2083": [-4.36, -8.49, -6.72],
						"2.25": [-4.23, -8.65, -6.72],
						"2.2917": [-4.09, -8.81, -6.72],
						"2.3333": [-4.13, -8.86, -6.57],
						"2.375": [-4.17, -8.92, -6.41],
						"2.4167": [-4.21, -8.97, -6.26],
						"2.4583": [-4.25, -9.02, -6.11],
						"2.5": [-4.29, -9.07, -5.95],
						"2.5417": [-4.33, -9.12, -5.8],
						"2.5833": [-4.37, -9.18, -5.65],
						"2.625": [-4.41, -9.23, -5.49],
						"2.6667": [-4.52, -9.37, -5.18],
						"2.7083": [-4.63, -9.51, -4.67],
						"2.75": [-4.74, -9.65, -4.17],
						"2.7917": [-4.85, -9.79, -3.66],
						"2.8333": [-4.95, -9.92, -3.16],
						"2.875": [-5.06, -10.06, -2.66]
					}
				},
				"slide": {
					"rotation": {
						"0.0": [0, 0, 0],
						"0.0417": [0, 0, 0],
						"0.0833": [0, 0, 0],
						"0.125": [0, 0, 0],
						"0.1667": [0, 0, 0],
						"0.2083": [0, 0, 0],
						"0.25": [0, 0, 0],
						"0.2917": [0, 0, 0],
						"0.3333": [0, 0, 0],
						"0.375": [0, 0, 0],
						"0.4167": [0, 0, 0],
						"0.4583": [0, 0, 0],
						"0.5": [0, 0, 0],
						"0.5417": [0, 0, 0],
						"0.5833": [0, 0, 0],
						"0.625": [0, 0, 0],
						"0.6667": [0, 0, 0],
						"0.7083": [0, 0, 0],
						"0.75": [0, 0, 0],
						"0.7917": [0, 0, 0],
						"0.8333": [0, 0, 0],
						"0.875": [0, 0, 0],
						"0.9167": [0, 0, 0],
						"0.9583": [0, 0, 0],
						"1.0": [0, 0, 0],
						"1.0417": [0, 0, 0],
						"1.0833": [0, 0, 0],
						"1.125": [0, 0, 0],
						"1.1667": [0, 0, 0],
						"1.2083": [0, 0, 0],
						"1.25": [0, 0, 0],
						"1.2917": [0, 0, 0],
						"1.3333": [0, 0, 0],
						"1.375": [0, 0, 0],
						"1.4167": [0, 0, 0],
						"1.4583": [0, 0, 0],
						"1.5": [0, 0, 0],
						"1.5417": [0, 0, 0],
						"1.5833": [0, 0, 0],
						"1.625": [0, 0, 0],
						"1.6667": [0, 0, 0],
						"1.7083": [0, 0, 0],
						"1.75": [0, 0, 0],
						"1.7917": [0, 0, 0],
						"1.8333": [0, 0, 0],
						"1.875": [0, 0, 0],
						"1.9167": [0, 0, 0],
						"1.9583": [0, 0, 0],
						"2.0": [0, 0, 0],
						"2.0417": [0, 0, 0],
						"2.0833": [0, 0, 0],
						"2.125": [0, 0, 0]
					},
					"position": {
						"0.0": [0, 0, 0.97],
						"0.0417": [0, 0, 0.97],
						"0.0833": [0, 0, 0.97],
						"0.125": [0, 0, 0.97],
						"0.1667": [0, 0, 0.97],
						"0.2083": [0, 0, 0.97],
						"0.25": [0, 0, 0.97],
						"0.2917": [0, 0, 0.97],
						"0.3333": [0, 0, 0.97],
						"0.375": [0, 0, 0.97],
						"0.4167": [0, 0, 0.97],
						"0.4583": [0, 0, 0.97],
						"0.5": [0, 0, 0.97],
						"0.5417": [0, 0, 0.97],
						"0.5833": [0, 0, 0.97],
						"0.625": [0, 0, 0.97],
						"0.6667": [0, 0, 0.97],
						"0.7083": [0, 0, 0.97],
						"0.75": [0, 0, 0.97],
						"0.7917": [0, 0, 0.97],
						"0.8333": [0, 0, 0.97],
						"0.875": [0, 0, 0.97],
						"0.9167": [0, 0, 0.97],
						"0.9583": [0, 0, 0.97],
						"1.0": [0, 0, 0.97],
						"1.0417": [0, 0, 0.97],
						"1.0833": [0, 0, 0.97],
						"1.125": [0, 0, 0.97],
						"1.1667": [0, 0, 0.97],
						"1.2083": [0, 0, 0.97],
						"1.25": [0, 0, 0.97],
						"1.2917": [0, 0, 0.97],
						"1.3333": [0, 0, 0.97],
						"1.375": [0, 0, 0.97],
						"1.4167": [0, 0, 0.97],
						"1.4583": [0, 0, 0.97],
						"1.5": [0, 0, 0.97],
						"1.5417": [0, 0, 0.97],
						"1.5833": [0, 0, 0.97],
						"1.625": [0, 0, 0.98],
						"1.6667": [0, 0, 0.99],
						"1.7083": [0, 0, 1.01],
						"1.75": [0, 0, 1.02],
						"1.7917": [0, 0, 1.04],
						"1.8333": [0, 0, 1.04],
						"1.875": [0, 0, 1.04],
						"1.9167": [0, 0, 1.01],
						"1.9583": [0, 0, 0.97],
						"2.0": [0, 0, 0.77],
						"2.0417": [0, 0, 0.48],
						"2.0833": [0, 0, 0.2],
						"2.125": [0, 0, 0]
					}
				},
				"root": {
					"rotation": {
						"0.0": [0, 0, 0],
						"0.0417": [0, 0, 0],
						"0.0833": [0, 0, 0],
						"0.125": [0, 0, 0],
						"0.1667": [0, 0, 0],
						"0.2083": [0, 0, 0],
						"0.25": [0, 0, 0],
						"0.2917": [0, 0, 0],
						"0.3333": [0, 0, 0],
						"0.375": [0, 0, 0],
						"0.4167": [0, 0, 0],
						"0.4583": [0, 0, 0],
						"0.5": [0, -1, -4],
						"0.5417": [0, -2, -8],
						"0.5833": [0.1, -2.05, -11.32],
						"0.625": [0.24, -1.91, -15.51],
						"0.6667": [0.4, -1.74, -19.91],
						"0.7083": [0.54, -1.69, -23.86],
						"0.75": [0.64, -1.89, -26.71],
						"0.7917": [0.71, -2.98, -28.7],
						"0.8333": [0.71, -4.51, -28.85],
						"0.875": [0.71, -5.87, -28.76],
						"0.9167": [0.72, -7, -28.91],
						"0.9583": [0.71, -7.96, -28.83],
						"1.0": [0.71, -8.28, -28.75],
						"1.0417": [0.71, -8.19, -28.75],
						"1.0833": [0.71, -8.01, -28.75],
						"1.125": [0.72, -7.75, -28.74],
						"1.1667": [0.72, -7.44, -28.74],
						"1.2083": [0.73, -7.09, -28.74],
						"1.25": [0.73, -6.72, -28.74],
						"1.2917": [0.73, -6.34, -28.74],
						"1.3333": [0.74, -5.97, -28.74],
						"1.375": [0.73, -5.62, -28.74],
						"1.4167": [0.73, -5.31, -28.74],
						"1.4583": [0.72, -5.05, -28.74],
						"1.5": [0.71, -4.87, -28.75],
						"1.5417": [0.54, -4.68, -29.08],
						"1.5833": [0.37, -4.91, -28.89],
						"1.625": [0.56, -5.12, -27.99],
						"1.6667": [0.8, -5.33, -26.6],
						"1.7083": [0.37, -4.91, -24.74],
						"1.75": [-2.29, -2.54, -21.36],
						"1.7917": [-5.6, 0.71, -16.27],
						"1.8333": [-7.93, 4.12, -7.2],
						"1.875": [-10.88, 7.75, 1.63],
						"1.9167": [-16.6, 11.7, 5.54],
						"1.9583": [-21.8, 15.21, 8.11],
						"2.0": [-23.03, 16.85, 10.58],
						"2.0417": [-23.18, 18.03, 13.12],
						"2.0833": [-23.02, 18.7, 15.27],
						"2.125": [-23.19, 19.02, 16.59],
						"2.1667": [-23.51, 19.34, 18.06],
						"2.2083": [-23.58, 19.38, 19.24],
						"2.25": [-23, 18.86, 19.68],
						"2.2917": [-21.36, 17.5, 18.91],
						"2.3333": [-20.39, 16.71, 18.21],
						"2.375": [-19.16, 15.7, 17.22],
						"2.4167": [-17.7, 14.51, 16],
						"2.4583": [-16.07, 13.18, 14.6],
						"2.5": [-14.31, 11.73, 13.04],
						"2.5417": [-12.47, 10.22, 11.39],
						"2.5833": [-10.58, 8.67, 9.68],
						"2.625": [-8.7, 7.13, 7.96],
						"2.6667": [-6.86, 5.63, 6.28],
						"2.7083": [-5.12, 4.2, 4.68],
						"2.75": [-3.52, 2.89, 3.21],
						"2.7917": [-2.1, 1.72, 1.91],
						"2.8333": [-0.91, 0.75, 0.82],
						"2.875": [0, 0, 0]
					},
					"position": {
						"0.0": [0, 0, 0],
						"0.0417": [0, 0, 0],
						"0.0833": [0, 0, 0],
						"0.125": [0, 0, 0],
						"0.1667": [0, 0, 0],
						"0.2083": [0, 0, 0],
						"0.25": [0, 0, 0],
						"0.2917": [0, 0, 0],
						"0.3333": [0, 0, 0],
						"0.375": [0, 0, 0],
						"0.4167": [0, 0, 0],
						"0.4583": [0, 0, 0],
						"0.5": [0.16, -0.3, 0],
						"0.5417": [0.31, -0.59, 0],
						"0.5833": [0.29, -0.63, 0],
						"0.625": [0.22, -0.64, 0],
						"0.6667": [0.14, -0.63, 0],
						"0.7083": [0.06, -0.61, 0],
						"0.75": [0, -0.59, 0],
						"0.7917": [-0.05, -0.54, 0],
						"0.8333": [-0.08, -0.48, 0],
						"0.875": [-0.09, -0.43, 0],
						"0.9167": [-0.1, -0.41, 0],
						"0.9583": [-0.09, -0.41, 0],
						"1.0": [-0.09, -0.4, 0],
						"1.0417": [-0.09, -0.4, 0],
						"1.0833": [-0.09, -0.4, 0],
						"1.125": [-0.09, -0.41, 0],
						"1.1667": [-0.09, -0.41, 0],
						"1.2083": [-0.09, -0.42, 0],
						"1.25": [-0.09, -0.42, 0],
						"1.2917": [-0.09, -0.43, 0],
						"1.3333": [-0.09, -0.43, 0],
						"1.375": [-0.09, -0.43, 0],
						"1.4167": [-0.09, -0.42, 0],
						"1.4583": [-0.09, -0.41, 0],
						"1.5": [-0.09, -0.4, 0],
						"1.5417": [-0.09, -0.21, 0],
						"1.5833": [-0.09, -0.03, 0],
						"1.625": [-0.09, 0.04, 0],
						"1.6667": [-0.09, 0.06, 0],
						"1.7083": [-0.09, -0.03, 0],
						"1.75": [-0.06, -0.53, 0],
						"1.7917": [-0.09, -1.03, 0],
						"1.8333": [-0.19, -1.12, 0],
						"1.875": [-0.34, -1.16, 0],
						"1.9167": [-0.48, -1.13, 0],
						"1.9583": [-0.53, -1.03, 0],
						"2.0": [-0.52, -1, 0],
						"2.0417": [-0.51, -0.97, 0],
						"2.0833": [-0.5, -0.93, 0],
						"2.125": [-0.48, -0.89, 0],
						"2.1667": [-0.46, -0.85, 0],
						"2.2083": [-0.44, -0.8, 0],
						"2.25": [-0.41, -0.74, 0],
						"2.2917": [-0.38, -0.69, 0],
						"2.3333": [-0.35, -0.63, 0],
						"2.375": [-0.32, -0.57, 0],
						"2.4167": [-0.29, -0.52, 0],
						"2.4583": [-0.26, -0.46, 0],
						"2.5": [-0.23, -0.4, 0],
						"2.5417": [-0.19, -0.34, 0],
						"2.5833": [-0.16, -0.29, 0],
						"2.625": [-0.13, -0.23, 0],
						"2.6667": [-0.1, -0.18, 0],
						"2.7083": [-0.08, -0.14, 0],
						"2.75": [-0.05, -0.1, 0],
						"2.7917": [-0.03, -0.06, 0],
						"2.8333": [-0.01, -0.03, 0],
						"2.875": [0, 0, 0]
					}
				},
				"magazine": {
					"rotation": {
						"0.0": [0, 0, 0],
						"0.0417": [-0.1, 0.36, 0.88],
						"0.0833": [-0.28, 0.95, 2.36],
						"0.125": [-0.31, 1.07, 2.65],
						"0.1667": [0, 0, 0],
						"0.2083": [0.44, -1.51, -3.74],
						"0.25": [1.07, -3.69, -9.13],
						"0.2917": [1.82, -6.26, -15.51],
						"0.3333": [2.6, -8.97, -22.22],
						"0.375": [3.35, -11.55, -28.6],
						"0.4167": [3.98, -13.73, -33.99],
						"0.4583": [4.42, -15.24, -37.73],
						"0.5": [4.57, -16.45, -39.81],
						"0.5417": [4.23, -15.97, -37.69],
						"0.5833": [4.42, -15.24, -37.73],
						"0.625": [6.52, -14.43, -45.84],
						"0.6667": [9.2, -12.96, -57.19],
						"0.7083": [11.84, -10.21, -71.17],
						"0.75": [13.92, -7.66, -83.08],
						"0.7917": [14.4, -6.96, -86.16],
						"0.8333": [14.29, -6.93, -86.01],
						"0.875": [14.34, -6.84, -86.38],
						"0.9167": [14.37, -6.78, -86.63],
						"0.9583": [14.37, -6.79, -86.56],
						"1.0": [14.29, -6.93, -86.01],
						"1.0417": [14.09, -7.33, -84.42],
						"1.0833": [13.79, -7.92, -82.07],
						"1.125": [13.36, -8.6, -79.15],
						"1.1667": [12.82, -9.39, -75.71],
						"1.2083": [12.14, -10.28, -71.72],
						"1.25": [11.31, -11.18, -67.25],
						"1.2917": [9.4, -12.68, -58.36],
						"1.3333": [7.78, -13.85, -51.09],
						"1.375": [7.83, -13.88, -51.16],
						"1.4167": [8.03, -13.71, -52.11],
						"1.4583": [5.76, -14.73, -43],
						"1.5": [4.96, -15.07, -39.8],
						"1.5417": [4.86, -15.11, -39.4],
						"1.5833": [4.69, -15.16, -38.77],
						"1.625": [4.68, -15.16, -38.72],
						"1.6667": [4.67, -15.16, -38.7],
						"1.7083": [4.67, -15.16, -38.68],
						"1.75": [4.66, -15.16, -38.67],
						"1.7917": [4.66, -15.17, -38.67],
						"1.8333": [4.66, -15.17, -38.66],
						"1.875": [4.66, -15.17, -38.65],
						"1.9167": [4.66, -15.17, -38.64],
						"1.9583": [4.65, -15.17, -38.61],
						"2.0": [4.64, -15.17, -38.56],
						"2.0417": [4.62, -15.18, -38.5],
						"2.0833": [4.6, -15.19, -38.41],
						"2.125": [4.57, -15.2, -38.29],
						"2.1667": [4.53, -15.21, -38.14],
						"2.2083": [4.48, -15.22, -37.96],
						"2.25": [4.42, -15.24, -37.73],
						"2.2917": [4.28, -15.27, -37.21],
						"2.3333": [4.1, -15.32, -36.54],
						"2.375": [3.89, -15.38, -35.76],
						"2.4167": [3.66, -15.44, -34.92],
						"2.4583": [3.43, -15.51, -34.03],
						"2.5": [3.19, -15.57, -33.15],
						"2.5417": [2.97, -15.63, -32.31],
						"2.5833": [2.77, -15.68, -31.55],
						"2.625": [2.59, -15.72, -30.91],
						"2.6667": [1.64, -15.77, -27.37],
						"2.7083": [0.67, -11.87, -22.14],
						"2.75": [-0.39, -10.43, -18.58],
						"2.7917": [-1.45, -8.98, -15.01],
						"2.8333": [-2.22, -2.53, -8.27],
						"2.875": [0, 0, 0]
					},
					"position": {
						"0.0": [0, 0, 0],
						"0.0417": [-0.08, -0.11, 0],
						"0.0833": [-0.22, -0.3, 0.01],
						"0.125": [-0.25, -0.33, 0.01],
						"0.1667": [0, 0, 0],
						"0.2083": [0.97, 1.22, -0.04],
						"0.25": [2.34, 2.96, -0.09],
						"0.2917": [3.56, 4.74, -0.14],
						"0.3333": [4.23, 6.14, -0.21],
						"0.375": [4.8, 7.68, -0.3],
						"0.4167": [5.3, 9.01, -0.36],
						"0.4583": [5.75, 9.75, -0.31],
						"0.5": [6.24, 9.33, -0.01],
						"0.5417": [6.63, 8.1, 0.43],
						"0.5833": [7.03, 7.44, 0.75],
						"0.625": [7.58, 8.42, 0.82],
						"0.6667": [8.47, 10.25, 0.75],
						"0.7083": [10.22, 12.58, 0.75],
						"0.75": [12.53, 14.69, 0.75],
						"0.7917": [15.75, 15.51, 0.75],
						"0.8333": [18.47, 15.78, 0.75],
						"0.875": [18.95, 15.98, 0.75],
						"0.9167": [19.03, 16.17, 0.75],
						"0.9583": [18.82, 16.17, 0.75],
						"1.0": [18.47, 15.78, 0.75],
						"1.0417": [15.48, 10.68, 0.75],
						"1.0833": [13.32, 7.55, 0.75],
						"1.125": [11.1, 5.37, 0.75],
						"1.1667": [9.68, 5.7, 0.75],
						"1.2083": [8.34, 6.89, 0.75],
						"1.25": [7.51, 7.87, 0.75],
						"1.2917": [7.81, 8.18, 0.74],
						"1.3333": [8.35, 8.4, 0.75],
						"1.375": [7.68, 9.32, 0.86],
						"1.4167": [6.76, 10.15, 0.88],
						"1.4583": [5.55, 9.99, 0.04],
						"1.5": [5.29, 9.74, -0.16],
						"1.5417": [5.17, 9.6, 0.03],
						"1.5833": [5.04, 9.58, -0.24],
						"1.625": [5.03, 9.57, -0.25],
						"1.6667": [5.01, 9.55, -0.26],
						"1.7083": [4.99, 9.54, -0.27],
						"1.75": [4.96, 9.52, -0.28],
						"1.7917": [4.93, 9.5, -0.28],
						"1.8333": [4.91, 9.48, -0.29],
						"1.875": [4.88, 9.45, -0.29],
						"1.9167": [4.85, 9.43, -0.29],
						"1.9583": [4.82, 9.4, -0.29],
						"2.0": [4.8, 9.37, -0.29],
						"2.0417": [4.78, 9.34, -0.29],
						"2.0833": [4.76, 9.31, -0.28],
						"2.125": [4.74, 9.27, -0.28],
						"2.1667": [4.73, 9.23, -0.27],
						"2.2083": [4.73, 9.19, -0.26],
						"2.25": [4.73, 9.15, -0.25],
						"2.2917": [4.8, 8.93, -0.17],
						"2.3333": [4.93, 8.65, -0.05],
						"2.375": [5.08, 8.38, 0.08],
						"2.4167": [5.2, 8.17, 0.2],
						"2.4583": [5.29, 8.01, 0.36],
						"2.5": [5.35, 7.93, 0.53],
						"2.5417": [5.38, 7.86, 0.67],
						"2.5833": [5.24, 7.61, 0.95],
						"2.625": [5.36, 7.14, 1.22],
						"2.6667": [4.79, 6.77, 1.19],
						"2.7083": [4.01, 5.4, 0.63],
						"2.75": [3.43, 4.63, 0.56],
						"2.7917": [2.85, 3.87, 0.5],
						"2.8333": [1.48, 2.13, -0.4],
						"2.875": [0, 0, 0]
					}
				},
				"ivory": {
					"rotation": {
						"0.0": [0, 0, 0],
						"0.0417": [0, 0, 0],
						"0.0833": [0, 0, 0],
						"0.125": [0, 0, 0],
						"0.1667": [0, 0, 0],
						"0.2083": [1.21, -2.76, -5.29],
						"0.25": [2.42, -5.53, -10.57],
						"0.2917": [3.62, -8.29, -15.86],
						"0.3333": [4.83, -11.06, -21.15],
						"0.375": [6.04, -13.82, -26.44],
						"0.4167": [7.25, -16.58, -31.72],
						"0.4583": [8.46, -19.35, -37.01],
						"0.5": [8.46, -19.35, -37.01],
						"0.5417": [8.46, -19.35, -37.01],
						"0.5833": [8.46, -19.35, -37.01],
						"0.625": [8.46, -19.35, -37.01],
						"0.6667": [8.46, -19.35, -37.01],
						"0.7083": [8.46, -19.35, -37.01],
						"0.75": [8.46, -19.35, -37.01],
						"0.7917": [8.46, -19.35, -37.01],
						"0.8333": [8.46, -19.35, -37.01],
						"0.875": [8.46, -19.35, -37.01],
						"0.9167": [8.46, -19.35, -37.01],
						"0.9583": [8.46, -19.35, -37.01],
						"1.0": [8.46, -19.35, -37.01],
						"1.0417": [8.46, -19.35, -37.01],
						"1.0833": [8.46, -19.35, -37.01],
						"1.125": [8.46, -19.35, -37.01],
						"1.1667": [8.46, -19.35, -37.01],
						"1.2083": [8.46, -19.35, -37.01],
						"1.25": [8.46, -19.35, -37.01],
						"1.2917": [8.46, -19.35, -37.01],
						"1.3333": [8.46, -19.35, -37.01],
						"1.375": [8.46, -19.35, -37.01],
						"1.4167": [8.46, -19.35, -37.01],
						"1.4583": [8.46, -19.35, -37.01],
						"1.5": [8.46, -19.35, -37.01],
						"1.5417": [8.46, -19.35, -37.01],
						"1.5833": [8.46, -19.35, -37.01],
						"1.625": [8.46, -19.35, -37.01],
						"1.6667": [8.46, -19.35, -37.01],
						"1.7083": [8.46, -19.35, -37.01],
						"1.75": [8.46, -19.35, -37.01],
						"1.7917": [8.46, -19.35, -37.01],
						"1.8333": [8.46, -19.35, -37.01],
						"1.875": [8.46, -19.35, -37.01],
						"1.9167": [8.46, -19.35, -37.01],
						"1.9583": [8.46, -19.35, -37.01],
						"2.0": [8.46, -19.35, -37.01],
						"2.0417": [8.46, -19.35, -37.01],
						"2.0833": [8.46, -19.35, -37.01],
						"2.125": [8.46, -19.35, -37.01],
						"2.1667": [8.46, -19.35, -37.01],
						"2.2083": [8.46, -19.35, -37.01],
						"2.25": [8.46, -19.35, -37.01],
						"2.2917": [8.12, -18.86, -36.07],
						"2.3333": [7.78, -18.37, -35.13],
						"2.375": [7.44, -17.88, -34.19],
						"2.4167": [7.1, -17.38, -33.25],
						"2.4583": [6.76, -16.89, -32.31],
						"2.5": [6.42, -16.4, -31.37],
						"2.5417": [6.08, -15.91, -30.43],
						"2.5833": [5.74, -15.42, -29.49],
						"2.625": [4.92, -13.22, -25.28],
						"2.6667": [4.1, -11.01, -21.07],
						"2.7083": [3.28, -8.81, -16.85],
						"2.75": [2.46, -6.61, -12.64],
						"2.7917": [1.64, -4.41, -8.43],
						"2.8333": [0.82, -2.2, -4.21],
						"2.875": [0, 0, 0]
					},
					"position": {
						"0.0": [0, 0, 0],
						"0.0417": [0, 0, 0],
						"0.0833": [0, 0, 0],
						"0.125": [0, 0, 0],
						"0.1667": [0, 0, 0],
						"0.2083": [1.41, 0.55, -0.31],
						"0.25": [2.82, 1.1, -0.63],
						"0.2917": [4.23, 1.65, -0.94],
						"0.3333": [5.29, 2.17, -1.24],
						"0.375": [6.35, 2.68, -1.53],
						"0.4167": [7.41, 3.2, -1.83],
						"0.4583": [8.47, 3.72, -2.12],
						"0.5": [8.45, 3.71, -2.12],
						"0.5417": [8.42, 3.7, -2.12],
						"0.5833": [8.4, 3.69, -2.12],
						"0.625": [8.38, 3.69, -2.12],
						"0.6667": [8.36, 3.68, -2.12],
						"0.7083": [8.33, 3.67, -2.12],
						"0.75": [8.31, 3.66, -2.12],
						"0.7917": [8.29, 3.66, -2.12],
						"0.8333": [8.27, 3.65, -2.12],
						"0.875": [8.24, 3.64, -2.12],
						"0.9167": [8.22, 3.63, -2.12],
						"0.9583": [8.2, 3.62, -2.12],
						"1.0": [8.18, 3.62, -2.12],
						"1.0417": [8.15, 3.61, -2.12],
						"1.0833": [8.13, 3.6, -2.12],
						"1.125": [8.11, 3.59, -2.12],
						"1.1667": [8.09, 3.58, -2.12],
						"1.2083": [8.06, 3.58, -2.12],
						"1.25": [8.04, 3.57, -2.12],
						"1.2917": [8.02, 3.56, -2.12],
						"1.3333": [8, 3.55, -2.12],
						"1.375": [7.97, 3.54, -2.12],
						"1.4167": [7.95, 3.54, -2.12],
						"1.4583": [7.93, 3.53, -2.12],
						"1.5": [7.91, 3.52, -2.12],
						"1.5417": [7.88, 3.51, -2.12],
						"1.5833": [7.86, 3.5, -2.12],
						"1.625": [7.84, 3.5, -2.12],
						"1.6667": [7.82, 3.49, -2.12],
						"1.7083": [7.79, 3.48, -2.12],
						"1.75": [7.77, 3.47, -2.12],
						"1.7917": [7.75, 3.46, -2.12],
						"1.8333": [7.73, 3.46, -2.12],
						"1.875": [7.7, 3.45, -2.12],
						"1.9167": [7.68, 3.44, -2.12],
						"1.9583": [7.66, 3.43, -2.12],
						"2.0": [7.64, 3.42, -2.12],
						"2.0417": [7.61, 3.42, -2.12],
						"2.0833": [7.59, 3.41, -2.12],
						"2.125": [7.57, 3.4, -2.12],
						"2.1667": [7.55, 3.39, -2.12],
						"2.2083": [7.52, 3.38, -2.12],
						"2.25": [7.5, 3.38, -2.12],
						"2.2917": [7.46, 3.21, -2.05],
						"2.3333": [7.42, 3.05, -1.97],
						"2.375": [7.37, 2.88, -1.9],
						"2.4167": [7.33, 2.72, -1.83],
						"2.4583": [7.19, 2.62, -1.74],
						"2.5": [7.05, 2.52, -1.64],
						"2.5417": [6.9, 2.42, -1.55],
						"2.5833": [6.76, 2.32, -1.45],
						"2.625": [5.79, 1.99, -1.24],
						"2.6667": [4.83, 1.66, -1.04],
						"2.7083": [3.86, 1.33, -0.83],
						"2.75": [2.9, 1, -0.62],
						"2.7917": [1.93, 0.66, -0.41],
						"2.8333": [0.97, 0.33, -0.21],
						"2.875": [0, 0, 0]
					}
				},
				"constraint": {
					"rotation": {
						"0.0": [0, 0, 0],
						"0.5": [0.1, 0.1, 0.2],
						"1.0": [0.2, 0.2, 0.4],
						"1.5": [0.2, 0.2, 0.4],
						"2.0": [0, 0, 0],
						"2.5": [0, 0, 0],
						"3.0": [0, 0, 0]
					},
					"position": {
						"0.0": [0, 0, 0],
						"0.5": [0.96875, 0, 0],
						"1.0": [1.1575, 0, 0],
						"1.5": [1.16, 0, 0],
						"2.0": [0.75, 0, 0],
						"2.5": [0.5625, 0, 0],
						"3.0": [0, 0, 0]
					}
				}
			},
			"sound_effects": {
				"0.6667": {
					"effect": "ivory_reloadempty"
				}
			}
		},
		"reload_tactical": {
			"animation_length": 2.5,
			"bones": {
				"lefthand": {
					"rotation": {
						"0.0": [85.99, 5, -0.17],
						"0.0417": [85.99, 5, -0.17],
						"0.0833": [85.99, 5, -0.17],
						"0.125": [85.99, 5, -0.17],
						"0.1667": [85.99, 5, -0.17],
						"0.2083": [84.22, 4.77, -2.89],
						"0.25": [82.45, 4.55, -5.6],
						"0.2917": [80.67, 4.32, -8.31],
						"0.3333": [78.9, 4.1, -11.02],
						"0.375": [77.13, 3.87, -13.73],
						"0.4167": [75.36, 3.65, -16.45],
						"0.4583": [73.58, 3.42, -19.16],
						"0.5": [77.36, 2.16, -23.37],
						"0.5417": [81.14, 0.9, -27.59],
						"0.5833": [84.92, -0.36, -31.81],
						"0.625": [88.7, -1.63, -36.03],
						"0.6667": [92.48, -2.89, -40.25],
						"0.7083": [105.71, 1.28, -52.04],
						"0.75": [118.94, 5.46, -63.84],
						"0.7917": [121.44, 5.46, -63.84],
						"0.8333": [123.94, 5.46, -63.84],
						"0.875": [123.94, 5.46, -63.84],
						"0.9167": [123.94, 5.46, -63.84],
						"0.9583": [123.94, 5.46, -63.84],
						"1.0": [123.94, 5.46, -63.84],
						"1.0417": [123.85, 5.87, -64.47],
						"1.0833": [123.76, 6.29, -65.1],
						"1.125": [123.74, 6.14, -64.9],
						"1.1667": [124.29, 1.53, -60.75],
						"1.2083": [124.3, 1.25, -58.98],
						"1.25": [124.31, 0.97, -57.21],
						"1.2917": [124.28, -0.72, -54.73],
						"1.3333": [124.25, -2.41, -52.25],
						"1.375": [124.16, -3.35, -50.87],
						"1.4167": [124.07, -4.28, -49.49],
						"1.4583": [123.97, -5.22, -48.1],
						"1.5": [123.97, -5.22, -48.1],
						"1.5417": [123.97, -5.22, -48.1],
						"1.5833": [123.97, -5.22, -48.1],
						"1.625": [123.97, -5.22, -48.1],
						"1.6667": [123.97, -5.22, -48.1],
						"1.7083": [123.97, -5.22, -48.1],
						"1.75": [123.97, -5.22, -48.1],
						"1.7917": [119.57, -5.22, -48.1],
						"1.8333": [115.17, -5.22, -48.1],
						"1.875": [110.77, -5.22, -48.1],
						"1.9167": [106.37, -5.22, -48.1],
						"1.9583": [101.97, -5.22, -48.1],
						"2.0": [100.74, -4.43, -44.41],
						"2.0417": [99.51, -3.65, -40.73],
						"2.0833": [98.28, -2.86, -37.04],
						"2.125": [97.06, -2.07, -33.35],
						"2.1667": [95.83, -1.29, -29.67],
						"2.2083": [94.6, -0.5, -25.98],
						"2.25": [93.37, 0.28, -22.3],
						"2.2917": [92.14, 1.07, -18.61],
						"2.3333": [90.91, 1.86, -14.92],
						"2.375": [89.68, 2.64, -11.24],
						"2.4167": [88.45, 3.43, -7.55],
						"2.4583": [87.22, 4.21, -3.86],
						"2.5": [85.99, 5, -0.17]
					},
					"position": {
						"0.0": [7.66, -10.37, -2.56],
						"0.0417": [7.66, -10.37, -2.56],
						"0.0833": [7.66, -10.37, -2.56],
						"0.125": [7.66, -10.37, -2.56],
						"0.1667": [7.66, -10.37, -2.56],
						"0.2083": [7.76, -10.15, -2.84],
						"0.25": [7.86, -9.93, -3.12],
						"0.2917": [7.97, -9.7, -3.41],
						"0.3333": [8.07, -9.48, -3.69],
						"0.375": [8.17, -9.26, -3.97],
						"0.4167": [8.28, -9.03, -4.25],
						"0.4583": [8.38, -8.81, -4.53],
						"0.5": [8.78, -9.36, -4.17],
						"0.5417": [9.18, -9.92, -3.8],
						"0.5833": [9.58, -10.48, -3.44],
						"0.625": [9.98, -11.03, -3.08],
						"0.6667": [10.38, -11.59, -2.72],
						"0.7083": [13.21, -12, -2.72],
						"0.75": [16.04, -12.4, -2.72],
						"0.7917": [19.15, -12.14, -2.72],
						"0.8333": [22.26, -11.87, -2.72],
						"0.875": [22.26, -11.87, -2.72],
						"0.9167": [22.26, -11.87, -2.72],
						"0.9583": [22.26, -11.87, -2.72],
						"1.0": [22.26, -11.87, -2.72],
						"1.0417": [21.15, -15.54, -2.72],
						"1.0833": [20.04, -19.21, -2.72],
						"1.125": [17.15, -21.64, -2.72],
						"1.1667": [14.26, -20.33, -2.72],
						"1.2083": [12.95, -18.85, -2.72],
						"1.25": [11.64, -17.36, -2.72],
						"1.2917": [11.64, -15.81, -2.72],
						"1.3333": [11.64, -14.27, -2.72],
						"1.375": [11.28, -13.72, -2.72],
						"1.4167": [10.91, -13.16, -2.72],
						"1.4583": [10.55, -12.61, -2.72],
						"1.5": [10.14, -11.88, -2.72],
						"1.5417": [9.74, -11.14, -2.72],
						"1.5833": [9.74, -11.14, -2.72],
						"1.625": [9.74, -11.14, -2.72],
						"1.6667": [9.74, -11.14, -2.72],
						"1.7083": [9.74, -11.14, -2.72],
						"1.75": [9.74, -11.14, -2.72],
						"1.7917": [9.4, -10.7, -3.41],
						"1.8333": [9.06, -10.25, -4.11],
						"1.875": [8.73, -9.81, -4.8],
						"1.9167": [8.39, -9.36, -5.5],
						"1.9583": [8.05, -8.92, -6.19],
						"2.0": [8.02, -8.97, -5.91],
						"2.0417": [7.99, -9.02, -5.63],
						"2.0833": [7.96, -9.07, -5.35],
						"2.125": [7.93, -9.12, -5.07],
						"2.1667": [7.9, -9.17, -4.8],
						"2.2083": [7.87, -9.22, -4.52],
						"2.25": [7.84, -9.27, -4.24],
						"2.2917": [7.81, -9.32, -3.96],
						"2.3333": [7.78, -9.53, -3.68],
						"2.375": [7.75, -9.74, -3.4],
						"2.4167": [7.72, -9.95, -3.12],
						"2.4583": [7.69, -10.16, -2.84],
						"2.5": [7.66, -10.37, -2.56]
					}
				},
				"righthand": {
					"rotation": {
						"0.0": [85.97, -6.98, 0.49],
						"0.0417": [85.97, -6.98, 0.49],
						"0.0833": [85.97, -6.98, 0.49],
						"0.125": [85.97, -6.98, 0.49],
						"0.1667": [85.97, -6.98, 0.49],
						"0.2083": [88.11, -8.81, -4.46],
						"0.25": [90.25, -10.65, -9.4],
						"0.2917": [92.38, -12.48, -14.35],
						"0.3333": [94.52, -14.31, -19.3],
						"0.375": [96.66, -16.15, -24.25],
						"0.4167": [98.8, -17.98, -29.19],
						"0.4583": [100.94, -19.82, -34.14],
						"0.5": [100.94, -19.82, -34.14],
						"0.5417": [100.94, -19.82, -34.14],
						"0.5833": [100.94, -19.82, -34.14],
						"0.625": [100.94, -19.82, -34.14],
						"0.6667": [100.94, -19.82, -34.14],
						"0.7083": [100.94, -19.82, -34.14],
						"0.75": [100.94, -19.82, -34.14],
						"0.7917": [100.94, -19.82, -34.14],
						"0.8333": [100.94, -19.82, -34.14],
						"0.875": [100.94, -19.82, -34.14],
						"0.9167": [100.94, -19.82, -34.14],
						"0.9583": [100.94, -19.82, -34.14],
						"1.0": [100.94, -19.82, -34.14],
						"1.0417": [100.94, -19.82, -34.14],
						"1.0833": [100.94, -19.82, -34.14],
						"1.125": [100.94, -19.82, -34.14],
						"1.1667": [100.94, -19.82, -34.14],
						"1.2083": [100.94, -19.82, -34.14],
						"1.25": [100.94, -19.82, -34.14],
						"1.2917": [100.94, -19.82, -34.14],
						"1.3333": [100.94, -19.82, -34.14],
						"1.375": [100.94, -19.82, -34.14],
						"1.4167": [100.94, -19.82, -34.14],
						"1.4583": [100.94, -19.82, -34.14],
						"1.5": [100.94, -19.82, -34.14],
						"1.5417": [100.32, -19.29, -32.7],
						"1.5833": [99.69, -18.75, -31.25],
						"1.625": [99.07, -18.22, -29.81],
						"1.6667": [98.45, -17.68, -28.37],
						"1.7083": [97.82, -17.15, -26.92],
						"1.75": [97.2, -16.61, -25.48],
						"1.7917": [96.57, -16.08, -24.04],
						"1.8333": [95.95, -15.54, -22.59],
						"1.875": [95.33, -15.01, -21.15],
						"1.9167": [94.7, -14.47, -19.71],
						"1.9583": [94.08, -13.94, -18.27],
						"2.0": [93.46, -13.4, -16.82],
						"2.0417": [92.83, -12.87, -15.38],
						"2.0833": [92.21, -12.33, -13.94],
						"2.125": [91.58, -11.8, -12.49],
						"2.1667": [90.96, -11.26, -11.05],
						"2.2083": [90.34, -10.73, -9.61],
						"2.25": [89.71, -10.19, -8.16],
						"2.2917": [89.09, -9.66, -6.72],
						"2.3333": [88.47, -9.12, -5.28],
						"2.375": [87.84, -8.59, -3.84],
						"2.4167": [87.22, -8.05, -2.39],
						"2.4583": [86.59, -7.52, -0.95],
						"2.5": [85.97, -6.98, 0.49]
					},
					"position": {
						"0.0": [-5.06, -10.06, -2.66],
						"0.0417": [-5.06, -10.06, -2.66],
						"0.0833": [-5.06, -10.06, -2.66],
						"0.125": [-5.06, -10.06, -2.66],
						"0.1667": [-5.06, -10.06, -2.66],
						"0.2083": [-4.92, -9.88, -3.24],
						"0.25": [-4.78, -9.7, -3.82],
						"0.2917": [-4.64, -9.52, -4.4],
						"0.3333": [-4.51, -9.35, -4.98],
						"0.375": [-4.37, -9.17, -5.56],
						"0.4167": [-4.23, -8.99, -6.14],
						"0.4583": [-4.09, -8.81, -6.72],
						"0.5": [-4.09, -8.81, -6.72],
						"0.5417": [-4.09, -8.81, -6.72],
						"0.5833": [-4.09, -8.81, -6.72],
						"0.625": [-4.09, -8.81, -6.72],
						"0.6667": [-4.09, -8.81, -6.72],
						"0.7083": [-4.13, -8.81, -6.72],
						"0.75": [-4.16, -8.81, -6.72],
						"0.7917": [-4.2, -8.81, -6.72],
						"0.8333": [-4.24, -8.81, -6.72],
						"0.875": [-4.27, -8.81, -6.72],
						"0.9167": [-4.31, -8.81, -6.72],
						"0.9583": [-4.43, -8.81, -6.72],
						"1.0": [-4.55, -8.81, -6.72],
						"1.0417": [-4.53, -8.81, -6.72],
						"1.0833": [-4.52, -8.81, -6.72],
						"1.125": [-4.51, -8.81, -6.72],
						"1.1667": [-4.5, -8.81, -6.72],
						"1.2083": [-4.48, -8.81, -6.72],
						"1.25": [-4.47, -8.81, -6.72],
						"1.2917": [-4.47, -8.81, -6.72],
						"1.3333": [-4.48, -8.81, -6.72],
						"1.375": [-4.48, -8.81, -6.72],
						"1.4167": [-4.48, -8.81, -6.72],
						"1.4583": [-4.29, -8.81, -6.72],
						"1.5": [-4.09, -8.81, -6.72],
						"1.5417": [-4.13, -8.83, -6.55],
						"1.5833": [-4.17, -8.85, -6.38],
						"1.625": [-4.21, -8.86, -6.21],
						"1.6667": [-4.25, -8.88, -6.04],
						"1.7083": [-4.29, -8.9, -5.87],
						"1.75": [-4.33, -8.92, -5.7],
						"1.7917": [-4.37, -8.93, -5.53],
						"1.8333": [-4.41, -8.95, -5.36],
						"1.875": [-4.45, -8.97, -5.19],
						"1.9167": [-4.5, -8.99, -5.03],
						"1.9583": [-4.54, -9, -4.86],
						"2.0": [-4.58, -9.02, -4.69],
						"2.0417": [-4.62, -9.04, -4.52],
						"2.0833": [-4.66, -9.06, -4.35],
						"2.125": [-4.7, -9.07, -4.18],
						"2.1667": [-4.74, -9.09, -4.01],
						"2.2083": [-4.78, -9.11, -3.84],
						"2.25": [-4.82, -9.13, -3.67],
						"2.2917": [-4.86, -9.14, -3.5],
						"2.3333": [-4.9, -9.33, -3.33],
						"2.375": [-4.94, -9.51, -3.16],
						"2.4167": [-4.98, -9.69, -2.99],
						"2.4583": [-5.02, -9.88, -2.83],
						"2.5": [-5.06, -10.06, -2.66]
					}
				},
				"root": {
					"rotation": {
						"0.0": [0, 0, 0],
						"0.0417": [0, 0, 0],
						"0.0833": [0, 0, 0],
						"0.125": [0, 0, 0],
						"0.1667": [0, 0, 0],
						"0.2083": [0, 0, 0],
						"0.25": [0, 0, 0],
						"0.2917": [0, 0, 0],
						"0.3333": [0, 0, 0],
						"0.375": [0, 0, 0],
						"0.4167": [0, 0, 0],
						"0.4583": [0, 0, 0],
						"0.5": [0, -1, -4],
						"0.5417": [0, -2, -8],
						"0.5833": [0.1, -2.05, -11.32],
						"0.625": [0.24, -1.91, -15.51],
						"0.6667": [0.4, -1.74, -19.91],
						"0.7083": [0.54, -1.69, -23.86],
						"0.75": [0.64, -1.89, -26.71],
						"0.7917": [0.71, -2.98, -28.7],
						"0.8333": [0.71, -4.51, -28.85],
						"0.875": [0.71, -5.87, -28.76],
						"0.9167": [0.72, -7, -28.91],
						"0.9583": [0.71, -7.96, -28.83],
						"1.0": [0.71, -8.28, -28.75],
						"1.0417": [0.71, -8.19, -28.75],
						"1.0833": [0.71, -8.01, -28.75],
						"1.125": [0.72, -7.75, -28.74],
						"1.1667": [0.72, -7.44, -28.74],
						"1.2083": [0.73, -7.09, -28.74],
						"1.25": [0.73, -6.72, -28.74],
						"1.2917": [0.73, -6.34, -28.74],
						"1.3333": [0.74, -5.97, -28.74],
						"1.375": [0.73, -5.62, -28.74],
						"1.4167": [0.73, -5.31, -28.74],
						"1.4583": [0.72, -5.05, -28.74],
						"1.5": [0.71, -4.87, -28.75],
						"1.5417": [0.54, -4.68, -29.08],
						"1.5833": [0.37, -4.91, -28.89],
						"1.625": [0.45, -4.98, -29.48],
						"1.6667": [0.56, -5.05, -29.59],
						"1.7083": [0.37, -4.91, -24.74],
						"1.75": [-0.09, -4.67, -16.68],
						"1.7917": [-0.79, -4.34, -4.96],
						"1.8333": [-1.54, -3.94, 7.6],
						"1.875": [-2.14, -3.49, 18.2],
						"1.9167": [-2.41, -3.01, 24],
						"1.9583": [-2.39, -2.82, 24.47],
						"2.0": [-2.32, -2.61, 24.18],
						"2.0417": [-2.19, -2.38, 23.24],
						"2.0833": [-2.03, -2.14, 21.75],
						"2.125": [-1.83, -1.89, 19.81],
						"2.1667": [-1.61, -1.64, 17.55],
						"2.2083": [-1.38, -1.38, 15.05],
						"2.25": [-1.14, -1.14, 12.43],
						"2.2917": [-0.9, -0.9, 9.78],
						"2.3333": [-0.66, -0.67, 7.23],
						"2.375": [-0.45, -0.47, 4.87],
						"2.4167": [-0.26, -0.28, 2.81],
						"2.4583": [-0.11, -0.12, 1.15],
						"2.5": [0, 0, 0]
					},
					"position": {
						"0.0": [0, 0, 0],
						"0.0417": [0, 0, 0],
						"0.0833": [0, 0, 0],
						"0.125": [0, 0, 0],
						"0.1667": [0, 0, 0],
						"0.2083": [0, 0, 0],
						"0.25": [0, 0, 0],
						"0.2917": [0, 0, 0],
						"0.3333": [0, 0, 0],
						"0.375": [0, 0, 0],
						"0.4167": [0, 0, 0],
						"0.4583": [0, 0, 0],
						"0.5": [0.16, -0.3, 0],
						"0.5417": [0.31, -0.59, 0],
						"0.5833": [0.29, -0.63, 0],
						"0.625": [0.22, -0.64, 0],
						"0.6667": [0.14, -0.63, 0],
						"0.7083": [0.06, -0.61, 0],
						"0.75": [0, -0.59, 0],
						"0.7917": [-0.05, -0.54, 0],
						"0.8333": [-0.08, -0.48, 0],
						"0.875": [-0.09, -0.43, 0],
						"0.9167": [-0.1, -0.41, 0],
						"0.9583": [-0.09, -0.41, 0],
						"1.0": [-0.09, -0.4, 0],
						"1.0417": [-0.09, -0.4, 0],
						"1.0833": [-0.09, -0.4, 0],
						"1.125": [-0.09, -0.41, 0],
						"1.1667": [-0.09, -0.41, 0],
						"1.2083": [-0.09, -0.42, 0],
						"1.25": [-0.09, -0.42, 0],
						"1.2917": [-0.09, -0.43, 0],
						"1.3333": [-0.09, -0.43, 0],
						"1.375": [-0.09, -0.43, 0],
						"1.4167": [-0.09, -0.42, 0],
						"1.4583": [-0.09, -0.41, 0],
						"1.5": [-0.09, -0.4, 0],
						"1.5417": [-0.09, -0.21, 0],
						"1.5833": [-0.09, -0.03, 0],
						"1.625": [-0.09, 0, 0],
						"1.6667": [-0.09, -0.02, 0],
						"1.7083": [-0.09, -0.03, 0],
						"1.75": [-0.09, -0.03, 0],
						"1.7917": [-0.09, -0.03, 0],
						"1.8333": [-0.08, -0.03, 0],
						"1.875": [-0.08, -0.02, 0],
						"1.9167": [-0.07, -0.02, 0],
						"1.9583": [-0.07, -0.02, 0],
						"2.0": [-0.06, -0.02, 0],
						"2.0417": [-0.06, -0.02, 0],
						"2.0833": [-0.05, -0.01, 0],
						"2.125": [-0.05, -0.01, 0],
						"2.1667": [-0.04, -0.01, 0],
						"2.2083": [-0.03, -0.01, 0],
						"2.25": [-0.03, -0.01, 0],
						"2.2917": [-0.02, -0.01, 0],
						"2.3333": [-0.02, 0, 0],
						"2.375": [-0.01, 0, 0],
						"2.4167": [-0.01, 0, 0],
						"2.4583": [0, 0, 0],
						"2.5": [0, 0, 0]
					}
				},
				"magazine": {
					"rotation": {
						"0.0": [0, 0, 0],
						"0.0417": [-0.1, 0.36, 0.88],
						"0.0833": [-0.28, 0.95, 2.36],
						"0.125": [-0.31, 1.07, 2.65],
						"0.1667": [0, 0, 0],
						"0.2083": [0.44, -1.51, -3.74],
						"0.25": [1.07, -3.69, -9.13],
						"0.2917": [1.82, -6.26, -15.51],
						"0.3333": [2.6, -8.97, -22.22],
						"0.375": [3.35, -11.55, -28.6],
						"0.4167": [3.98, -13.73, -33.99],
						"0.4583": [4.42, -15.24, -37.73],
						"0.5": [4.57, -16.45, -39.81],
						"0.5417": [4.23, -15.97, -37.69],
						"0.5833": [4.42, -15.24, -37.73],
						"0.625": [6.52, -14.43, -45.84],
						"0.6667": [9.2, -12.96, -57.19],
						"0.7083": [11.84, -10.21, -71.17],
						"0.75": [13.92, -7.66, -83.08],
						"0.7917": [14.4, -6.96, -86.16],
						"0.8333": [14.29, -6.93, -86.01],
						"0.875": [14.34, -6.84, -86.38],
						"0.9167": [14.37, -6.78, -86.63],
						"0.9583": [14.37, -6.79, -86.56],
						"1.0": [14.29, -6.93, -86.01],
						"1.0417": [14.09, -7.33, -84.42],
						"1.0833": [13.79, -7.92, -82.07],
						"1.125": [13.36, -8.6, -79.15],
						"1.1667": [12.82, -9.39, -75.71],
						"1.2083": [12.14, -10.28, -71.72],
						"1.25": [11.31, -11.18, -67.25],
						"1.2917": [9.47, -12.65, -58.62],
						"1.3333": [7.78, -13.85, -51.09],
						"1.375": [7.29, -14.17, -48.93],
						"1.4167": [7.04, -14.24, -48.02],
						"1.4583": [6.23, -14.58, -44.81],
						"1.5": [5.49, -14.89, -41.86],
						"1.5417": [5.31, -14.96, -41.15],
						"1.5833": [5.22, -14.98, -40.83],
						"1.625": [5.08, -15.03, -40.29],
						"1.6667": [4.92, -15.09, -39.64],
						"1.7083": [4.7, -15.15, -38.82],
						"1.75": [4.42, -15.24, -37.73],
						"1.7917": [4.27, -15.28, -37.19],
						"1.8333": [4.1, -15.32, -36.55],
						"1.875": [3.92, -15.38, -35.86],
						"1.9167": [3.72, -15.43, -35.11],
						"1.9583": [3.51, -15.49, -34.35],
						"2.0": [3.31, -15.54, -33.58],
						"2.0417": [3.11, -15.6, -32.83],
						"2.0833": [2.92, -15.64, -32.12],
						"2.125": [2.74, -15.68, -31.47],
						"2.1667": [2.59, -15.72, -30.91],
						"2.2083": [1.64, -15.77, -27.37],
						"2.25": [0.67, -11.87, -22.14],
						"2.2917": [-0.39, -10.43, -18.58],
						"2.3333": [-1.45, -8.98, -15.01],
						"2.375": [-2.22, -2.53, -8.27],
						"2.4167": [-1.48, -1.69, -5.52],
						"2.4583": [-0.74, -0.84, -2.76],
						"2.5": [0, 0, 0]
					},
					"position": {
						"0.0": [0, 0, 0],
						"0.0417": [-0.08, -0.11, 0],
						"0.0833": [-0.22, -0.3, 0.01],
						"0.125": [-0.25, -0.33, 0.01],
						"0.1667": [0, 0, 0],
						"0.2083": [0.97, 1.22, -0.04],
						"0.25": [2.34, 2.96, -0.09],
						"0.2917": [3.56, 4.74, -0.14],
						"0.3333": [4.23, 6.14, -0.21],
						"0.375": [4.8, 7.68, -0.3],
						"0.4167": [5.3, 9.01, -0.36],
						"0.4583": [5.75, 9.75, -0.31],
						"0.5": [6.24, 9.33, -0.01],
						"0.5417": [6.63, 8.1, 0.43],
						"0.5833": [7.03, 7.44, 0.75],
						"0.625": [7.58, 8.42, 0.82],
						"0.6667": [8.47, 10.25, 0.75],
						"0.7083": [10.22, 12.58, 0.75],
						"0.75": [12.53, 14.69, 0.75],
						"0.7917": [15.75, 15.51, 0.75],
						"0.8333": [18.47, 15.78, 0.75],
						"0.875": [18.95, 15.98, 0.75],
						"0.9167": [19.03, 16.17, 0.75],
						"0.9583": [18.82, 16.17, 0.75],
						"1.0": [18.47, 15.78, 0.75],
						"1.0417": [15.48, 10.68, 0.75],
						"1.0833": [13.32, 7.55, 0.75],
						"1.125": [11.1, 5.37, 0.75],
						"1.1667": [9.68, 5.7, 0.75],
						"1.2083": [8.34, 6.89, 0.75],
						"1.25": [7.51, 7.87, 0.75],
						"1.2917": [7.78, 8.21, 0.76],
						"1.3333": [8.35, 8.4, 0.75],
						"1.375": [7.87, 9.07, 0.73],
						"1.4167": [7.16, 9.74, 0.63],
						"1.4583": [6.23, 10.24, -0.08],
						"1.5": [5.98, 9.93, -0.53],
						"1.5417": [5.6, 10.1, -0.69],
						"1.5833": [5.79, 10.12, -0.53],
						"1.625": [5.77, 10.05, -0.47],
						"1.6667": [5.72, 9.96, -0.4],
						"1.7083": [5.66, 9.84, -0.33],
						"1.75": [5.6, 9.68, -0.25],
						"1.7917": [5.56, 9.52, -0.17],
						"1.8333": [5.51, 9.33, -0.1],
						"1.875": [5.46, 9.12, -0.01],
						"1.9167": [5.41, 8.9, 0.08],
						"1.9583": [5.38, 8.7, 0.17],
						"2.0": [5.37, 8.35, 0.35],
						"2.0417": [5.38, 7.99, 0.54],
						"2.0833": [5.38, 7.74, 0.7],
						"2.125": [5.24, 7.61, 0.95],
						"2.1667": [5.36, 7.14, 1.22],
						"2.2083": [4.79, 6.77, 1.19],
						"2.25": [4.01, 5.4, 0.63],
						"2.2917": [3.43, 4.63, 0.56],
						"2.3333": [2.85, 3.87, 0.5],
						"2.375": [1.48, 2.13, -0.4],
						"2.4167": [0.99, 1.42, -0.27],
						"2.4583": [0.49, 0.71, -0.13],
						"2.5": [0, 0, 0]
					}
				},
				"ivory": {
					"rotation": {
						"0.0": [0, 0, 0],
						"0.0417": [0, 0, 0],
						"0.0833": [0, 0, 0],
						"0.125": [0, 0, 0],
						"0.1667": [0, 0, 0],
						"0.2083": [1.21, -2.76, -5.29],
						"0.25": [2.42, -5.53, -10.57],
						"0.2917": [3.62, -8.29, -15.86],
						"0.3333": [4.83, -11.06, -21.15],
						"0.375": [6.04, -13.82, -26.44],
						"0.4167": [7.25, -16.58, -31.72],
						"0.4583": [8.46, -19.35, -37.01],
						"0.5": [8.59, -19.64, -37.58],
						"0.5417": [8.7, -19.9, -38.07],
						"0.5833": [8.8, -20.13, -38.51],
						"0.625": [8.89, -20.32, -38.88],
						"0.6667": [8.97, -20.49, -39.19],
						"0.7083": [9.03, -20.62, -39.46],
						"0.75": [9.08, -20.73, -39.67],
						"0.7917": [9.13, -20.82, -39.83],
						"0.8333": [9.16, -20.88, -39.94],
						"0.875": [9.18, -20.92, -40.02],
						"0.9167": [9.19, -20.94, -40.05],
						"0.9583": [9.2, -20.93, -40.05],
						"1.0": [9.19, -20.92, -40.01],
						"1.0417": [9.18, -20.88, -39.95],
						"1.0833": [9.17, -20.83, -39.85],
						"1.125": [9.14, -20.77, -39.73],
						"1.1667": [9.12, -20.7, -39.59],
						"1.2083": [9.08, -20.61, -39.43],
						"1.25": [9.04, -20.52, -39.26],
						"1.2917": [9, -20.42, -39.07],
						"1.3333": [8.96, -20.32, -38.87],
						"1.375": [8.91, -20.22, -38.67],
						"1.4167": [8.86, -20.11, -38.46],
						"1.4583": [8.81, -20, -38.25],
						"1.5": [8.76, -19.89, -38.04],
						"1.5417": [8.71, -19.78, -37.84],
						"1.5833": [8.65, -19.68, -37.65],
						"1.625": [8.6, -19.59, -37.46],
						"1.6667": [8.55, -19.5, -37.29],
						"1.7083": [8.51, -19.42, -37.14],
						"1.75": [8.46, -19.35, -37.01],
						"1.7917": [8.29, -19.15, -36.63],
						"1.8333": [8.1, -18.96, -36.27],
						"1.875": [7.87, -18.76, -35.87],
						"1.9167": [7.6, -18.5, -35.39],
						"1.9583": [7.31, -18.17, -34.75],
						"2.0": [6.97, -17.73, -33.9],
						"2.0417": [6.6, -17.14, -32.78],
						"2.0833": [6.19, -16.38, -31.33],
						"2.125": [5.74, -15.42, -29.49],
						"2.1667": [5.1, -13.71, -26.22],
						"2.2083": [4.47, -11.99, -22.94],
						"2.25": [3.83, -10.28, -19.66],
						"2.2917": [3.19, -8.57, -16.38],
						"2.3333": [2.55, -6.85, -13.11],
						"2.375": [1.91, -5.14, -9.83],
						"2.4167": [1.28, -3.43, -6.55],
						"2.4583": [0.64, -1.71, -3.28],
						"2.5": [0, 0, 0]
					},
					"position": {
						"0.0": [0, 0, 0],
						"0.0417": [0, 0, 0],
						"0.0833": [0, 0, 0],
						"0.125": [0, 0, 0],
						"0.1667": [0, 0, 0],
						"0.2083": [1.41, 0.55, -0.31],
						"0.25": [2.82, 1.1, -0.63],
						"0.2917": [4.23, 1.65, -0.94],
						"0.3333": [5.29, 2.17, -1.24],
						"0.375": [6.35, 2.68, -1.53],
						"0.4167": [7.41, 3.2, -1.83],
						"0.4583": [8.47, 3.72, -2.12],
						"0.5": [8.53, 3.75, -2.14],
						"0.5417": [8.59, 3.78, -2.16],
						"0.5833": [8.64, 3.81, -2.17],
						"0.625": [8.69, 3.83, -2.19],
						"0.6667": [8.73, 3.85, -2.2],
						"0.7083": [8.76, 3.87, -2.21],
						"0.75": [8.79, 3.88, -2.22],
						"0.7917": [8.81, 3.9, -2.22],
						"0.8333": [8.83, 3.91, -2.23],
						"0.875": [8.84, 3.91, -2.23],
						"0.9167": [8.85, 3.92, -2.24],
						"0.9583": [8.86, 3.93, -2.24],
						"1.0": [8.86, 3.93, -2.24],
						"1.0417": [8.85, 3.93, -2.24],
						"1.0833": [8.85, 3.93, -2.24],
						"1.125": [8.84, 3.92, -2.24],
						"1.1667": [8.82, 3.92, -2.23],
						"1.2083": [8.81, 3.91, -2.23],
						"1.25": [8.79, 3.9, -2.22],
						"1.2917": [8.77, 3.89, -2.22],
						"1.3333": [8.75, 3.88, -2.21],
						"1.375": [8.72, 3.87, -2.21],
						"1.4167": [8.7, 3.86, -2.2],
						"1.4583": [8.67, 3.84, -2.19],
						"1.5": [8.64, 3.83, -2.18],
						"1.5417": [8.61, 3.81, -2.17],
						"1.5833": [8.58, 3.79, -2.16],
						"1.625": [8.56, 3.78, -2.15],
						"1.6667": [8.53, 3.76, -2.14],
						"1.7083": [8.5, 3.74, -2.13],
						"1.75": [8.47, 3.72, -2.12],
						"1.7917": [8.38, 3.65, -2.08],
						"1.8333": [8.3, 3.56, -2.03],
						"1.875": [8.21, 3.45, -1.97],
						"1.9167": [8.1, 3.34, -1.91],
						"1.9583": [7.96, 3.2, -1.84],
						"2.0": [7.77, 3.06, -1.76],
						"2.0417": [7.51, 2.89, -1.66],
						"2.0833": [7.18, 2.71, -1.56],
						"2.125": [6.76, 2.51, -1.45],
						"2.1667": [6.01, 2.23, -1.29],
						"2.2083": [5.26, 1.95, -1.13],
						"2.25": [4.51, 1.67, -0.97],
						"2.2917": [3.76, 1.4, -0.81],
						"2.3333": [3, 1.12, -0.64],
						"2.375": [2.25, 0.84, -0.48],
						"2.4167": [1.5, 0.56, -0.32],
						"2.4583": [0.75, 0.28, -0.16],
						"2.5": [0, 0, 0]
					}
				},
				"constraint": {
					"rotation": {
						"0.0": [0, 0, 0],
						"0.5": [0, 0, 1],
						"1.0": [0, 0, 1],
						"1.5": [0, 0, 0],
						"1.9583": [0, 0, 0],
						"2.5": [0, 0, 0]
					},
					"position": {
						"0.0": [0, 0, 0],
						"0.5": [0.90625, -0.21875, 0],
						"1.0": [0.63, -0.09375, 0],
						"1.5": [0.59625, -0.1875, 0],
						"1.9583": [0.0975, 0, 0],
						"2.5": [0, 0, 0]
					}
				}
			},
			"sound_effects": {
				"0.5417": {
					"effect": "ivory_reloadtactical"
				}
			}
		},
		"inspect": {
			"animation_length": 2.75,
			"bones": {
				"lefthand": {
					"rotation": {
						"0.0": [85.99, 5, -0.17],
						"0.0417": [85.99, 5, -0.17],
						"0.0833": [85.99, 5, -0.17],
						"0.125": [85.99, 5, -0.17],
						"0.1667": [85.99, 5, -0.17],
						"0.2083": [85.99, 5, -0.17],
						"0.25": [85.99, 5, -0.17],
						"0.2917": [85.99, 5, -0.17],
						"0.3333": [85.99, 5, -0.17],
						"0.375": [85.99, 5, -0.17],
						"0.4167": [85.99, 5, -0.17],
						"0.4583": [85.99, 5, -0.17],
						"0.5": [85.99, 5, -0.17],
						"0.5417": [85.99, 5, -0.17],
						"0.5833": [85.99, 5, -0.17],
						"0.625": [85.99, 5, -0.17],
						"0.6667": [85.99, 5, -0.17],
						"0.7083": [85.99, 5, -0.17],
						"0.75": [85.99, 5, -0.17],
						"0.7917": [86.32, 5.05, 0.22],
						"0.8333": [87.15, 5.17, 1.22],
						"0.875": [88.28, 5.33, 2.56],
						"0.9167": [89.48, 5.51, 3.99],
						"0.9583": [90.54, 5.66, 5.24],
						"1.0": [91.23, 5.76, 6.06],
						"1.0417": [91.34, 5.77, 6.19],
						"1.0833": [90.65, 5.67, 5.37],
						"1.125": [88.94, 5.43, 3.34],
						"1.1667": [85.99, 5, -0.17],
						"1.2083": [74.93, 3.4, -13.33],
						"1.25": [58.64, 1.04, -32.72],
						"1.2917": [40.6, -1.57, -54.19],
						"1.3333": [24.31, -3.92, -73.58],
						"1.375": [13.25, -5.52, -86.74],
						"1.4167": [7.86, -6.3, -93.16],
						"1.4583": [10.56, -5.91, -89.95],
						"1.5": [13.25, -5.52, -86.74],
						"1.5417": [13.25, -5.52, -86.74],
						"1.5833": [13.25, -5.52, -86.74],
						"1.625": [13.25, -5.52, -86.74],
						"1.6667": [13.25, -5.52, -86.74],
						"1.7083": [13.25, -5.52, -86.74],
						"1.75": [13.25, -5.52, -86.74],
						"1.7917": [13.25, -5.52, -86.74],
						"1.8333": [13.25, -5.52, -86.74],
						"1.875": [13.25, -5.52, -86.74],
						"1.9167": [13.25, -5.52, -86.74],
						"1.9583": [13.25, -5.52, -86.74],
						"2.0": [12.61, -5.61, -87.5],
						"2.0417": [11.13, -5.83, -89.26],
						"2.0833": [9.43, -6.07, -91.28],
						"2.125": [8.16, -6.26, -92.8],
						"2.1667": [7.95, -6.29, -93.05],
						"2.2083": [9.43, -6.08, -91.29],
						"2.25": [13.25, -5.52, -86.74],
						"2.2917": [17.9, -4.85, -81.2],
						"2.3333": [24.31, -3.93, -73.58],
						"2.375": [32.02, -2.81, -64.41],
						"2.4167": [40.6, -1.57, -54.19],
						"2.4583": [49.62, -0.26, -43.46],
						"2.5": [58.64, 1.04, -32.72],
						"2.5417": [67.22, 2.28, -22.51],
						"2.5833": [74.94, 3.4, -13.33],
						"2.625": [81.34, 4.32, -5.72],
						"2.6667": [85.99, 5, -0.17]
					},
					"position": {
						"0.0": [7.66, -10.37, -2.56],
						"0.0417": [7.66, -10.37, -2.56],
						"0.0833": [7.66, -10.37, -2.56],
						"0.125": [7.66, -10.37, -2.56],
						"0.1667": [7.66, -10.37, -2.56],
						"0.2083": [7.66, -10.37, -2.56],
						"0.25": [7.66, -10.37, -2.56],
						"0.2917": [7.66, -10.37, -2.56],
						"0.3333": [7.66, -10.37, -2.56],
						"0.375": [7.66, -10.37, -2.56],
						"0.4167": [7.66, -10.37, -2.56],
						"0.4583": [7.66, -10.37, -2.56],
						"0.5": [7.66, -10.37, -2.56],
						"0.5417": [7.66, -10.37, -2.56],
						"0.5833": [7.66, -10.37, -2.56],
						"0.625": [7.66, -10.37, -2.56],
						"0.6667": [7.66, -10.37, -2.56],
						"0.7083": [7.66, -10.37, -2.56],
						"0.75": [7.66, -10.37, -2.56],
						"0.7917": [7.66, -10.39, -2.54],
						"0.8333": [7.66, -10.43, -2.5],
						"0.875": [7.65, -10.5, -2.45],
						"0.9167": [7.65, -10.56, -2.39],
						"0.9583": [7.65, -10.62, -2.34],
						"1.0": [7.64, -10.66, -2.31],
						"1.0417": [7.64, -10.67, -2.3],
						"1.0833": [7.65, -10.63, -2.33],
						"1.125": [7.65, -10.53, -2.42],
						"1.1667": [7.66, -10.37, -2.56],
						"1.2083": [7.69, -9.75, -3.1],
						"1.25": [7.74, -8.84, -3.89],
						"1.2917": [7.8, -7.83, -4.76],
						"1.3333": [7.85, -6.92, -5.55],
						"1.375": [7.88, -6.31, -6.09],
						"1.4167": [7.89, -6.01, -6.37],
						"1.4583": [7.89, -6.16, -6.26],
						"1.5": [7.88, -6.31, -6.09],
						"1.5417": [7.88, -6.31, -6.04],
						"1.5833": [7.88, -6.31, -5.97],
						"1.625": [7.88, -6.31, -5.89],
						"1.6667": [7.88, -6.31, -5.8],
						"1.7083": [7.88, -6.31, -5.71],
						"1.75": [7.88, -6.31, -5.64],
						"1.7917": [7.88, -6.31, -5.59],
						"1.8333": [7.88, -6.31, -5.54],
						"1.875": [7.88, -6.31, -5.53],
						"1.9167": [7.88, -6.31, -5.54],
						"1.9583": [7.88, -6.31, -5.59],
						"2.0": [7.88, -6.27, -5.67],
						"2.0417": [7.89, -6.19, -5.81],
						"2.0833": [7.89, -6.1, -5.98],
						"2.125": [7.89, -6.02, -6.13],
						"2.1667": [7.9, -6.01, -6.23],
						"2.2083": [7.89, -6.09, -6.23],
						"2.25": [7.88, -6.31, -6.09],
						"2.2917": [7.86, -6.57, -5.89],
						"2.3333": [7.84, -6.93, -5.59],
						"2.375": [7.82, -7.36, -5.22],
						"2.4167": [7.8, -7.84, -4.8],
						"2.4583": [7.77, -8.34, -4.36],
						"2.5": [7.74, -8.85, -3.91],
						"2.5417": [7.71, -9.33, -3.49],
						"2.5833": [7.69, -9.76, -3.11],
						"2.625": [7.67, -10.11, -2.79],
						"2.6667": [7.66, -10.37, -2.56]
					}
				},
				"righthand": {
					"rotation": [85.97, -6.98, 0.49],
					"position": [-5.06, -10.06, -2.66]
				},
				"root": {
					"rotation": {
						"0.0": [0, 0, 0],
						"0.0417": [0.85, -2.13, -2.66],
						"0.0833": [2.08, -5.24, -6.55],
						"0.125": [3.52, -8.85, -11.05],
						"0.1667": [4.95, -12.45, -15.55],
						"0.2083": [6.19, -15.56, -19.44],
						"0.25": [7.03, -17.69, -22.1],
						"0.2917": [7.44, -18.72, -23.38],
						"0.3333": [7.56, -19.01, -23.73],
						"0.375": [7.47, -18.8, -23.48],
						"0.4167": [7.3, -18.35, -22.91],
						"0.4583": [7.12, -17.9, -22.35],
						"0.5": [7.03, -17.69, -22.1],
						"0.5417": [7.01, -18.14, -22.73],
						"0.5833": [6.96, -19.11, -24.14],
						"0.625": [6.9, -20.08, -25.54],
						"0.6667": [6.88, -20.52, -26.18],
						"0.7083": [6.91, -19.9, -25.29],
						"0.75": [7.03, -17.69, -22.1],
						"0.7917": [7.17, -15.25, -18.57],
						"0.8333": [7.36, -11.89, -13.72],
						"0.875": [7.59, -7.85, -7.88],
						"0.9167": [7.84, -3.35, -1.37],
						"0.9583": [8.1, 1.39, 5.46],
						"1.0": [8.37, 6.12, 12.3],
						"1.0417": [8.62, 10.62, 18.8],
						"1.0833": [8.85, 14.67, 24.65],
						"1.125": [9.03, 18.02, 29.5],
						"1.1667": [9.17, 20.47, 33.03],
						"1.2083": [9.21, 21.16, 34.03],
						"1.25": [9.27, 21.77, 34.92],
						"1.2917": [9.32, 22.31, 35.71],
						"1.3333": [9.38, 22.77, 36.39],
						"1.375": [9.44, 23.17, 36.98],
						"1.4167": [9.5, 23.49, 37.47],
						"1.4583": [9.57, 23.75, 37.86],
						"1.5": [9.63, 23.95, 38.17],
						"1.5417": [9.69, 24.09, 38.4],
						"1.5833": [9.74, 24.18, 38.54],
						"1.625": [9.79, 24.21, 38.61],
						"1.6667": [9.84, 24.2, 38.61],
						"1.7083": [9.88, 24.13, 38.54],
						"1.75": [9.91, 24.03, 38.4],
						"1.7917": [9.93, 23.88, 38.2],
						"1.8333": [9.94, 23.7, 37.94],
						"1.875": [9.93, 23.48, 37.63],
						"1.9167": [9.92, 23.23, 37.27],
						"1.9583": [9.89, 22.95, 36.86],
						"2.0": [9.84, 22.65, 36.41],
						"2.0417": [9.78, 22.32, 35.92],
						"2.0833": [9.7, 21.98, 35.4],
						"2.125": [9.6, 21.62, 34.85],
						"2.1667": [9.48, 21.24, 34.26],
						"2.2083": [9.33, 20.86, 33.66],
						"2.25": [9.17, 20.47, 33.03],
						"2.2917": [8.58, 19.16, 30.92],
						"2.3333": [7.78, 17.36, 28.01],
						"2.375": [6.8, 15.19, 24.51],
						"2.4167": [5.72, 12.77, 20.61],
						"2.4583": [4.58, 10.24, 16.52],
						"2.5": [3.45, 7.7, 12.42],
						"2.5417": [2.37, 5.28, 8.52],
						"2.5833": [1.39, 3.11, 5.02],
						"2.625": [0.59, 1.31, 2.11],
						"2.6667": [0, 0, 0]
					},
					"position": {
						"0.0": [0, 0, 0],
						"0.0417": [0.09, 0, -0.12],
						"0.0833": [0.23, 0, -0.29],
						"0.125": [0.39, 0, -0.48],
						"0.1667": [0.55, 0, -0.68],
						"0.2083": [0.69, 0, -0.85],
						"0.25": [0.78, 0, -0.97],
						"0.2917": [0.83, 0, -1.02],
						"0.3333": [0.84, 0, -1.04],
						"0.375": [0.83, 0, -1.03],
						"0.4167": [0.81, 0, -1],
						"0.4583": [0.79, 0, -0.98],
						"0.5": [0.78, 0, -0.97],
						"0.5417": [0.78, -0.01, -0.97],
						"0.5833": [0.78, -0.03, -0.97],
						"0.625": [0.78, -0.06, -0.97],
						"0.6667": [0.78, -0.07, -0.97],
						"0.7083": [0.78, -0.05, -0.97],
						"0.75": [0.78, 0, -0.97],
						"0.7917": [0.78, 0.06, -0.97],
						"0.8333": [0.78, 0.14, -0.97],
						"0.875": [0.78, 0.24, -0.97],
						"0.9167": [0.78, 0.35, -0.97],
						"0.9583": [0.78, 0.47, -0.97],
						"1.0": [0.78, 0.58, -0.97],
						"1.0417": [0.78, 0.7, -0.97],
						"1.0833": [0.78, 0.79, -0.97],
						"1.125": [0.78, 0.88, -0.97],
						"1.1667": [0.78, 0.94, -0.97],
						"1.2083": [0.78, 0.95, -0.97],
						"1.25": [0.78, 0.97, -0.97],
						"1.2917": [0.78, 0.99, -0.98],
						"1.3333": [0.79, 1, -0.98],
						"1.375": [0.79, 1.01, -0.98],
						"1.4167": [0.8, 1.02, -0.99],
						"1.4583": [0.8, 1.03, -1],
						"1.5": [0.81, 1.04, -1],
						"1.5417": [0.81, 1.04, -1.01],
						"1.5833": [0.82, 1.05, -1.01],
						"1.625": [0.82, 1.05, -1.02],
						"1.6667": [0.82, 1.06, -1.03],
						"1.7083": [0.83, 1.06, -1.03],
						"1.75": [0.83, 1.06, -1.03],
						"1.7917": [0.83, 1.05, -1.04],
						"1.8333": [0.84, 1.05, -1.04],
						"1.875": [0.84, 1.05, -1.04],
						"1.9167": [0.84, 1.04, -1.04],
						"1.9583": [0.84, 1.03, -1.04],
						"2.0": [0.83, 1.02, -1.04],
						"2.0417": [0.83, 1.01, -1.03],
						"2.0833": [0.82, 1, -1.02],
						"2.125": [0.82, 0.99, -1.01],
						"2.1667": [0.81, 0.97, -1],
						"2.2083": [0.79, 0.96, -0.99],
						"2.25": [0.78, 0.94, -0.97],
						"2.2917": [0.73, 0.88, -0.91],
						"2.3333": [0.66, 0.8, -0.82],
						"2.375": [0.58, 0.7, -0.72],
						"2.4167": [0.49, 0.59, -0.61],
						"2.4583": [0.39, 0.47, -0.49],
						"2.5": [0.29, 0.35, -0.36],
						"2.5417": [0.2, 0.24, -0.25],
						"2.5833": [0.12, 0.14, -0.15],
						"2.625": [0.05, 0.06, -0.06],
						"2.6667": [0, 0, 0]
					}
				},
				"slide": {
					"rotation": {
						"0.0": [0, 0, 0],
						"0.0417": [0, 0, 0],
						"0.0833": [0, 0, 0],
						"0.125": [0, 0, 0],
						"0.1667": [0, 0, 0],
						"0.2083": [0, 0, 0],
						"0.25": [0, 0, 0],
						"0.2917": [0, 0, 0],
						"0.3333": [0, 0, 0],
						"0.375": [0, 0, 0],
						"0.4167": [0, 0, 0],
						"0.4583": [0, 0, 0],
						"0.5": [0, 0, 0],
						"0.5417": [0, 0, 0],
						"0.5833": [0, 0, 0],
						"0.625": [0, 0, 0],
						"0.6667": [0, 0, 0],
						"0.7083": [0, 0, 0],
						"0.75": [0, 0, 0],
						"0.7917": [0, 0, 0],
						"0.8333": [0, 0, 0],
						"0.875": [0, 0, 0],
						"0.9167": [0, 0, 0],
						"0.9583": [0, 0, 0],
						"1.0": [0, 0, 0],
						"1.0417": [0, 0, 0],
						"1.0833": [0, 0, 0],
						"1.125": [0, 0, 0],
						"1.1667": [0, 0, 0],
						"1.2083": [0, 0, 0],
						"1.25": [0, 0, 0],
						"1.2917": [0, 0, 0],
						"1.3333": [0, 0, 0],
						"1.375": [0, 0, 0],
						"1.4167": [0, 0, 0],
						"1.4583": [0, 0, 0],
						"1.5": [0, 0, 0],
						"1.5417": [0, 0, 0],
						"1.5833": [0, 0, 0],
						"1.625": [0, 0, 0],
						"1.6667": [0, 0, 0],
						"1.7083": [0, 0, 0],
						"1.75": [0, 0, 0],
						"1.7917": [0, 0, 0],
						"1.8333": [0, 0, 0],
						"1.875": [0, 0, 0],
						"1.9167": [0, 0, 0],
						"1.9583": [0, 0, 0],
						"2.0": [0, 0, 0],
						"2.0417": [0, 0, 0],
						"2.0833": [0, 0, 0],
						"2.125": [0, 0, 0],
						"2.1667": [0, 0, 0],
						"2.2083": [0, 0, 0],
						"2.25": [0, 0, 0],
						"2.2917": [0, 0, 0],
						"2.3333": [0, 0, 0],
						"2.375": [0, 0, 0],
						"2.4167": [0, 0, 0],
						"2.4583": [0, 0, 0],
						"2.5": [0, 0, 0],
						"2.5417": [0, 0, 0],
						"2.5833": [0, 0, 0],
						"2.625": [0, 0, 0],
						"2.6667": [0, 0, 0]
					},
					"position": {
						"0.0": [0, 0, 0],
						"0.0417": [0, 0, 0],
						"0.0833": [0, 0, 0],
						"0.125": [0, 0, 0],
						"0.1667": [0, 0, 0],
						"0.2083": [0, 0, 0],
						"0.25": [0, 0, 0],
						"0.2917": [0, 0, 0],
						"0.3333": [0, 0, 0],
						"0.375": [0, 0, 0],
						"0.4167": [0, 0, 0],
						"0.4583": [0, 0, 0],
						"0.5": [0, 0, 0],
						"0.5417": [0, 0, 0],
						"0.5833": [0, 0, 0],
						"0.625": [0, 0, 0],
						"0.6667": [0, 0, 0],
						"0.7083": [0, 0, 0],
						"0.75": [0, 0, 0],
						"0.7917": [0, 0, 0],
						"0.8333": [0, 0, 0],
						"0.875": [0, 0, 0],
						"0.9167": [0, 0, 0],
						"0.9583": [0, 0, 0],
						"1.0": [0, 0, 0],
						"1.0417": [0, 0, 0],
						"1.0833": [0, 0, 0],
						"1.125": [0, 0, 0],
						"1.1667": [0, 0, 0],
						"1.2083": [0, 0, 0],
						"1.25": [0, 0, 0],
						"1.2917": [0, 0, 0],
						"1.3333": [0, 0, 0],
						"1.375": [0, 0, 0],
						"1.4167": [0, 0, -0.02],
						"1.4583": [0, 0, -0.04],
						"1.5": [0, 0, 0],
						"1.5417": [0, 0, 0.05],
						"1.5833": [0, 0, 0.13],
						"1.625": [0, 0, 0.22],
						"1.6667": [0, 0, 0.31],
						"1.7083": [0, 0, 0.4],
						"1.75": [0, 0, 0.48],
						"1.7917": [0, 0, 0.53],
						"1.8333": [0, 0, 0.58],
						"1.875": [0, 0, 0.6],
						"1.9167": [0, 0, 0.58],
						"1.9583": [0, 0, 0.53],
						"2.0": [0, 0, 0.48],
						"2.0417": [0, 0, 0.4],
						"2.0833": [0, 0, 0.31],
						"2.125": [0, 0, 0.22],
						"2.1667": [0, 0, 0.13],
						"2.2083": [0, 0, 0.05],
						"2.25": [0, 0, 0],
						"2.2917": [0, 0, -0.02],
						"2.3333": [0, 0, -0.03],
						"2.375": [0, 0, -0.04],
						"2.4167": [0, 0, -0.04],
						"2.4583": [0, 0, -0.03],
						"2.5": [0, 0, -0.03],
						"2.5417": [0, 0, -0.02],
						"2.5833": [0, 0, -0.01],
						"2.625": [0, 0, 0],
						"2.6667": [0, 0, 0]
					}
				}
			},
			"sound_effects": {
				"1.75": {
					"effect": "ivory_inspect"
				}
			}
		},
		"inspect_empty": {
			"animation_length": 2.6667,
			"bones": {
				"lefthand": {
					"rotation": [85.99, 5, -0.17],
					"position": [7.66, -10.37, -2.56]
				},
				"righthand": {
					"rotation": [85.97, -6.98, 0.49],
					"position": [-5.06, -10.06, -2.66]
				},
				"slide": {
					"position": [0, 0, 0.97]
				},
				"root": {
					"rotation": {
						"0.0": [0, 0, 0],
						"0.0417": [0.85, -2.13, -2.66],
						"0.0833": [2.08, -5.24, -6.55],
						"0.125": [3.52, -8.85, -11.05],
						"0.1667": [4.95, -12.45, -15.55],
						"0.2083": [6.19, -15.56, -19.44],
						"0.25": [7.03, -17.69, -22.1],
						"0.2917": [7.44, -18.72, -23.38],
						"0.3333": [7.56, -19.01, -23.73],
						"0.375": [7.47, -18.8, -23.48],
						"0.4167": [7.3, -18.35, -22.91],
						"0.4583": [7.12, -17.9, -22.35],
						"0.5": [7.03, -17.69, -22.1],
						"0.5417": [7.03, -17.69, -22.1],
						"0.5833": [7.03, -17.69, -22.1],
						"0.625": [7.03, -17.69, -22.1],
						"0.6667": [7.03, -17.69, -22.1],
						"0.7083": [7.03, -17.69, -22.1],
						"0.75": [7.03, -17.69, -22.1],
						"0.7917": [7.03, -17.69, -22.1],
						"0.8333": [7.03, -17.69, -22.1],
						"0.875": [7.03, -17.69, -22.1],
						"0.9167": [7.03, -17.69, -22.1],
						"0.9583": [7.03, -17.69, -22.1],
						"1.0": [7.03, -17.69, -22.1],
						"1.0417": [7, -18.31, -22.98],
						"1.0833": [6.93, -19.53, -24.74],
						"1.125": [6.88, -20.44, -26.07],
						"1.1667": [6.9, -20.14, -25.62],
						"1.2083": [7.03, -17.69, -22.1],
						"1.25": [7.19, -14.92, -18.09],
						"1.2917": [7.41, -11.05, -12.49],
						"1.3333": [7.67, -6.39, -5.76],
						"1.375": [7.95, -1.26, 1.65],
						"1.4167": [8.25, 4.03, 9.28],
						"1.4583": [8.54, 9.16, 16.69],
						"1.5": [8.8, 13.82, 23.42],
						"1.5417": [9.01, 17.69, 29.02],
						"1.5833": [9.17, 20.47, 33.03],
						"1.625": [9.25, 21.55, 34.6],
						"1.6667": [9.33, 22.43, 35.89],
						"1.7083": [9.43, 23.12, 36.91],
						"1.75": [9.54, 23.63, 37.68],
						"1.7917": [9.64, 23.97, 38.21],
						"1.8333": [9.73, 24.16, 38.52],
						"1.875": [9.81, 24.21, 38.62],
						"1.9167": [9.88, 24.13, 38.54],
						"1.9583": [9.92, 23.94, 38.28],
						"2.0": [9.94, 23.65, 37.87],
						"2.0417": [9.92, 23.26, 37.32],
						"2.0833": [9.86, 22.8, 36.64],
						"2.125": [9.77, 22.28, 35.86],
						"2.1667": [9.62, 21.71, 34.99],
						"2.2083": [9.43, 21.1, 34.04],
						"2.25": [9.17, 20.47, 33.03],
						"2.2917": [8.58, 19.16, 30.92],
						"2.3333": [7.78, 17.36, 28.01],
						"2.375": [6.8, 15.19, 24.51],
						"2.4167": [5.72, 12.77, 20.61],
						"2.4583": [4.58, 10.24, 16.52],
						"2.5": [3.45, 7.7, 12.42],
						"2.5417": [2.37, 5.28, 8.52],
						"2.5833": [1.39, 3.11, 5.02],
						"2.625": [0.59, 1.31, 2.11],
						"2.6667": [0, 0, 0]
					},
					"position": {
						"0.0": [0, 0, 0],
						"0.0417": [0.09, -0.01, -0.12],
						"0.0833": [0.23, -0.03, -0.29],
						"0.125": [0.39, -0.05, -0.48],
						"0.1667": [0.55, -0.06, -0.68],
						"0.2083": [0.69, -0.05, -0.85],
						"0.25": [0.78, 0, -0.97],
						"0.2917": [0.83, 0.09, -1.02],
						"0.3333": [0.84, 0.23, -1.04],
						"0.375": [0.83, 0.39, -1.03],
						"0.4167": [0.81, 0.55, -1],
						"0.4583": [0.79, 0.69, -0.98],
						"0.5": [0.78, 0.78, -0.97],
						"0.5417": [0.78, 0.84, -0.97],
						"0.5833": [0.78, 0.88, -0.97],
						"0.625": [0.78, 0.88, -0.97],
						"0.6667": [0.78, 0.84, -0.97],
						"0.7083": [0.78, 0.78, -0.97],
						"0.75": [0.78, 0.7, -0.97],
						"0.7917": [0.78, 0.59, -0.97],
						"0.8333": [0.78, 0.46, -0.97],
						"0.875": [0.78, 0.32, -0.97],
						"0.9167": [0.78, 0.19, -0.97],
						"0.9583": [0.78, 0.08, -0.97],
						"1.0": [0.78, 0, -0.97],
						"1.0417": [0.78, -0.06, -0.97],
						"1.0833": [0.78, -0.1, -0.97],
						"1.125": [0.78, -0.11, -0.97],
						"1.1667": [0.78, -0.07, -0.97],
						"1.2083": [0.78, 0, -0.97],
						"1.25": [0.78, 0.07, -0.97],
						"1.2917": [0.78, 0.16, -0.97],
						"1.3333": [0.78, 0.28, -0.97],
						"1.375": [0.78, 0.4, -0.97],
						"1.4167": [0.78, 0.53, -0.97],
						"1.4583": [0.78, 0.66, -0.97],
						"1.5": [0.78, 0.77, -0.97],
						"1.5417": [0.78, 0.87, -0.97],
						"1.5833": [0.78, 0.94, -0.97],
						"1.625": [0.78, 0.97, -0.97],
						"1.6667": [0.79, 0.99, -0.98],
						"1.7083": [0.79, 1.01, -0.98],
						"1.75": [0.8, 1.03, -0.99],
						"1.7917": [0.81, 1.04, -1],
						"1.8333": [0.81, 1.05, -1.01],
						"1.875": [0.82, 1.05, -1.02],
						"1.9167": [0.83, 1.06, -1.03],
						"1.9583": [0.83, 1.05, -1.04],
						"2.0": [0.84, 1.05, -1.04],
						"2.0417": [0.84, 1.04, -1.04],
						"2.0833": [0.83, 1.03, -1.04],
						"2.125": [0.83, 1.01, -1.03],
						"2.1667": [0.82, 0.99, -1.02],
						"2.2083": [0.8, 0.97, -1],
						"2.25": [0.78, 0.94, -0.97],
						"2.2917": [0.73, 0.88, -0.91],
						"2.3333": [0.66, 0.8, -0.82],
						"2.375": [0.58, 0.7, -0.72],
						"2.4167": [0.49, 0.59, -0.61],
						"2.4583": [0.39, 0.47, -0.49],
						"2.5": [0.29, 0.35, -0.36],
						"2.5417": [0.2, 0.24, -0.25],
						"2.5833": [0.12, 0.14, -0.15],
						"2.625": [0.05, 0.06, -0.06],
						"2.6667": [0, 0, 0]
					}
				}
			}
		},
		"static_bolt_caught": {
			"animation_length": 0.25,
			"bones": {
				"lefthand": {
					"rotation": [85.99237, 4.99695, -0.17494],
					"position": [7.65625, -10.375, -2.5625]
				},
				"righthand": {
					"rotation": [85.97006, -6.98286, 0.49073],
					"position": [-5.0625, -10.0625, -2.65625]
				},
				"slide": {
					"position": [0, 0, 0.96875]
				}
			}
		},
		"shoot": {
			"animation_length": 1.2083,
			"bones": {
				"root": {
					"rotation": {
						"0.0": [0, 0, 0],
						"0.0417": [0, 0, 0],
						"0.0833": [-7, 0, 0],
						"0.125": [-10, 0, 0],
						"0.1667": [0, 0, 0]
					},
					"position": {
						"0.0": [0, 0, 0],
						"0.0417": [0, 0, 0.46875],
						"0.0833": [0, 1.15625, 0.345],
						"0.125": [0, 1.5975, 0.43875],
						"0.1667": [0, 0, 0]
					}
				},
				"constraint": {
					"relative_to": {
						"rotation": "entity"
					},
					"rotation": [0, 0, 0.01],
					"position": {
						"0.0833": [0.1875, 0.15625, 0.0625],
						"0.2917": [0, 0.15625, 0]
					}
				},
				"slide": {
					"rotation": {
						"0.0": [0, 0, 0],
						"0.0417": [0, 0, 0]
					},
					"position": {
						"0.0": [0, 0, 0],
						"0.0417": [0, 0, 0.96875],
						"0.0833": [0, 0, 0]
					}
				},
				"camera": {
					"rotation": {
						"0.0": [0, 0, 0],
						"0.0417": [0, 0, 0.2],
						"0.0833": [0, 0, -0.1]
					}
				}
			},
			"sound_effects": {
				"0.0417": {
					"effect": "ivory_fire"
				}
			}
		}
	}
}