{
	"format_version": "1.8.0",
	"animations": {
		"static_idle": {
			"animation_length": 0.25,
			"bones": {
				"lefthand": {
					"rotation": [60.51328, 20.78885, -3.93724],
					"position": [11, -16.4285, 2.02444]
				},
				"righthand": {
					"rotation": [60, 0, 0],
					"position": [-6.65625, -9.08019, -3.83516]
				}
			}
		},
		"static_bolt_caught": {
			"animation_length": 0.25,
			"bones": {
				"magazine": {
					"rotation": [0, 0, 0],
					"position": [0, 0.71179, -1.5987]
				},
				"lefthand": {
					"rotation": [60.51328, 20.78885, -3.93724],
					"position": [11, -16.4285, 2.02444]
				},
				"righthand": {
					"rotation": [60, 0, 0],
					"position": [-6.65625, -9.08019, -3.83516]
				}
			}
		},
		"draw": {
			"animation_length": 0.75,
			"bones": {
				"lefthand": {
					"rotation": [60.51328, 20.78885, -3.93724],
					"position": [11, -16.4285, 2.02444]
				},
				"righthand": {
					"rotation": {
						"0.0": [60, 0, 0],
						"0.125": {
							"pre": [-24.14611, -56.77406, 87.15554],
							"post": [-24.14611, -56.77406, 87.15554],
							"lerp_mode": "catmullrom"
						},
						"0.25": {
							"post": [-39.9, -76.73875, 143.8775],
							"lerp_mode": "catmullrom"
						},
						"0.375": {
							"post": [-24.15, -56.77, 118.19],
							"lerp_mode": "catmullrom"
						},
						"0.5417": {
							"post": [43.05534, -22.47894, 42.60651],
							"lerp_mode": "catmullrom"
						},
						"0.75": [60, 0, 0]
					},
					"position": {
						"0.0": [-6.65625, -9.08019, -3.83516],
						"0.125": {
							"pre": [-11.37875, -9.08, -3.84],
							"post": [-11.37875, -9.08, -3.84],
							"lerp_mode": "catmullrom"
						},
						"0.25": {
							"post": [-10.13, -9.08, -3.84],
							"lerp_mode": "catmullrom"
						},
						"0.375": {
							"post": [-8.005, -9.08, -3.84],
							"lerp_mode": "catmullrom"
						},
						"0.5417": {
							"post": [-7.33, -9.08, -3.49625],
							"lerp_mode": "catmullrom"
						},
						"0.75": [-6.65625, -9.08019, -3.83516]
					}
				},
				"root": {
					"rotation": {
						"0.0": [-50, 0, 0],
						"0.375": {
							"pre": [-50, 0, 0],
							"post": [-50, 0, 0],
							"lerp_mode": "catmullrom"
						},
						"0.5417": {
							"post": [-32.34687, -9.95832, 4.69623],
							"lerp_mode": "catmullrom"
						},
						"0.75": [0, 0, 0]
					},
					"position": {
						"0.0": [3.46875, -4.78125, 3.6875],
						"0.375": {
							"pre": [3.47, -0.155, 3.69],
							"post": [3.47, -0.155, 3.69],
							"lerp_mode": "catmullrom"
						},
						"0.5417": {
							"post": [2.27125, 0.32625, 1.85],
							"lerp_mode": "catmullrom"
						},
						"0.75": [0, 0, 0]
					}
				}
			}
		},
		"put_away": {
			"animation_length": 0.75,
			"bones": {
				"lefthand": {
					"rotation": {
						"0.0": [60.51328, 20.78885, -3.93724],
						"0.75": [60.51328, 20.78885, -3.93724]
					},
					"position": {
						"0.0": [11, -16.4285, 2.02444],
						"0.75": [11, -16.4285, 2.02444]
					}
				},
				"righthand": {
					"rotation": {
						"0.0": [60, 0, 0],
						"0.2083": {
							"pre": [43.05534, -22.47894, 42.60651],
							"post": [43.05534, -22.47894, 42.60651],
							"lerp_mode": "catmullrom"
						},
						"0.375": {
							"post": [-24.15, -56.77, 118.19],
							"lerp_mode": "catmullrom"
						},
						"0.5": {
							"post": [-3.56561, -78.52718, 92.86228],
							"lerp_mode": "catmullrom"
						},
						"0.6667": [-3.56561, -78.52718, 92.86228]
					},
					"position": {
						"0.0": [-6.65625, -9.08019, -3.83516],
						"0.2083": {
							"pre": [-7.33, -9.08, -3.49625],
							"post": [-7.33, -9.08, -3.49625],
							"lerp_mode": "catmullrom"
						},
						"0.375": {
							"post": [-8.005, -7.3925, -2.80875],
							"lerp_mode": "catmullrom"
						},
						"0.5": {
							"post": [-8.09875, -7.86125, -3.37125],
							"lerp_mode": "catmullrom"
						},
						"0.6667": [-8.09875, -7.86125, -3.37125]
					}
				},
				"root": {
					"rotation": {
						"0.0": [0, 0, 0],
						"0.2083": {
							"pre": [-32.34687, -9.95832, 4.69623],
							"post": [-32.34687, -9.95832, 4.69623],
							"lerp_mode": "catmullrom"
						},
						"0.375": {
							"post": [-50, 0, 0],
							"lerp_mode": "catmullrom"
						},
						"0.75": [-50, 0, 0]
					},
					"position": {
						"0.0": [0, 0, 0],
						"0.2083": {
							"pre": [2.27125, 0.32625, 1.85],
							"post": [2.27125, 0.32625, 1.85],
							"lerp_mode": "catmullrom"
						},
						"0.375": {
							"post": [3.47, -0.155, 3.69],
							"lerp_mode": "catmullrom"
						},
						"0.75": [3.46875, -4.78125, 3.6875]
					}
				}
			}
		},
		"reload_empty": {
			"animation_length": 3.25,
			"bones": {
				"magazine": {
					"rotation": {
						"0.0": [0, 0, 0],
						"2.375": {
							"pre": [0, 0, 0],
							"post": [0, 0, 0],
							"lerp_mode": "catmullrom"
						},
						"2.7083": {
							"post": [0, 0, 0],
							"lerp_mode": "catmullrom"
						},
						"3.0": [0, 0, 0]
					},
					"position": {
						"0.0": [0, 0.71179, -1.5987],
						"2.375": {
							"pre": [0, 0.71, -1.6],
							"post": [0, 0.71, -1.6],
							"lerp_mode": "catmullrom"
						},
						"2.7083": {
							"post": [0, 0, 0],
							"lerp_mode": "catmullrom"
						},
						"3.0": [0, 0, 0]
					}
				},
				"lefthand": {
					"rotation": {
						"0.0": [60.51328, 20.78885, -3.93724],
						"0.25": {
							"pre": [43.46648, 40.93826, -19.31007],
							"post": [43.46648, 40.93826, -19.31007],
							"lerp_mode": "catmullrom"
						},
						"2.375": {
							"post": [43.47, 40.94, -19.31],
							"lerp_mode": "catmullrom"
						},
						"2.7083": {
							"post": [43.47, 40.94, -19.31],
							"lerp_mode": "catmullrom"
						},
						"3.0": {
							"post": [43.47, 40.94, -19.31],
							"lerp_mode": "catmullrom"
						},
						"3.25": [60.51328, 20.78885, -3.93724]
					},
					"position": {
						"0.0": [11, -16.4285, 2.02444],
						"0.25": {
							"pre": [5.96875, -7.2425, -8.07375],
							"post": [5.96875, -7.2425, -8.07375],
							"lerp_mode": "catmullrom"
						},
						"2.375": {
							"post": [5.97, -7.24, -8.07],
							"lerp_mode": "catmullrom"
						},
						"2.7083": {
							"post": [6.05149, -7.85876, -6.16653],
							"lerp_mode": "catmullrom"
						},
						"3.0": {
							"post": [6.05149, -7.85876, -6.16653],
							"lerp_mode": "catmullrom"
						},
						"3.25": [11, -16.4285, 2.02444]
					}
				},
				"righthand": {
					"rotation": [60, 0, 0],
					"position": [-6.65625, -9.08019, -3.83516]
				},
				"root": {
					"rotation": {
						"0.0": [0, 0, 0],
						"0.25": {
							"pre": [-14, -7, 0],
							"post": [-14, -7, 0],
							"lerp_mode": "catmullrom"
						},
						"0.5": {
							"post": [-14, -7, 0],
							"lerp_mode": "catmullrom"
						},
						"0.6667": {
							"post": [-18.25705, -11.75211, 1.57636],
							"lerp_mode": "catmullrom"
						},
						"1.3333": {
							"post": [-18.26, -11.75, 1.58],
							"lerp_mode": "catmullrom"
						},
						"1.625": {
							"post": [-18.26, -11.75, 1.58],
							"lerp_mode": "catmullrom"
						},
						"2.0417": {
							"post": [-18.56691, -15.54537, 2.87996],
							"lerp_mode": "catmullrom"
						},
						"2.5": {
							"post": [-18.57, -15.55, 2.88],
							"lerp_mode": "catmullrom"
						},
						"2.7083": {
							"post": [-27.57, -15.55, 2.88],
							"lerp_mode": "catmullrom"
						},
						"3.0": {
							"post": [-27.57, -15.55, 2.88],
							"lerp_mode": "catmullrom"
						},
						"3.25": [0, 0, 0]
					},
					"position": {
						"0.0": [0, 0, 0],
						"0.25": {
							"pre": [0, 0, 0],
							"post": [0, 0, 0],
							"lerp_mode": "catmullrom"
						},
						"0.5": {
							"post": [0, 0, 0],
							"lerp_mode": "catmullrom"
						},
						"0.6667": {
							"post": [0, 0, 0],
							"lerp_mode": "catmullrom"
						},
						"1.3333": {
							"post": [0, 0, 0],
							"lerp_mode": "catmullrom"
						},
						"1.625": {
							"post": [0, 0, 0],
							"lerp_mode": "catmullrom"
						},
						"2.0417": {
							"post": [0, 0, 0],
							"lerp_mode": "catmullrom"
						},
						"2.5": {
							"post": [0, 0, 0],
							"lerp_mode": "catmullrom"
						},
						"2.7083": {
							"post": [0.52619, -0.37403, 0.84156],
							"lerp_mode": "catmullrom"
						},
						"3.0": {
							"post": [0.52619, -0.37403, 0.84156],
							"lerp_mode": "catmullrom"
						},
						"3.25": [0, 0, 0]
					}
				},
				"mag_and_lefthand": {
					"rotation": {
						"0.0": [0, 0, 0],
						"0.25": {
							"pre": [0, 0, 0],
							"post": [0, 0, 0],
							"lerp_mode": "catmullrom"
						},
						"0.5": {
							"post": [0, 0, 0],
							"lerp_mode": "catmullrom"
						},
						"0.625": {
							"post": [0, 0, 0],
							"lerp_mode": "catmullrom"
						},
						"0.75": {
							"post": [0, 0, 0],
							"lerp_mode": "catmullrom"
						},
						"1.0": {
							"post": [-6, 6, 0],
							"lerp_mode": "catmullrom"
						},
						"1.125": {
							"post": [-6, 6, 0],
							"lerp_mode": "catmullrom"
						},
						"1.1667": {
							"post": [-6, 6, 0],
							"lerp_mode": "catmullrom"
						},
						"1.25": {
							"post": [-6, 6, 0],
							"lerp_mode": "catmullrom"
						},
						"1.3333": {
							"post": [-6, 6, 0],
							"lerp_mode": "catmullrom"
						},
						"1.625": {
							"post": [-6, 6, 0],
							"lerp_mode": "catmullrom"
						},
						"1.75": {
							"post": [-6, 6, 0],
							"lerp_mode": "catmullrom"
						},
						"1.9167": {
							"post": [-6, 6, 0],
							"lerp_mode": "catmullrom"
						},
						"2.0833": {
							"post": [3.97526, -7.92375, 1.46301],
							"lerp_mode": "catmullrom"
						},
						"2.2917": {
							"post": [0.97504, -2.33764, 4.42055],
							"lerp_mode": "catmullrom"
						},
						"2.375": {
							"post": [0, 0, 0],
							"lerp_mode": "catmullrom"
						},
						"2.7083": {
							"post": [0, 0, 0],
							"lerp_mode": "catmullrom"
						},
						"3.0": {
							"post": [0, 0, 0],
							"lerp_mode": "catmullrom"
						},
						"3.25": [0, 0, 0]
					},
					"position": {
						"0.0": [0, 0, 0],
						"0.25": {
							"pre": [0, 0, 0],
							"post": [0, 0, 0],
							"lerp_mode": "catmullrom"
						},
						"0.5": {
							"post": [0, 0.625, -1.34375],
							"lerp_mode": "catmullrom"
						},
						"0.625": {
							"post": [0, 0.90625, -2.09375],
							"lerp_mode": "catmullrom"
						},
						"0.75": {
							"post": [0, 0.91, -2.09],
							"lerp_mode": "catmullrom"
						},
						"1.0": {
							"post": [3.23094, -0.99625, -0.78469],
							"lerp_mode": "catmullrom"
						},
						"1.125": {
							"post": [5.56522, -3.23988, -1.26718],
							"lerp_mode": "catmullrom"
						},
						"1.1667": {
							"post": [7.34805, -4.93, -1.81493],
							"lerp_mode": "catmullrom"
						},
						"1.25": {
							"post": [9.22158, -9.53, -2.31533],
							"lerp_mode": "catmullrom"
						},
						"1.3333": {
							"post": [9.81969, -16.63711, -2.97165],
							"lerp_mode": "catmullrom"
						},
						"1.625": {
							"post": [9.81969, -16.63711, -2.97165],
							"lerp_mode": "catmullrom"
						},
						"1.75": {
							"post": [9.22158, -9.53, -2.31533],
							"lerp_mode": "catmullrom"
						},
						"1.9167": {
							"post": [7.19043, -3.33085, -3.09449],
							"lerp_mode": "catmullrom"
						},
						"2.0833": {
							"post": [4.56505, -0.77006, -2.35399],
							"lerp_mode": "catmullrom"
						},
						"2.2917": {
							"post": [1.30833, 1.26101, -1.65043],
							"lerp_mode": "catmullrom"
						},
						"2.3333": {
							"post": [-0.08259, 0.59301, -1.51147],
							"lerp_mode": "catmullrom"
						},
						"2.375": {
							"post": [0, 0.625, -1.34375],
							"lerp_mode": "catmullrom"
						},
						"2.7083": {
							"post": [0, 0, 0],
							"lerp_mode": "catmullrom"
						},
						"3.0": {
							"post": [0, 0, 0],
							"lerp_mode": "catmullrom"
						},
						"3.25": [0, 0, 0]
					}
				}
			},
			"sound_effects": {
				"0.25": {
					"effect": "kuda_reloadempty"
				}
			}
		},
		"reload_tactical": {
			"animation_length": 3.25,
			"bones": {
				"lefthand": {
					"rotation": {
						"0.0": [60.51328, 20.78885, -3.93724],
						"0.25": {
							"pre": [43.46648, 40.93826, -19.31007],
							"post": [43.46648, 40.93826, -19.31007],
							"lerp_mode": "catmullrom"
						},
						"2.375": {
							"post": [43.47, 40.94, -19.31],
							"lerp_mode": "catmullrom"
						},
						"2.7083": {
							"post": [43.47, 40.94, -19.31],
							"lerp_mode": "catmullrom"
						},
						"3.0": {
							"post": [43.47, 40.94, -19.31],
							"lerp_mode": "catmullrom"
						},
						"3.25": [60.51328, 20.78885, -3.93724]
					},
					"position": {
						"0.0": [11, -16.4285, 2.02444],
						"0.25": {
							"pre": [5.86369, -7.89015, -6.62267],
							"post": [5.86369, -7.89015, -6.62267],
							"lerp_mode": "catmullrom"
						},
						"2.375": {
							"post": [5.5126, -7.95299, -6.83643],
							"lerp_mode": "catmullrom"
						},
						"2.7083": {
							"post": [6.05149, -7.85876, -6.16653],
							"lerp_mode": "catmullrom"
						},
						"3.0": {
							"post": [6.05149, -7.85876, -6.16653],
							"lerp_mode": "catmullrom"
						},
						"3.25": [11, -16.4285, 2.02444]
					}
				},
				"righthand": {
					"rotation": [60, 0, 0],
					"position": [-6.65625, -9.08019, -3.83516]
				},
				"root": {
					"rotation": {
						"0.0": [0, 0, 0],
						"0.25": {
							"pre": [-14, -7, 0],
							"post": [-14, -7, 0],
							"lerp_mode": "catmullrom"
						},
						"0.5": {
							"post": [-14, -7, 0],
							"lerp_mode": "catmullrom"
						},
						"0.6667": {
							"post": [-18.25705, -11.75211, 1.57636],
							"lerp_mode": "catmullrom"
						},
						"1.3333": {
							"post": [-18.26, -11.75, 1.58],
							"lerp_mode": "catmullrom"
						},
						"1.625": {
							"post": [-18.26, -11.75, 1.58],
							"lerp_mode": "catmullrom"
						},
						"2.0417": {
							"post": [-18.56691, -15.54537, 2.87996],
							"lerp_mode": "catmullrom"
						},
						"2.5": {
							"post": [-18.57, -15.55, 2.88],
							"lerp_mode": "catmullrom"
						},
						"2.7083": {
							"post": [-27.57, -15.55, 2.88],
							"lerp_mode": "catmullrom"
						},
						"3.0": {
							"post": [-27.57, -15.55, 2.88],
							"lerp_mode": "catmullrom"
						},
						"3.25": [0, 0, 0]
					},
					"position": {
						"0.0": [0, 0, 0],
						"0.25": {
							"pre": [0, 0, 0],
							"post": [0, 0, 0],
							"lerp_mode": "catmullrom"
						},
						"0.5": {
							"post": [0, 0, 0],
							"lerp_mode": "catmullrom"
						},
						"0.6667": {
							"post": [0, 0, 0],
							"lerp_mode": "catmullrom"
						},
						"1.3333": {
							"post": [0, 0, 0],
							"lerp_mode": "catmullrom"
						},
						"1.625": {
							"post": [0, 0, 0],
							"lerp_mode": "catmullrom"
						},
						"2.0417": {
							"post": [0, 0, 0],
							"lerp_mode": "catmullrom"
						},
						"2.5": {
							"post": [0, 0, 0],
							"lerp_mode": "catmullrom"
						},
						"2.7083": {
							"post": [0.52619, -0.37403, 0.84156],
							"lerp_mode": "catmullrom"
						},
						"3.0": {
							"post": [0.52619, -0.37403, 0.84156],
							"lerp_mode": "catmullrom"
						},
						"3.25": [0, 0, 0]
					}
				},
				"mag_and_lefthand": {
					"rotation": {
						"0.0": [0, 0, 0],
						"0.25": {
							"pre": [0, 0, 0],
							"post": [0, 0, 0],
							"lerp_mode": "catmullrom"
						},
						"0.5": {
							"post": [0, 0, 0],
							"lerp_mode": "catmullrom"
						},
						"0.625": {
							"post": [0, 0, 0],
							"lerp_mode": "catmullrom"
						},
						"0.75": {
							"post": [0, 0, 0],
							"lerp_mode": "catmullrom"
						},
						"1.0": {
							"post": [-6, 6, 0],
							"lerp_mode": "catmullrom"
						},
						"1.125": {
							"post": [-6, 6, 0],
							"lerp_mode": "catmullrom"
						},
						"1.1667": {
							"post": [-6, 6, 0],
							"lerp_mode": "catmullrom"
						},
						"1.25": {
							"post": [-6, 6, 0],
							"lerp_mode": "catmullrom"
						},
						"1.3333": {
							"post": [-6, 6, 0],
							"lerp_mode": "catmullrom"
						},
						"1.625": {
							"post": [-6, 6, 0],
							"lerp_mode": "catmullrom"
						},
						"1.75": {
							"post": [-6, 6, 0],
							"lerp_mode": "catmullrom"
						},
						"1.9167": {
							"post": [-6, 6, 0],
							"lerp_mode": "catmullrom"
						},
						"2.0833": {
							"post": [3.97526, -7.92375, 1.46301],
							"lerp_mode": "catmullrom"
						},
						"2.2917": {
							"post": [0.97504, -2.33764, 4.42055],
							"lerp_mode": "catmullrom"
						},
						"2.4167": {
							"post": [0.5, -1.32, 3.5],
							"lerp_mode": "catmullrom"
						},
						"2.7083": {
							"post": [0, 0, 0],
							"lerp_mode": "catmullrom"
						},
						"3.0": {
							"post": [0, 0, 0],
							"lerp_mode": "catmullrom"
						},
						"3.25": [0, 0, 0]
					},
					"position": {
						"0.0": [0, 0, 0],
						"0.25": {
							"pre": [0, 0, 0],
							"post": [0, 0, 0],
							"lerp_mode": "catmullrom"
						},
						"0.5": {
							"post": [0, 0.625, -1.34375],
							"lerp_mode": "catmullrom"
						},
						"0.625": {
							"post": [0, 1.53125, -3.5],
							"lerp_mode": "catmullrom"
						},
						"0.75": {
							"post": [0, 1.53125, -3.5],
							"lerp_mode": "catmullrom"
						},
						"1.0": {
							"post": [3.23094, -0.99625, -0.78469],
							"lerp_mode": "catmullrom"
						},
						"1.125": {
							"post": [5.56522, -3.23988, -1.26718],
							"lerp_mode": "catmullrom"
						},
						"1.1667": {
							"post": [7.34805, -4.93, -1.81493],
							"lerp_mode": "catmullrom"
						},
						"1.25": {
							"post": [9.22158, -9.53, -2.31533],
							"lerp_mode": "catmullrom"
						},
						"1.3333": {
							"post": [9.81969, -15.13711, -2.97165],
							"lerp_mode": "catmullrom"
						},
						"1.625": {
							"post": [9.81969, -15.13711, -2.97165],
							"lerp_mode": "catmullrom"
						},
						"1.75": {
							"post": [9.22158, -9.53, -2.31533],
							"lerp_mode": "catmullrom"
						},
						"1.9167": {
							"post": [7.19043, -3.33085, -3.09449],
							"lerp_mode": "catmullrom"
						},
						"2.0833": {
							"post": [4.56505, -0.77006, -2.35399],
							"lerp_mode": "catmullrom"
						},
						"2.2917": {
							"post": [1.38949, 1.21954, -3.71091],
							"lerp_mode": "catmullrom"
						},
						"2.4167": {
							"post": [-0.48935, 1.12094, -3.78621],
							"lerp_mode": "catmullrom"
						},
						"2.7083": {
							"post": [0, 0, 0],
							"lerp_mode": "catmullrom"
						},
						"3.0": {
							"post": [0, 0, 0],
							"lerp_mode": "catmullrom"
						},
						"3.25": [0, 0, 0]
					}
				}
			},
			"sound_effects": {
				"0.25": {
					"effect": "kuda_reloadtactical"
				}
			}
		},
		"inspect": {
			"animation_length": 4.5,
			"bones": {
				"lefthand": {
					"rotation": {
						"0.0": [60.51328, 20.78885, -3.93724],
						"1.25": {
							"pre": [60.51328, 20.78885, -3.93724],
							"post": [60.51328, 20.78885, -3.93724],
							"lerp_mode": "catmullrom"
						},
						"1.5": {
							"post": [60.51328, 20.78885, -3.93724],
							"lerp_mode": "catmullrom"
						},
						"2.0": {
							"post": [-4.93542, 62.48819, -88.15051],
							"lerp_mode": "catmullrom"
						},
						"2.25": {
							"post": [-4.93542, 62.48819, -88.15051],
							"lerp_mode": "catmullrom"
						},
						"2.625": {
							"post": [-4.94, 62.49, -88.15],
							"lerp_mode": "catmullrom"
						},
						"3.0": {
							"post": [-4.94, 62.49, -88.15],
							"lerp_mode": "catmullrom"
						},
						"3.25": {
							"post": [-4.94, 62.49, -88.15],
							"lerp_mode": "catmullrom"
						},
						"3.6667": {
							"post": [-4.93542, 62.48819, -88.15051],
							"lerp_mode": "catmullrom"
						},
						"3.9167": {
							"post": [-4.93542, 62.48819, -88.15051],
							"lerp_mode": "catmullrom"
						},
						"4.5": [60.51328, 20.78885, -3.93724]
					},
					"position": {
						"0.0": [11, -16.4285, 2.02444],
						"1.25": {
							"pre": [11, -16.4285, 2.02444],
							"post": [11, -16.4285, 2.02444],
							"lerp_mode": "catmullrom"
						},
						"1.5": {
							"post": [11, -16.4285, 2.02444],
							"lerp_mode": "catmullrom"
						},
						"2.0": {
							"post": [5.6875, -7.33625, -7.51125],
							"lerp_mode": "catmullrom"
						},
						"2.25": {
							"post": [5.6875, -6.89875, -7.48],
							"lerp_mode": "catmullrom"
						},
						"2.625": {
							"post": [5.6875, -6.89875, -7.48],
							"lerp_mode": "catmullrom"
						},
						"3.0": {
							"post": [5.6875, -6.89875, -7.48],
							"lerp_mode": "catmullrom"
						},
						"3.25": {
							"post": [5.6875, -6.89875, -7.48],
							"lerp_mode": "catmullrom"
						},
						"3.6667": {
							"post": [5.6875, -6.89875, -7.48],
							"lerp_mode": "catmullrom"
						},
						"3.9167": {
							"post": [5.6875, -6.89875, -7.48],
							"lerp_mode": "catmullrom"
						},
						"4.5": [11, -16.4285, 2.02444]
					}
				},
				"righthand": {
					"rotation": [60, 0, 0],
					"position": [-6.65625, -9.08019, -3.83516]
				},
				"root": {
					"rotation": {
						"0.0": [0, 0, 0],
						"0.25": {
							"pre": [-27.04715, -10.60288, 30.21342],
							"post": [-27.04715, -10.60288, 30.21342],
							"lerp_mode": "catmullrom"
						},
						"0.5": {
							"post": [-42.94116, -15.2797, 69.13846],
							"lerp_mode": "catmullrom"
						},
						"0.75": {
							"post": [-42.94116, -15.2797, 69.13846],
							"lerp_mode": "catmullrom"
						},
						"1.0": {
							"post": [-42.94116, -15.2797, 69.13846],
							"lerp_mode": "catmullrom"
						},
						"1.25": {
							"post": [-66.94, -15.28, 69.14],
							"lerp_mode": "catmullrom"
						},
						"1.5": {
							"post": [-66.94, -15.28, 69.14],
							"lerp_mode": "catmullrom"
						},
						"1.75": {
							"post": [-64.61358, -10.75429, 62.31464],
							"lerp_mode": "catmullrom"
						},
						"2.0": {
							"post": [-64.61, -10.75, 58.85],
							"lerp_mode": "catmullrom"
						},
						"2.25": {
							"post": [-64.61, -10.75, 58.85],
							"lerp_mode": "catmullrom"
						},
						"2.625": {
							"post": [-58.61, -10.75, 58.85],
							"lerp_mode": "catmullrom"
						},
						"3.0": {
							"post": [-58.61, -10.75, 58.85],
							"lerp_mode": "catmullrom"
						},
						"3.25": {
							"post": [-58.61, -10.75, 58.85],
							"lerp_mode": "catmullrom"
						},
						"3.6667": {
							"post": [-64.61, -10.75, 58.85],
							"lerp_mode": "catmullrom"
						},
						"3.9167": {
							"post": [-64.61, -10.75, 58.85],
							"lerp_mode": "catmullrom"
						},
						"4.5": [0, 0, 0]
					},
					"position": {
						"0.0": [0, 0, 0],
						"0.25": {
							"pre": [1.4375, 0, 0],
							"post": [1.4375, 0, 0],
							"lerp_mode": "catmullrom"
						},
						"0.5": {
							"post": [-0.40375, -0.78125, 0],
							"lerp_mode": "catmullrom"
						},
						"0.75": {
							"post": [-0.81, -0.78125, 0],
							"lerp_mode": "catmullrom"
						},
						"1.0": {
							"post": [-0.40375, -0.78125, 0],
							"lerp_mode": "catmullrom"
						},
						"1.25": {
							"post": [0.0375, -0.78, 1.5625],
							"lerp_mode": "catmullrom"
						},
						"1.5": {
							"post": [0.0375, -0.78, 1.8125],
							"lerp_mode": "catmullrom"
						},
						"1.75": {
							"post": [0.04, -0.78, 1.81],
							"lerp_mode": "catmullrom"
						},
						"2.0": {
							"post": [0.04, -0.78, 1.81],
							"lerp_mode": "catmullrom"
						},
						"2.25": {
							"post": [0.04, -0.78, 1.81],
							"lerp_mode": "catmullrom"
						},
						"2.625": {
							"post": [0.50875, -0.28, 1.81],
							"lerp_mode": "catmullrom"
						},
						"3.0": {
							"post": [0.7275, -0.28, 1.81],
							"lerp_mode": "catmullrom"
						},
						"3.25": {
							"post": [0.50875, -0.28, 1.81],
							"lerp_mode": "catmullrom"
						},
						"3.6667": {
							"post": [0.04, -0.78, 1.81],
							"lerp_mode": "catmullrom"
						},
						"3.9167": {
							"post": [0.04, -0.78, 1.56],
							"lerp_mode": "catmullrom"
						},
						"4.5": [0, 0, 0]
					}
				},
				"mag_and_lefthand": {
					"rotation": {
						"0.0": [0, 0, 0],
						"2.25": [0, 0, 0],
						"2.5": {
							"pre": [0, 0, 0],
							"post": [0, 0, 0],
							"lerp_mode": "catmullrom"
						},
						"2.625": {
							"post": [11, 22, 0],
							"lerp_mode": "catmullrom"
						},
						"3.0": {
							"post": [13.25, 16.4375, 0],
							"lerp_mode": "catmullrom"
						},
						"3.25": {
							"post": [11, 22, 0],
							"lerp_mode": "catmullrom"
						},
						"3.5": {
							"post": [6.24527, 10.58195, -0.22287],
							"lerp_mode": "catmullrom"
						},
						"3.5833": {
							"post": [1.82546, 4.57735, -0.12536],
							"lerp_mode": "catmullrom"
						},
						"3.6667": {
							"post": [0, 0, 0],
							"lerp_mode": "catmullrom"
						},
						"3.9167": {
							"post": [0, 0, 0],
							"lerp_mode": "catmullrom"
						},
						"4.5": [0, 0, 0]
					},
					"position": {
						"0.0": [0, 0, 0],
						"2.25": [0, 0, 0],
						"2.5": {
							"pre": [0, 0, -3.0625],
							"post": [0, 0, -3.0625],
							"lerp_mode": "catmullrom"
						},
						"2.625": {
							"post": [0.78125, 0, -3.81],
							"lerp_mode": "catmullrom"
						},
						"3.0": {
							"post": [1.6875, 0, -4.81],
							"lerp_mode": "catmullrom"
						},
						"3.25": {
							"post": [0.28125, 0, -4.84125],
							"lerp_mode": "catmullrom"
						},
						"3.5": {
							"post": [-1.01875, 0.59375, -3.6175],
							"lerp_mode": "catmullrom"
						},
						"3.5833": {
							"post": [-0.30875, 0.67375, -1.73],
							"lerp_mode": "catmullrom"
						},
						"3.6667": {
							"post": [0, 0, 0],
							"lerp_mode": "catmullrom"
						},
						"3.9167": {
							"post": [0, 0, 0],
							"lerp_mode": "catmullrom"
						},
						"4.5": [0, 0, 0]
					}
				}
			},
			"sound_effects": {
				"2.25": {
					"effect": "kuda_inspect"
				}
			}
		},
		"inspect_empty": {
			"animation_length": 4.5,
			"bones": {
				"magazine": {
					"rotation": [0, 0, 0],
					"position": [0, 0.71179, -1.5987]
				},
				"lefthand": {
					"rotation": {
						"0.0": [60.51328, 20.78885, -3.93724],
						"1.25": {
							"pre": [60.51328, 20.78885, -3.93724],
							"post": [60.51328, 20.78885, -3.93724],
							"lerp_mode": "catmullrom"
						},
						"1.5": {
							"post": [60.51328, 20.78885, -3.93724],
							"lerp_mode": "catmullrom"
						},
						"2.0": {
							"post": [-4.93542, 62.48819, -88.15051],
							"lerp_mode": "catmullrom"
						},
						"2.25": {
							"post": [-4.93542, 62.48819, -88.15051],
							"lerp_mode": "catmullrom"
						},
						"2.625": {
							"post": [-4.94, 62.49, -88.15],
							"lerp_mode": "catmullrom"
						},
						"3.0": {
							"post": [-4.94, 62.49, -88.15],
							"lerp_mode": "catmullrom"
						},
						"3.25": {
							"post": [-4.94, 62.49, -88.15],
							"lerp_mode": "catmullrom"
						},
						"3.6667": {
							"post": [-4.93542, 62.48819, -88.15051],
							"lerp_mode": "catmullrom"
						},
						"3.9167": {
							"post": [-4.93542, 62.48819, -88.15051],
							"lerp_mode": "catmullrom"
						},
						"4.5": [60.51328, 20.78885, -3.93724]
					},
					"position": {
						"0.0": [11, -16.4285, 2.02444],
						"1.25": {
							"pre": [11, -16.4285, 2.02444],
							"post": [11, -16.4285, 2.02444],
							"lerp_mode": "catmullrom"
						},
						"1.5": {
							"post": [11, -16.4285, 2.02444],
							"lerp_mode": "catmullrom"
						},
						"2.0": {
							"post": [5.6875, -5.2425, -7.76125],
							"lerp_mode": "catmullrom"
						},
						"2.25": {
							"post": [5.6875, -5.2425, -7.76125],
							"lerp_mode": "catmullrom"
						},
						"2.625": {
							"post": [5.69, -5.24, -7.76],
							"lerp_mode": "catmullrom"
						},
						"3.0": {
							"post": [5.69, -5.24, -7.76],
							"lerp_mode": "catmullrom"
						},
						"3.25": {
							"post": [5.69, -5.24, -7.76],
							"lerp_mode": "catmullrom"
						},
						"3.6667": {
							"post": [5.6875, -5.2425, -7.76125],
							"lerp_mode": "catmullrom"
						},
						"3.9167": {
							"post": [5.6875, -5.2425, -7.76125],
							"lerp_mode": "catmullrom"
						},
						"4.5": [11, -16.4285, 2.02444]
					}
				},
				"righthand": {
					"rotation": [60, 0, 0],
					"position": [-6.65625, -9.08019, -3.83516]
				},
				"root": {
					"rotation": {
						"0.0": [0, 0, 0],
						"0.25": {
							"pre": [-27.04715, -10.60288, 30.21342],
							"post": [-27.04715, -10.60288, 30.21342],
							"lerp_mode": "catmullrom"
						},
						"0.5": {
							"post": [-42.94116, -15.2797, 69.13846],
							"lerp_mode": "catmullrom"
						},
						"0.75": {
							"post": [-42.94116, -15.2797, 69.13846],
							"lerp_mode": "catmullrom"
						},
						"1.0": {
							"post": [-42.94116, -15.2797, 69.13846],
							"lerp_mode": "catmullrom"
						},
						"1.25": {
							"post": [-66.94, -15.28, 69.14],
							"lerp_mode": "catmullrom"
						},
						"1.5": {
							"post": [-66.94, -15.28, 69.14],
							"lerp_mode": "catmullrom"
						},
						"1.75": {
							"post": [-64.61358, -10.75429, 58.84589],
							"lerp_mode": "catmullrom"
						},
						"2.0": {
							"post": [-64.61, -10.75, 58.85],
							"lerp_mode": "catmullrom"
						},
						"2.25": {
							"post": [-64.61, -10.75, 58.85],
							"lerp_mode": "catmullrom"
						},
						"2.625": {
							"post": [-58.61, -10.75, 58.85],
							"lerp_mode": "catmullrom"
						},
						"3.0": {
							"post": [-58.61, -10.75, 58.85],
							"lerp_mode": "catmullrom"
						},
						"3.25": {
							"post": [-58.61, -10.75, 58.85],
							"lerp_mode": "catmullrom"
						},
						"3.6667": {
							"post": [-64.61, -10.75, 58.85],
							"lerp_mode": "catmullrom"
						},
						"3.9167": {
							"post": [-64.61, -10.75, 58.85],
							"lerp_mode": "catmullrom"
						},
						"4.5": [0, 0, 0]
					},
					"position": {
						"0.0": [0, 0, 0],
						"0.25": {
							"pre": [1.4375, 0, 0],
							"post": [1.4375, 0, 0],
							"lerp_mode": "catmullrom"
						},
						"0.5": {
							"post": [-0.40375, -0.78125, 0],
							"lerp_mode": "catmullrom"
						},
						"0.75": {
							"post": [-0.40375, -0.78125, 0],
							"lerp_mode": "catmullrom"
						},
						"1.0": {
							"post": [-0.40375, -0.78125, 0],
							"lerp_mode": "catmullrom"
						},
						"1.25": {
							"post": [0.0375, -0.78, 1.5625],
							"lerp_mode": "catmullrom"
						},
						"1.5": {
							"post": [0.0375, -0.78, 1.5625],
							"lerp_mode": "catmullrom"
						},
						"1.75": {
							"post": [0.04, -0.78, 1.56],
							"lerp_mode": "catmullrom"
						},
						"2.0": {
							"post": [0.04, -0.78, 1.56],
							"lerp_mode": "catmullrom"
						},
						"2.25": {
							"post": [0.04, -0.78, 1.56],
							"lerp_mode": "catmullrom"
						},
						"2.625": {
							"post": [0.50875, -0.28, 1.56],
							"lerp_mode": "catmullrom"
						},
						"3.0": {
							"post": [0.50875, -0.28, 1.56],
							"lerp_mode": "catmullrom"
						},
						"3.25": {
							"post": [0.50875, -0.28, 1.56],
							"lerp_mode": "catmullrom"
						},
						"3.6667": {
							"post": [0.04, -0.78, 1.56],
							"lerp_mode": "catmullrom"
						},
						"3.9167": {
							"post": [0.04, -0.78, 1.56],
							"lerp_mode": "catmullrom"
						},
						"4.5": [0, 0, 0]
					}
				},
				"mag_and_lefthand": {
					"rotation": {
						"0.0": [0, 0, 0],
						"2.25": [0, 0, 0],
						"2.5": {
							"pre": [0, 0, 0],
							"post": [0, 0, 0],
							"lerp_mode": "catmullrom"
						},
						"2.625": {
							"post": [11, 22, 0],
							"lerp_mode": "catmullrom"
						},
						"3.0": {
							"post": [13.25, 16.4375, 0],
							"lerp_mode": "catmullrom"
						},
						"3.25": {
							"post": [11, 22, 0],
							"lerp_mode": "catmullrom"
						},
						"3.5": {
							"post": [6.29, 12.57, 0],
							"lerp_mode": "catmullrom"
						},
						"3.6667": {
							"post": [0, 0, 0],
							"lerp_mode": "catmullrom"
						},
						"3.9167": {
							"post": [0, 0, 0],
							"lerp_mode": "catmullrom"
						},
						"4.5": [0, 0, 0]
					},
					"position": {
						"0.0": [0, 0, 0],
						"2.25": [0, 0, 0],
						"2.5": {
							"pre": [0, 0, -3.0625],
							"post": [0, 0, -3.0625],
							"lerp_mode": "catmullrom"
						},
						"2.625": {
							"post": [0.78125, 0, -3.81],
							"lerp_mode": "catmullrom"
						},
						"3.0": {
							"post": [1.09375, 0, -4.1225],
							"lerp_mode": "catmullrom"
						},
						"3.25": {
							"post": [0.78125, 0, -3.81],
							"lerp_mode": "catmullrom"
						},
						"3.5": {
							"post": [-0.83125, 0, -2.18],
							"lerp_mode": "catmullrom"
						},
						"3.6667": {
							"post": [0, 0, 0],
							"lerp_mode": "catmullrom"
						},
						"3.9167": {
							"post": [0, 0, 0],
							"lerp_mode": "catmullrom"
						},
						"4.5": [0, 0, 0]
					}
				}
			},
			"sound_effects": {
				"2.25": {
					"effect": "kuda_inspectempty"
				}
			}
		},
		"shoot": {
			"animation_length": 0.25,
			"bones": {
				"root": {
					"rotation": {
						"0.0": [0, 0, 0],
						"0.0417": {
							"pre": [-5.99637, 0.20901, 1.98905],
							"post": [-5.99637, 0.20901, 1.98905],
							"lerp_mode": "catmullrom"
						},
						"0.0833": {
							"post": [-9.47363, 0.60859, 4.96292],
							"lerp_mode": "catmullrom"
						},
						"0.125": {
							"post": [-9.23, 0.46, 4.72],
							"lerp_mode": "catmullrom"
						},
						"0.25": [0, 0, 0]
					},
					"position": {
						"0.0": [0, 0, 0],
						"0.0417": {
							"pre": [0, 0, 0.71875],
							"post": [0, 0, 0.71875],
							"lerp_mode": "catmullrom"
						},
						"0.0833": {
							"post": [0, 0, 1.31375],
							"lerp_mode": "catmullrom"
						},
						"0.125": {
							"post": [0, 0, 1.33375],
							"lerp_mode": "catmullrom"
						},
						"0.25": [0, 0, 0]
					}
				},
				"magazine": {
					"rotation": {
						"0.0": [0, 0, 0],
						"0.0833": [0, 0, 0],
						"0.1667": [0, 0, 0],
						"0.25": [0, 0, 0]
					},
					"position": {
						"0.0": [0, 0, 0],
						"0.0833": [0, 0.71179, -1.5987],
						"0.1667": [0, 0.71179, -1.5987],
						"0.25": [0, 0, 0]
					}
				}
			},
			"sound_effects": {
				"0.0833": {
					"effect": "kuda_shoot"
				}
			}
		}
	}
}