{
	"format_version": "1.12.0",
	"minecraft:geometry": [
		{
			"description": {
				"identifier": "geometry.unknown",
				"texture_width": 64,
				"texture_height": 64,
				"visible_bounds_width": 5,
				"visible_bounds_height": 5,
				"visible_bounds_offset": [0, 1.5, 0]
			},
			"bones": [
				{
					"name": "Root",
					"pivot": [0, 0, 0]
				},
				{
					"name": "FOX",
					"parent": "Root",
					"pivot": [0, -10, 2]
				},
				{
					"name": "AllBody2",
					"parent": "FOX",
					"pivot": [0, -2, 2]
				},
				{
					"name": "UpBody2",
					"parent": "AllBody2",
					"pivot": [0, -2, 2]
				},
				{
					"name": "UpperBody2",
					"parent": "UpBody2",
					"pivot": [0, -2, 2]
				},
				{
					"name": "AllHead2",
					"parent": "UpperBody2",
					"pivot": [0, -1.5, -3]
				},
				{
					"name": "Head2",
					"parent": "AllHead2",
					"pivot": [0, -2, -3],
					"cubes": [
						{
							"origin": [-4, -5.5, -9],
							"size": [8, 6, 6],
							"uv": {
								"north": {"uv": [0, 12], "uv_size": [8, 6]},
								"east": {"uv": [9, 22], "uv_size": [6, 6]},
								"south": {"uv": [17, 0], "uv_size": [8, 6]},
								"west": {"uv": [0, 23], "uv_size": [6, 6]},
								"up": {"uv": [17, 6], "uv_size": [8, 6]},
								"down": {"uv": [17, 18], "uv_size": [8, -6]}
							}
						}
					]
				},
				{
					"name": "Ear2",
					"parent": "Head2",
					"pivot": [0, 1.5, -7.5]
				},
				{
					"name": "RightEar",
					"parent": "Ear2",
					"pivot": [-3, 1.5, -7.5],
					"cubes": [
						{
							"origin": [-4, 0.5, -8],
							"size": [2, 2, 1],
							"uv": {
								"north": {"uv": [9, 18], "uv_size": [2, 2]},
								"east": {"uv": [10, 12], "uv_size": [1, 2]},
								"south": {"uv": [9, 20], "uv_size": [2, 2]},
								"west": {"uv": [10, 14], "uv_size": [1, 2]},
								"up": {"uv": [15, 22], "uv_size": [2, 1]},
								"down": {"uv": [6, 28], "uv_size": [2, -1]}
							}
						}
					]
				},
				{
					"name": "LeftEar",
					"parent": "Ear2",
					"pivot": [3, 1.5, -7.5],
					"cubes": [
						{
							"origin": [2, 0.5, -8],
							"size": [2, 2, 1],
							"uv": {
								"north": {"uv": [6, 31], "uv_size": [2, 2]},
								"east": {"uv": [10, 16], "uv_size": [1, 2]},
								"south": {"uv": [31, 6], "uv_size": [2, 2]},
								"west": {"uv": [26, 29], "uv_size": [1, 2]},
								"up": {"uv": [30, 22], "uv_size": [2, 1]},
								"down": {"uv": [31, 24], "uv_size": [2, -1]}
							}
						}
					]
				},
				{
					"name": "zui",
					"parent": "Head2",
					"pivot": [0, -3.5, -9],
					"cubes": [
						{
							"origin": [-2, -5.5, -12],
							"size": [4, 2, 3],
							"uv": {
								"north": {"uv": [30, 18], "uv_size": [4, 2]},
								"east": {"uv": [6, 23], "uv_size": [3, 2]},
								"south": {"uv": [30, 20], "uv_size": [4, 2]},
								"west": {"uv": [6, 25], "uv_size": [3, 2]},
								"up": {"uv": [6, 28], "uv_size": [4, 3]},
								"down": {"uv": [10, 31], "uv_size": [4, -3]}
							}
						}
					]
				},
				{
					"name": "LeftHand2",
					"parent": "zui",
					"pivot": [1, -3.5, -11],
					"rotation": [-90, 0, 90]
				},
				{
					"name": "LeftHandLocator2",
					"parent": "LeftHand2",
					"pivot": [1, -3.5, -11]
				},
				{
					"name": "RightHand2",
					"parent": "zui",
					"pivot": [-1, -3.5, -11],
					"rotation": [90, 0, 90]
				},
				{
					"name": "RightHandLocator2",
					"parent": "RightHand2",
					"pivot": [-1, -3.5, -11]
				},
				{
					"name": "Arm2",
					"parent": "UpperBody2",
					"pivot": [0, -4, -1]
				},
				{
					"name": "RightArm2",
					"parent": "Arm2",
					"pivot": [-2, -4, -1],
					"cubes": [
						{
							"origin": [-2.99, -11, -2],
							"size": [2, 6, 2],
							"uv": {
								"north": {"uv": [8, 12], "uv_size": [2, 6]},
								"east": {"uv": [27, 28], "uv_size": [2, 6]},
								"south": {"uv": [0, 29], "uv_size": [2, 6]},
								"west": {"uv": [29, 0], "uv_size": [2, 6]},
								"up": {"uv": [8, 31], "uv_size": [2, 2]},
								"down": {"uv": [31, 10], "uv_size": [2, -2]}
							}
						}
					]
				},
				{
					"name": "LeftArm2",
					"parent": "Arm2",
					"pivot": [2, -4, -1],
					"cubes": [
						{
							"origin": [0.99, -11, -2],
							"size": [2, 6, 2],
							"uv": {
								"north": {"uv": [2, 29], "uv_size": [2, 6]},
								"east": {"uv": [4, 29], "uv_size": [2, 6]},
								"south": {"uv": [29, 6], "uv_size": [2, 6]},
								"west": {"uv": [29, 12], "uv_size": [2, 6]},
								"up": {"uv": [10, 31], "uv_size": [2, 2]},
								"down": {"uv": [31, 12], "uv_size": [2, -2]}
							}
						}
					]
				},
				{
					"name": "Body",
					"parent": "UpperBody2",
					"pivot": [0, -2, 2.5],
					"cubes": [
						{
							"origin": [-3, -6, -3],
							"size": [6, 6, 11],
							"uv": {
								"north": {"uv": [15, 23], "uv_size": [6, 6]},
								"east": {"uv": [0, 0], "uv_size": [11, 6]},
								"south": {"uv": [21, 23], "uv_size": [6, 6]},
								"west": {"uv": [0, 6], "uv_size": [11, 6]},
								"up": {"uv": [11, 0], "uv_size": [6, 11]},
								"down": {"uv": [11, 22], "uv_size": [6, -11]}
							}
						}
					]
				},
				{
					"name": "DownBody2",
					"parent": "AllBody2",
					"pivot": [0, -2, 8]
				},
				{
					"name": "wb",
					"parent": "DownBody2",
					"pivot": [0, -2, 6],
					"cubes": [
						{
							"origin": [-2, -5.25, 6],
							"size": [4, 5, 9],
							"uv": {
								"north": {"uv": [26, 18], "uv_size": [4, 5]},
								"east": {"uv": [0, 18], "uv_size": [9, 5]},
								"south": {"uv": [27, 23], "uv_size": [4, 5]},
								"west": {"uv": [17, 18], "uv_size": [9, 5]},
								"up": {"uv": [25, 0], "uv_size": [4, 9]},
								"down": {"uv": [25, 18], "uv_size": [4, -9]}
							}
						}
					]
				},
				{
					"name": "Leg",
					"parent": "DownBody2",
					"pivot": [0, -4, 6]
				},
				{
					"name": "LeftLeg2",
					"parent": "Leg",
					"pivot": [2, -4, 6],
					"cubes": [
						{
							"origin": [0.99, -11, 5],
							"size": [2, 6, 2],
							"uv": {
								"north": {"uv": [14, 29], "uv_size": [2, 6]},
								"east": {"uv": [16, 29], "uv_size": [2, 6]},
								"south": {"uv": [18, 29], "uv_size": [2, 6]},
								"west": {"uv": [20, 29], "uv_size": [2, 6]},
								"up": {"uv": [12, 31], "uv_size": [2, 2]},
								"down": {"uv": [31, 14], "uv_size": [2, -2]}
							}
						}
					]
				},
				{
					"name": "RightLeg2",
					"parent": "Leg",
					"pivot": [-2, -4, 6],
					"cubes": [
						{
							"origin": [-2.99, -11, 5],
							"size": [2, 6, 2],
							"uv": {
								"north": {"uv": [22, 29], "uv_size": [2, 6]},
								"east": {"uv": [24, 29], "uv_size": [2, 6]},
								"south": {"uv": [29, 28], "uv_size": [2, 6]},
								"west": {"uv": [31, 0], "uv_size": [2, 6]},
								"up": {"uv": [31, 14], "uv_size": [2, 2]},
								"down": {"uv": [31, 18], "uv_size": [2, -2]}
							}
						}
					]
				}
			]
		}
	]
}