{
	"format_version": "1.12.0",
	"minecraft:geometry": [
		{
			"description": {
				"identifier": "geometry.unknown",
				"texture_width": 64,
				"texture_height": 64,
				"visible_bounds_width": 6,
				"visible_bounds_height": 5,
				"visible_bounds_offset": [0, 1.5, 0]
			},
			"bones": [
				{
					"name": "position",
					"pivot": [0, 23, 11]
				},
				{
					"name": "fixed",
					"parent": "position",
					"pivot": [4, 3, -7],
					"rotation": [0, 92.5, 0]
				},
				{
					"name": "idle_view",
					"parent": "position",
					"pivot": [1, 8, 9]
				},
				{
					"name": "iron_view",
					"parent": "position",
					"pivot": [1, 7, 9]
				},
				{
					"name": "ground",
					"parent": "position",
					"pivot": [0, 1, -3]
				},
				{
					"name": "refit_view",
					"parent": "position",
					"pivot": [19, 3, -6],
					"rotation": [0, 90, 0]
				},
				{
					"name": "Root",
					"pivot": [0, 0, 0]
				},
				{
					"name": "fox_and_rigthhands",
					"parent": "Root",
					"pivot": [0, 0, 0]
				},
				{
					"name": "lefthand_pos",
					"parent": "fox_and_rigthhands",
					"pivot": [0.1995, -1.40283, 5.91553],
					"rotation": [109.98637, 0.64686, 177.58508],
					"cubes": [
						{
							"origin": [-1.80048, -7.40283, 3.91553],
							"size": [3, 12, 4],
							"uv": {
								"north": {"uv": [0, 24], "uv_size": [3, 12]},
								"east": {"uv": [0, 12], "uv_size": [4, 12]},
								"south": {"uv": [3, 24], "uv_size": [3, 12]},
								"west": {"uv": [4, 12], "uv_size": [4, 12]},
								"up": {"uv": [8, 12], "uv_size": [3, 4]},
								"down": {"uv": [8, 20], "uv_size": [3, -4]}
							}
						}
					]
				},
				{
					"name": "FOX",
					"parent": "fox_and_rigthhands",
					"pivot": [1, 1, -5],
					"rotation": [-2.5, 0, 0]
				},
				{
					"name": "AllBody2",
					"parent": "FOX",
					"pivot": [1, -11, -4]
				},
				{
					"name": "UpBody2",
					"parent": "AllBody2",
					"pivot": [1, -11, -4]
				},
				{
					"name": "UpperBody2",
					"parent": "UpBody2",
					"pivot": [1, -11, -4]
				},
				{
					"name": "AllHead2",
					"parent": "UpperBody2",
					"pivot": [1, 1, -9]
				},
				{
					"name": "Head2",
					"parent": "AllHead2",
					"pivot": [1, -11, -9],
					"cubes": [
						{
							"origin": [-3, -0.5, -15],
							"size": [8, 6, 6],
							"uv": {
								"north": {"uv": [17, 0], "uv_size": [8, 6]},
								"east": {"uv": [25, 5], "uv_size": [6, 6]},
								"south": {"uv": [17, 6], "uv_size": [8, 6]},
								"west": {"uv": [25, 11], "uv_size": [6, 6]},
								"up": {"uv": [17, 12], "uv_size": [8, 6]},
								"down": {"uv": [17, 24], "uv_size": [8, -6]}
							}
						}
					]
				},
				{
					"name": "Ear2",
					"parent": "Head2",
					"pivot": [1, -7.5, -13.5]
				},
				{
					"name": "RightEar",
					"parent": "Ear2",
					"pivot": [-2, -7.5, -13.5],
					"cubes": [
						{
							"origin": [-3, 5.5, -14],
							"size": [2, 2, 1],
							"uv": {
								"north": {"uv": [6, 39], "uv_size": [2, 2]},
								"east": {"uv": [16, 22], "uv_size": [1, 2]},
								"south": {"uv": [22, 39], "uv_size": [2, 2]},
								"west": {"uv": [34, 0], "uv_size": [1, 2]},
								"up": {"uv": [31, 28], "uv_size": [2, 1]},
								"down": {"uv": [6, 42], "uv_size": [2, -1]}
							}
						}
					]
				},
				{
					"name": "LeftEar",
					"parent": "Ear2",
					"pivot": [4, -7.5, -13.5],
					"cubes": [
						{
							"origin": [3, 5.5, -14],
							"size": [2, 2, 1],
							"uv": {
								"north": {"uv": [0, 40], "uv_size": [2, 2]},
								"east": {"uv": [34, 2], "uv_size": [1, 2]},
								"south": {"uv": [2, 40], "uv_size": [2, 2]},
								"west": {"uv": [26, 41], "uv_size": [1, 2]},
								"up": {"uv": [27, 41], "uv_size": [2, 1]},
								"down": {"uv": [29, 42], "uv_size": [2, -1]}
							}
						}
					]
				},
				{
					"name": "zui",
					"parent": "Head2",
					"pivot": [1, -12.5, -15],
					"cubes": [
						{
							"origin": [-1, -0.5, -18],
							"size": [4, 2, 3],
							"uv": {
								"north": {"uv": [0, 36], "uv_size": [4, 2]},
								"east": {"uv": [8, 20], "uv_size": [3, 2]},
								"south": {"uv": [4, 36], "uv_size": [4, 2]},
								"west": {"uv": [36, 38], "uv_size": [3, 2]},
								"up": {"uv": [31, 10], "uv_size": [4, 3]},
								"down": {"uv": [31, 16], "uv_size": [4, -3]}
							}
						}
					]
				},
				{
					"name": "LeftHand2",
					"parent": "zui",
					"pivot": [2, -12.5, -17],
					"rotation": [-90, 0, 90]
				},
				{
					"name": "LeftHandLocator2",
					"parent": "LeftHand2",
					"pivot": [2, -12.5, -17]
				},
				{
					"name": "RightHand2",
					"parent": "zui",
					"pivot": [0, -12.5, -17],
					"rotation": [90, 0, 90]
				},
				{
					"name": "RightHandLocator2",
					"parent": "RightHand2",
					"pivot": [0, -12.5, -17]
				},
				{
					"name": "Arm2",
					"parent": "UpperBody2",
					"pivot": [1, -13, -7]
				},
				{
					"name": "RightArm2",
					"parent": "Arm2",
					"pivot": [-1, -1, -7],
					"cubes": [
						{
							"origin": [-1.99, -6, -8],
							"size": [2, 6, 2],
							"uv": {
								"north": {"uv": [6, 24], "uv_size": [2, 6]},
								"east": {"uv": [6, 30], "uv_size": [2, 6]},
								"south": {"uv": [31, 16], "uv_size": [2, 6]},
								"west": {"uv": [31, 22], "uv_size": [2, 6]},
								"up": {"uv": [4, 40], "uv_size": [2, 2]},
								"down": {"uv": [8, 42], "uv_size": [2, -2]}
							}
						}
					]
				},
				{
					"name": "LeftArm2",
					"parent": "Arm2",
					"pivot": [3, -1, -7],
					"cubes": [
						{
							"origin": [1.99, -6, -8],
							"size": [2, 6, 2],
							"uv": {
								"north": {"uv": [33, 16], "uv_size": [2, 6]},
								"east": {"uv": [33, 22], "uv_size": [2, 6]},
								"south": {"uv": [8, 34], "uv_size": [2, 6]},
								"west": {"uv": [10, 34], "uv_size": [2, 6]},
								"up": {"uv": [10, 40], "uv_size": [2, 2]},
								"down": {"uv": [12, 42], "uv_size": [2, -2]}
							}
						}
					]
				},
				{
					"name": "Body",
					"parent": "UpperBody2",
					"pivot": [1, -11, -3.5],
					"cubes": [
						{
							"origin": [-2, -1, -9],
							"size": [6, 6, 11],
							"uv": {
								"north": {"uv": [25, 17], "uv_size": [6, 6]},
								"east": {"uv": [0, 0], "uv_size": [11, 6]},
								"south": {"uv": [25, 23], "uv_size": [6, 6]},
								"west": {"uv": [0, 6], "uv_size": [11, 6]},
								"up": {"uv": [11, 0], "uv_size": [6, 11]},
								"down": {"uv": [11, 22], "uv_size": [6, -11]}
							}
						}
					]
				},
				{
					"name": "DownBody2",
					"parent": "Body",
					"pivot": [1, -11, 2]
				},
				{
					"name": "wb",
					"parent": "DownBody2",
					"pivot": [1, 1, 2],
					"rotation": [-85, 0, 0],
					"cubes": [
						{
							"origin": [-1, -3.0757, -0.9924],
							"size": [4, 5, 9],
							"pivot": [1, 0.04129, -0.04186],
							"rotation": [12.5, 0, 0],
							"uv": {
								"north": {"uv": [30, 29], "uv_size": [4, 5]},
								"east": {"uv": [16, 24], "uv_size": [9, 5]},
								"south": {"uv": [31, 5], "uv_size": [4, 5]},
								"west": {"uv": [25, 0], "uv_size": [9, 5]},
								"up": {"uv": [16, 29], "uv_size": [4, 9]},
								"down": {"uv": [20, 38], "uv_size": [4, -9]}
							}
						}
					]
				},
				{
					"name": "Leg",
					"parent": "DownBody2",
					"pivot": [1, -2, -2]
				},
				{
					"name": "LeftLeg2",
					"parent": "Leg",
					"pivot": [3, -1, 0],
					"cubes": [
						{
							"origin": [1.99, -6, -1],
							"size": [2, 6, 2],
							"uv": {
								"north": {"uv": [12, 34], "uv_size": [2, 6]},
								"east": {"uv": [14, 34], "uv_size": [2, 6]},
								"south": {"uv": [34, 28], "uv_size": [2, 6]},
								"west": {"uv": [30, 34], "uv_size": [2, 6]},
								"up": {"uv": [14, 40], "uv_size": [2, 2]},
								"down": {"uv": [16, 42], "uv_size": [2, -2]}
							}
						}
					]
				},
				{
					"name": "RightLeg2",
					"parent": "Leg",
					"pivot": [-1, -1, 0],
					"cubes": [
						{
							"origin": [-1.99, -6, -1],
							"size": [2, 6, 2],
							"uv": {
								"north": {"uv": [32, 34], "uv_size": [2, 6]},
								"east": {"uv": [34, 34], "uv_size": [2, 6]},
								"south": {"uv": [35, 0], "uv_size": [2, 6]},
								"west": {"uv": [35, 6], "uv_size": [2, 6]},
								"up": {"uv": [18, 40], "uv_size": [2, 2]},
								"down": {"uv": [20, 42], "uv_size": [2, -2]}
							}
						}
					]
				},
				{
					"name": "righthand_pos",
					"parent": "fox_and_rigthhands",
					"pivot": [2.19952, -1.40283, 6.91553],
					"rotation": [109.98072, -0.95645, -177.69009],
					"cubes": [
						{
							"origin": [0.69952, -7.40283, 4.91553],
							"size": [3, 12, 4],
							"uv": {
								"north": {"uv": [24, 29], "uv_size": [3, 12]},
								"east": {"uv": [8, 22], "uv_size": [4, 12]},
								"south": {"uv": [27, 29], "uv_size": [3, 12]},
								"west": {"uv": [12, 22], "uv_size": [4, 12]},
								"up": {"uv": [35, 12], "uv_size": [3, 4]},
								"down": {"uv": [35, 20], "uv_size": [3, -4]}
							}
						}
					]
				},
				{
					"name": "camera",
					"pivot": [1, 7, 9]
				}
			]
		}
	]
}