{
	"format_version": "1.12.0",
	"minecraft:geometry": [
		{
			"description": {
				"identifier": "geometry.unknown",
				"texture_width": 32,
				"texture_height": 32,
				"visible_bounds_width": 5,
				"visible_bounds_height": 5,
				"visible_bounds_offset": [0, 1.5, 0]
			},
			"bones": [
				{
					"name": "katana",
					"pivot": [-0.59392, -0.24602, 0.5023],
					"rotation": [-88.78302, -1.45958, -92.94738],
					"cubes": [
						{
							"origin": [-1.1408, 1.67132, 0.35721],
							"size": [0.07896, 0.07896, 0.31584],
							"uv": {
								"north": {"uv": [10, 0], "uv_size": [1, 1]},
								"east": {"uv": [10, 1], "uv_size": [1, 1]},
								"south": {"uv": [10, 2], "uv_size": [1, 1]},
								"west": {"uv": [10, 3], "uv_size": [1, 1]},
								"up": {"uv": [4, 10], "uv_size": [1, 1]},
								"down": {"uv": [10, 5], "uv_size": [1, -1]}
							}
						},
						{
							"origin": [-1.96988, 1.67132, 0.35721],
							"size": [0.07896, 0.07896, 0.31584],
							"uv": {
								"north": {"uv": [5, 10], "uv_size": [1, 1]},
								"east": {"uv": [10, 5], "uv_size": [1, 1]},
								"south": {"uv": [6, 10], "uv_size": [1, 1]},
								"west": {"uv": [10, 6], "uv_size": [1, 1]},
								"up": {"uv": [10, 7], "uv_size": [1, 1]},
								"down": {"uv": [8, 11], "uv_size": [1, -1]}
							}
						},
						{
							"origin": [-1.89092, 1.67132, 0.27825],
							"size": [0.75012, 0.07896, 0.47376],
							"uv": {
								"north": {"uv": [10, 8], "uv_size": [1, 1]},
								"east": {"uv": [9, 10], "uv_size": [1, 1]},
								"south": {"uv": [10, 9], "uv_size": [1, 1]},
								"west": {"uv": [10, 10], "uv_size": [1, 1]},
								"up": {"uv": [11, 0], "uv_size": [1, 1]},
								"down": {"uv": [1, 12], "uv_size": [1, -1]}
							}
						},
						{
							"origin": [-1.77248, 1.75028, 0.35721],
							"size": [0.51324, 0.07896, 0.31584],
							"uv": {
								"north": {"uv": [11, 1], "uv_size": [1, 1]},
								"east": {"uv": [2, 11], "uv_size": [1, 1]},
								"south": {"uv": [11, 2], "uv_size": [1, 1]},
								"west": {"uv": [3, 11], "uv_size": [1, 1]},
								"up": {"uv": [11, 3], "uv_size": [1, 1]},
								"down": {"uv": [4, 12], "uv_size": [1, -1]}
							}
						},
						{
							"origin": [-1.69352, 1.82924, 0.43617],
							"size": [0.35532, 2.40828, 0.15792],
							"uv": {
								"north": {"uv": [7, 7], "uv_size": [1, 2]},
								"east": {"uv": [8, 0], "uv_size": [1, 2]},
								"south": {"uv": [8, 2], "uv_size": [1, 2]},
								"west": {"uv": [8, 4], "uv_size": [1, 2]},
								"up": {"uv": [11, 4], "uv_size": [1, 1]},
								"down": {"uv": [5, 12], "uv_size": [1, -1]}
							}
						},
						{
							"origin": [-1.733, 2.02664, 0.43617],
							"size": [0.03948, 2.21088, 0.15792],
							"uv": {
								"north": {"uv": [8, 6], "uv_size": [1, 2]},
								"east": {"uv": [8, 8], "uv_size": [1, 2]},
								"south": {"uv": [9, 0], "uv_size": [1, 2]},
								"west": {"uv": [9, 2], "uv_size": [1, 2]},
								"up": {"uv": [11, 5], "uv_size": [1, 1]},
								"down": {"uv": [6, 12], "uv_size": [1, -1]}
							}
						},
						{
							"origin": [-1.3382, 2.02664, 0.43617],
							"size": [0.03948, 2.21088, 0.15792],
							"uv": {
								"north": {"uv": [9, 4], "uv_size": [1, 2]},
								"east": {"uv": [9, 6], "uv_size": [1, 2]},
								"south": {"uv": [7, 9], "uv_size": [1, 2]},
								"west": {"uv": [9, 8], "uv_size": [1, 2]},
								"up": {"uv": [11, 6], "uv_size": [1, 1]},
								"down": {"uv": [7, 12], "uv_size": [1, -1]}
							}
						},
						{
							"origin": [-1.733, 4.11908, 0.39669],
							"size": [0.43428, 0.03948, 0.23688],
							"pivot": [-1.51586, 4.13882, 0.51513],
							"rotation": [0, 0, 17],
							"uv": {
								"north": {"uv": [11, 7], "uv_size": [1, 1]},
								"east": {"uv": [8, 11], "uv_size": [1, 1]},
								"south": {"uv": [11, 8], "uv_size": [1, 1]},
								"west": {"uv": [9, 11], "uv_size": [1, 1]},
								"up": {"uv": [11, 9], "uv_size": [1, 1]},
								"down": {"uv": [10, 12], "uv_size": [1, -1]}
							}
						},
						{
							"origin": [-1.733, 3.96116, 0.39669],
							"size": [0.43428, 0.03948, 0.23688],
							"pivot": [-1.51586, 3.9809, 0.51513],
							"rotation": [0, 0, 17],
							"uv": {
								"north": {"uv": [11, 10], "uv_size": [1, 1]},
								"east": {"uv": [11, 11], "uv_size": [1, 1]},
								"south": {"uv": [12, 0], "uv_size": [1, 1]},
								"west": {"uv": [1, 12], "uv_size": [1, 1]},
								"up": {"uv": [12, 1], "uv_size": [1, 1]},
								"down": {"uv": [2, 13], "uv_size": [1, -1]}
							}
						},
						{
							"origin": [-1.733, 3.64532, 0.39669],
							"size": [0.43428, 0.03948, 0.23688],
							"pivot": [-1.51586, 3.66506, 0.51513],
							"rotation": [0, 0, 17],
							"uv": {
								"north": {"uv": [12, 2], "uv_size": [1, 1]},
								"east": {"uv": [3, 12], "uv_size": [1, 1]},
								"south": {"uv": [12, 3], "uv_size": [1, 1]},
								"west": {"uv": [4, 12], "uv_size": [1, 1]},
								"up": {"uv": [12, 4], "uv_size": [1, 1]},
								"down": {"uv": [5, 13], "uv_size": [1, -1]}
							}
						},
						{
							"origin": [-1.733, 3.80324, 0.39669],
							"size": [0.43428, 0.03948, 0.23688],
							"pivot": [-1.51586, 3.82298, 0.51513],
							"rotation": [0, 0, 17],
							"uv": {
								"north": {"uv": [12, 5], "uv_size": [1, 1]},
								"east": {"uv": [6, 12], "uv_size": [1, 1]},
								"south": {"uv": [12, 6], "uv_size": [1, 1]},
								"west": {"uv": [7, 12], "uv_size": [1, 1]},
								"up": {"uv": [12, 7], "uv_size": [1, 1]},
								"down": {"uv": [8, 13], "uv_size": [1, -1]}
							}
						},
						{
							"origin": [-1.733, 3.32948, 0.39669],
							"size": [0.43428, 0.03948, 0.23688],
							"pivot": [-1.51586, 3.34922, 0.51513],
							"rotation": [0, 0, 17],
							"uv": {
								"north": {"uv": [12, 8], "uv_size": [1, 1]},
								"east": {"uv": [9, 12], "uv_size": [1, 1]},
								"south": {"uv": [12, 9], "uv_size": [1, 1]},
								"west": {"uv": [10, 12], "uv_size": [1, 1]},
								"up": {"uv": [12, 10], "uv_size": [1, 1]},
								"down": {"uv": [11, 13], "uv_size": [1, -1]}
							}
						},
						{
							"origin": [-1.733, 3.4874, 0.39669],
							"size": [0.43428, 0.03948, 0.23688],
							"pivot": [-1.51586, 3.50714, 0.51513],
							"rotation": [0, 0, 17],
							"uv": {
								"north": {"uv": [12, 11], "uv_size": [1, 1]},
								"east": {"uv": [12, 12], "uv_size": [1, 1]},
								"south": {"uv": [13, 0], "uv_size": [1, 1]},
								"west": {"uv": [1, 13], "uv_size": [1, 1]},
								"up": {"uv": [13, 1], "uv_size": [1, 1]},
								"down": {"uv": [2, 14], "uv_size": [1, -1]}
							}
						},
						{
							"origin": [-1.733, 2.38196, 0.39669],
							"size": [0.43428, 0.03948, 0.23688],
							"pivot": [-1.51586, 2.4017, 0.51513],
							"rotation": [0, 0, 17],
							"uv": {
								"north": {"uv": [13, 2], "uv_size": [1, 1]},
								"east": {"uv": [3, 13], "uv_size": [1, 1]},
								"south": {"uv": [13, 3], "uv_size": [1, 1]},
								"west": {"uv": [4, 13], "uv_size": [1, 1]},
								"up": {"uv": [13, 4], "uv_size": [1, 1]},
								"down": {"uv": [5, 14], "uv_size": [1, -1]}
							}
						},
						{
							"origin": [-1.733, 2.53988, 0.39669],
							"size": [0.43428, 0.03948, 0.23688],
							"pivot": [-1.51586, 2.55962, 0.51513],
							"rotation": [0, 0, 17],
							"uv": {
								"north": {"uv": [13, 5], "uv_size": [1, 1]},
								"east": {"uv": [6, 13], "uv_size": [1, 1]},
								"south": {"uv": [13, 6], "uv_size": [1, 1]},
								"west": {"uv": [7, 13], "uv_size": [1, 1]},
								"up": {"uv": [13, 7], "uv_size": [1, 1]},
								"down": {"uv": [8, 14], "uv_size": [1, -1]}
							}
						},
						{
							"origin": [-1.733, 2.06612, 0.39669],
							"size": [0.43428, 0.03948, 0.23688],
							"pivot": [-1.51586, 2.08586, 0.51513],
							"rotation": [0, 0, 17],
							"uv": {
								"north": {"uv": [13, 8], "uv_size": [1, 1]},
								"east": {"uv": [9, 13], "uv_size": [1, 1]},
								"south": {"uv": [13, 9], "uv_size": [1, 1]},
								"west": {"uv": [10, 13], "uv_size": [1, 1]},
								"up": {"uv": [13, 10], "uv_size": [1, 1]},
								"down": {"uv": [11, 14], "uv_size": [1, -1]}
							}
						},
						{
							"origin": [-1.733, 2.22404, 0.39669],
							"size": [0.43428, 0.03948, 0.23688],
							"pivot": [-1.51586, 2.24378, 0.51513],
							"rotation": [0, 0, 17],
							"uv": {
								"north": {"uv": [13, 11], "uv_size": [1, 1]},
								"east": {"uv": [12, 13], "uv_size": [1, 1]},
								"south": {"uv": [13, 12], "uv_size": [1, 1]},
								"west": {"uv": [13, 13], "uv_size": [1, 1]},
								"up": {"uv": [0, 14], "uv_size": [1, 1]},
								"down": {"uv": [14, 1], "uv_size": [1, -1]}
							}
						},
						{
							"origin": [-1.733, 3.17156, 0.39669],
							"size": [0.43428, 0.03948, 0.23688],
							"pivot": [-1.51586, 3.1913, 0.51513],
							"rotation": [0, 0, 17],
							"uv": {
								"north": {"uv": [1, 14], "uv_size": [1, 1]},
								"east": {"uv": [14, 1], "uv_size": [1, 1]},
								"south": {"uv": [2, 14], "uv_size": [1, 1]},
								"west": {"uv": [14, 2], "uv_size": [1, 1]},
								"up": {"uv": [3, 14], "uv_size": [1, 1]},
								"down": {"uv": [14, 4], "uv_size": [1, -1]}
							}
						},
						{
							"origin": [-1.733, 3.01364, 0.39669],
							"size": [0.43428, 0.03948, 0.23688],
							"pivot": [-1.51586, 3.03338, 0.51513],
							"rotation": [0, 0, 17],
							"uv": {
								"north": {"uv": [4, 14], "uv_size": [1, 1]},
								"east": {"uv": [14, 4], "uv_size": [1, 1]},
								"south": {"uv": [5, 14], "uv_size": [1, 1]},
								"west": {"uv": [14, 5], "uv_size": [1, 1]},
								"up": {"uv": [6, 14], "uv_size": [1, 1]},
								"down": {"uv": [14, 7], "uv_size": [1, -1]}
							}
						},
						{
							"origin": [-1.733, 2.85572, 0.39669],
							"size": [0.43428, 0.03948, 0.23688],
							"pivot": [-1.51586, 2.87546, 0.51513],
							"rotation": [0, 0, 17],
							"uv": {
								"north": {"uv": [7, 14], "uv_size": [1, 1]},
								"east": {"uv": [14, 7], "uv_size": [1, 1]},
								"south": {"uv": [8, 14], "uv_size": [1, 1]},
								"west": {"uv": [14, 8], "uv_size": [1, 1]},
								"up": {"uv": [9, 14], "uv_size": [1, 1]},
								"down": {"uv": [14, 10], "uv_size": [1, -1]}
							}
						},
						{
							"origin": [-1.733, 2.6978, 0.39669],
							"size": [0.43428, 0.03948, 0.23688],
							"pivot": [-1.51586, 2.71754, 0.51513],
							"rotation": [0, 0, 17],
							"uv": {
								"north": {"uv": [10, 14], "uv_size": [1, 1]},
								"east": {"uv": [14, 10], "uv_size": [1, 1]},
								"south": {"uv": [11, 14], "uv_size": [1, 1]},
								"west": {"uv": [14, 11], "uv_size": [1, 1]},
								"up": {"uv": [12, 14], "uv_size": [1, 1]},
								"down": {"uv": [14, 13], "uv_size": [1, -1]}
							}
						},
						{
							"origin": [-1.733, 2.05637, 0.39669],
							"size": [0.43428, 0.03948, 0.23688],
							"pivot": [-1.51586, 2.07611, 0.51513],
							"rotation": [0, 0, -17],
							"uv": {
								"north": {"uv": [13, 14], "uv_size": [1, 1]},
								"east": {"uv": [14, 13], "uv_size": [1, 1]},
								"south": {"uv": [14, 14], "uv_size": [1, 1]},
								"west": {"uv": [0, 15], "uv_size": [1, 1]},
								"up": {"uv": [15, 0], "uv_size": [1, 1]},
								"down": {"uv": [1, 16], "uv_size": [1, -1]}
							}
						},
						{
							"origin": [-1.733, 2.21429, 0.39669],
							"size": [0.43428, 0.03948, 0.23688],
							"pivot": [-1.51586, 2.23403, 0.51513],
							"rotation": [0, 0, -17],
							"uv": {
								"north": {"uv": [15, 1], "uv_size": [1, 1]},
								"east": {"uv": [2, 15], "uv_size": [1, 1]},
								"south": {"uv": [15, 2], "uv_size": [1, 1]},
								"west": {"uv": [3, 15], "uv_size": [1, 1]},
								"up": {"uv": [15, 3], "uv_size": [1, 1]},
								"down": {"uv": [4, 16], "uv_size": [1, -1]}
							}
						},
						{
							"origin": [-1.733, 2.37221, 0.39669],
							"size": [0.43428, 0.03948, 0.23688],
							"pivot": [-1.51586, 2.39195, 0.51513],
							"rotation": [0, 0, -17],
							"uv": {
								"north": {"uv": [15, 4], "uv_size": [1, 1]},
								"east": {"uv": [5, 15], "uv_size": [1, 1]},
								"south": {"uv": [15, 5], "uv_size": [1, 1]},
								"west": {"uv": [6, 15], "uv_size": [1, 1]},
								"up": {"uv": [15, 6], "uv_size": [1, 1]},
								"down": {"uv": [7, 16], "uv_size": [1, -1]}
							}
						},
						{
							"origin": [-1.733, 2.53013, 0.39669],
							"size": [0.43428, 0.03948, 0.23688],
							"pivot": [-1.51586, 2.54987, 0.51513],
							"rotation": [0, 0, -17],
							"uv": {
								"north": {"uv": [15, 7], "uv_size": [1, 1]},
								"east": {"uv": [8, 15], "uv_size": [1, 1]},
								"south": {"uv": [15, 8], "uv_size": [1, 1]},
								"west": {"uv": [9, 15], "uv_size": [1, 1]},
								"up": {"uv": [15, 9], "uv_size": [1, 1]},
								"down": {"uv": [10, 16], "uv_size": [1, -1]}
							}
						},
						{
							"origin": [-1.733, 2.68805, 0.39669],
							"size": [0.43428, 0.03948, 0.23688],
							"pivot": [-1.51586, 2.70779, 0.51513],
							"rotation": [0, 0, -17],
							"uv": {
								"north": {"uv": [15, 10], "uv_size": [1, 1]},
								"east": {"uv": [11, 15], "uv_size": [1, 1]},
								"south": {"uv": [15, 11], "uv_size": [1, 1]},
								"west": {"uv": [12, 15], "uv_size": [1, 1]},
								"up": {"uv": [15, 12], "uv_size": [1, 1]},
								"down": {"uv": [13, 16], "uv_size": [1, -1]}
							}
						},
						{
							"origin": [-1.733, 2.84597, 0.39669],
							"size": [0.43428, 0.03948, 0.23688],
							"pivot": [-1.51586, 2.86571, 0.51513],
							"rotation": [0, 0, -17],
							"uv": {
								"north": {"uv": [15, 13], "uv_size": [1, 1]},
								"east": {"uv": [14, 15], "uv_size": [1, 1]},
								"south": {"uv": [15, 14], "uv_size": [1, 1]},
								"west": {"uv": [15, 15], "uv_size": [1, 1]},
								"up": {"uv": [0, 16], "uv_size": [1, 1]},
								"down": {"uv": [16, 1], "uv_size": [1, -1]}
							}
						},
						{
							"origin": [-1.733, 3.00389, 0.39669],
							"size": [0.43428, 0.03948, 0.23688],
							"pivot": [-1.51586, 3.02363, 0.51513],
							"rotation": [0, 0, -17],
							"uv": {
								"north": {"uv": [1, 16], "uv_size": [1, 1]},
								"east": {"uv": [16, 1], "uv_size": [1, 1]},
								"south": {"uv": [2, 16], "uv_size": [1, 1]},
								"west": {"uv": [16, 2], "uv_size": [1, 1]},
								"up": {"uv": [3, 16], "uv_size": [1, 1]},
								"down": {"uv": [16, 4], "uv_size": [1, -1]}
							}
						},
						{
							"origin": [-1.733, 3.16181, 0.39669],
							"size": [0.43428, 0.03948, 0.23688],
							"pivot": [-1.51586, 3.18155, 0.51513],
							"rotation": [0, 0, -17],
							"uv": {
								"north": {"uv": [4, 16], "uv_size": [1, 1]},
								"east": {"uv": [16, 4], "uv_size": [1, 1]},
								"south": {"uv": [5, 16], "uv_size": [1, 1]},
								"west": {"uv": [16, 5], "uv_size": [1, 1]},
								"up": {"uv": [6, 16], "uv_size": [1, 1]},
								"down": {"uv": [16, 7], "uv_size": [1, -1]}
							}
						},
						{
							"origin": [-1.733, 3.31973, 0.39669],
							"size": [0.43428, 0.03948, 0.23688],
							"pivot": [-1.51586, 3.33947, 0.51513],
							"rotation": [0, 0, -17],
							"uv": {
								"north": {"uv": [7, 16], "uv_size": [1, 1]},
								"east": {"uv": [16, 7], "uv_size": [1, 1]},
								"south": {"uv": [8, 16], "uv_size": [1, 1]},
								"west": {"uv": [16, 8], "uv_size": [1, 1]},
								"up": {"uv": [9, 16], "uv_size": [1, 1]},
								"down": {"uv": [16, 10], "uv_size": [1, -1]}
							}
						},
						{
							"origin": [-1.733, 3.47765, 0.39669],
							"size": [0.43428, 0.03948, 0.23688],
							"pivot": [-1.51586, 3.49739, 0.51513],
							"rotation": [0, 0, -17],
							"uv": {
								"north": {"uv": [10, 16], "uv_size": [1, 1]},
								"east": {"uv": [16, 10], "uv_size": [1, 1]},
								"south": {"uv": [11, 16], "uv_size": [1, 1]},
								"west": {"uv": [16, 11], "uv_size": [1, 1]},
								"up": {"uv": [12, 16], "uv_size": [1, 1]},
								"down": {"uv": [16, 13], "uv_size": [1, -1]}
							}
						},
						{
							"origin": [-1.733, 3.63557, 0.39669],
							"size": [0.43428, 0.03948, 0.23688],
							"pivot": [-1.51586, 3.65531, 0.51513],
							"rotation": [0, 0, -17],
							"uv": {
								"north": {"uv": [13, 16], "uv_size": [1, 1]},
								"east": {"uv": [16, 13], "uv_size": [1, 1]},
								"south": {"uv": [14, 16], "uv_size": [1, 1]},
								"west": {"uv": [16, 14], "uv_size": [1, 1]},
								"up": {"uv": [15, 16], "uv_size": [1, 1]},
								"down": {"uv": [16, 16], "uv_size": [1, -1]}
							}
						},
						{
							"origin": [-1.733, 3.79349, 0.39669],
							"size": [0.43428, 0.03948, 0.23688],
							"pivot": [-1.51586, 3.81323, 0.51513],
							"rotation": [0, 0, -17],
							"uv": {
								"north": {"uv": [16, 16], "uv_size": [1, 1]},
								"east": {"uv": [0, 17], "uv_size": [1, 1]},
								"south": {"uv": [17, 0], "uv_size": [1, 1]},
								"west": {"uv": [1, 17], "uv_size": [1, 1]},
								"up": {"uv": [17, 1], "uv_size": [1, 1]},
								"down": {"uv": [2, 18], "uv_size": [1, -1]}
							}
						},
						{
							"origin": [-1.733, 3.95141, 0.39669],
							"size": [0.43428, 0.03948, 0.23688],
							"pivot": [-1.51586, 3.97115, 0.51513],
							"rotation": [0, 0, -17],
							"uv": {
								"north": {"uv": [17, 2], "uv_size": [1, 1]},
								"east": {"uv": [3, 17], "uv_size": [1, 1]},
								"south": {"uv": [17, 3], "uv_size": [1, 1]},
								"west": {"uv": [4, 17], "uv_size": [1, 1]},
								"up": {"uv": [17, 4], "uv_size": [1, 1]},
								"down": {"uv": [5, 18], "uv_size": [1, -1]}
							}
						},
						{
							"origin": [-1.733, 4.10933, 0.39669],
							"size": [0.43428, 0.03948, 0.23688],
							"pivot": [-1.51586, 4.12907, 0.51513],
							"rotation": [0, 0, -17],
							"uv": {
								"north": {"uv": [17, 5], "uv_size": [1, 1]},
								"east": {"uv": [6, 17], "uv_size": [1, 1]},
								"south": {"uv": [17, 6], "uv_size": [1, 1]},
								"west": {"uv": [7, 17], "uv_size": [1, 1]},
								"up": {"uv": [17, 7], "uv_size": [1, 1]},
								"down": {"uv": [8, 18], "uv_size": [1, -1]}
							}
						},
						{
							"origin": [-1.733, 4.23752, 0.39669],
							"size": [0.43428, 0.27636, 0.23688],
							"uv": {
								"north": {"uv": [17, 8], "uv_size": [1, 1]},
								"east": {"uv": [9, 17], "uv_size": [1, 1]},
								"south": {"uv": [17, 9], "uv_size": [1, 1]},
								"west": {"uv": [10, 17], "uv_size": [1, 1]},
								"up": {"uv": [17, 10], "uv_size": [1, 1]},
								"down": {"uv": [11, 18], "uv_size": [1, -1]}
							}
						},
						{
							"origin": [-1.77248, 4.19804, 0.35721],
							"size": [0.1974, 0.27636, 0.31584],
							"uv": {
								"north": {"uv": [17, 11], "uv_size": [1, 1]},
								"east": {"uv": [12, 17], "uv_size": [1, 1]},
								"south": {"uv": [17, 12], "uv_size": [1, 1]},
								"west": {"uv": [13, 17], "uv_size": [1, 1]},
								"up": {"uv": [17, 13], "uv_size": [1, 1]},
								"down": {"uv": [14, 18], "uv_size": [1, -1]}
							}
						},
						{
							"origin": [-1.45664, 4.19804, 0.35721],
							"size": [0.1974, 0.27636, 0.31584],
							"uv": {
								"north": {"uv": [17, 14], "uv_size": [1, 1]},
								"east": {"uv": [15, 17], "uv_size": [1, 1]},
								"south": {"uv": [17, 15], "uv_size": [1, 1]},
								"west": {"uv": [16, 17], "uv_size": [1, 1]},
								"up": {"uv": [17, 16], "uv_size": [1, 1]},
								"down": {"uv": [17, 18], "uv_size": [1, -1]}
							}
						},
						{
							"origin": [-1.77248, 1.67132, 0.75201],
							"size": [0.51324, 0.07896, 0.07896],
							"uv": {
								"north": {"uv": [0, 18], "uv_size": [1, 1]},
								"east": {"uv": [18, 0], "uv_size": [1, 1]},
								"south": {"uv": [1, 18], "uv_size": [1, 1]},
								"west": {"uv": [18, 1], "uv_size": [1, 1]},
								"up": {"uv": [2, 18], "uv_size": [1, 1]},
								"down": {"uv": [18, 3], "uv_size": [1, -1]}
							}
						},
						{
							"origin": [-1.96988, 1.67132, 0.6567],
							"size": [0.11844, 0.07896, 0.07896],
							"pivot": [-1.89092, 1.7108, 0.69618],
							"rotation": [0, -45, 0],
							"uv": {
								"north": {"uv": [3, 18], "uv_size": [1, 1]},
								"east": {"uv": [18, 3], "uv_size": [1, 1]},
								"south": {"uv": [4, 18], "uv_size": [1, 1]},
								"west": {"uv": [18, 4], "uv_size": [1, 1]},
								"up": {"uv": [5, 18], "uv_size": [1, 1]},
								"down": {"uv": [18, 6], "uv_size": [1, -1]}
							}
						},
						{
							"origin": [-1.85144, 1.67132, 0.73566],
							"size": [0.11844, 0.07896, 0.07896],
							"pivot": [-1.77248, 1.7108, 0.77514],
							"rotation": [0, -45, 0],
							"uv": {
								"north": {"uv": [6, 18], "uv_size": [1, 1]},
								"east": {"uv": [18, 6], "uv_size": [1, 1]},
								"south": {"uv": [7, 18], "uv_size": [1, 1]},
								"west": {"uv": [18, 7], "uv_size": [1, 1]},
								"up": {"uv": [8, 18], "uv_size": [1, 1]},
								"down": {"uv": [18, 9], "uv_size": [1, -1]}
							}
						},
						{
							"origin": [-1.29872, 1.67132, 0.73566],
							"size": [0.11844, 0.07896, 0.07896],
							"pivot": [-1.25924, 1.7108, 0.77514],
							"rotation": [0, 45, 0],
							"uv": {
								"north": {"uv": [9, 18], "uv_size": [1, 1]},
								"east": {"uv": [18, 9], "uv_size": [1, 1]},
								"south": {"uv": [10, 18], "uv_size": [1, 1]},
								"west": {"uv": [18, 10], "uv_size": [1, 1]},
								"up": {"uv": [11, 18], "uv_size": [1, 1]},
								"down": {"uv": [18, 12], "uv_size": [1, -1]}
							}
						},
						{
							"origin": [-1.18028, 1.67132, 0.6567],
							"size": [0.11844, 0.07896, 0.07896],
							"pivot": [-1.1408, 1.7108, 0.69618],
							"rotation": [0, 45, 0],
							"uv": {
								"north": {"uv": [12, 18], "uv_size": [1, 1]},
								"east": {"uv": [18, 12], "uv_size": [1, 1]},
								"south": {"uv": [13, 18], "uv_size": [1, 1]},
								"west": {"uv": [18, 13], "uv_size": [1, 1]},
								"up": {"uv": [14, 18], "uv_size": [1, 1]},
								"down": {"uv": [18, 15], "uv_size": [1, -1]}
							}
						},
						{
							"origin": [-1.85144, 1.67132, 0.21564],
							"size": [0.11844, 0.07896, 0.07896],
							"pivot": [-1.77248, 1.7108, 0.25512],
							"rotation": [0, 45, 0],
							"uv": {
								"north": {"uv": [15, 18], "uv_size": [1, 1]},
								"east": {"uv": [18, 15], "uv_size": [1, 1]},
								"south": {"uv": [16, 18], "uv_size": [1, 1]},
								"west": {"uv": [18, 16], "uv_size": [1, 1]},
								"up": {"uv": [17, 18], "uv_size": [1, 1]},
								"down": {"uv": [18, 18], "uv_size": [1, -1]}
							}
						},
						{
							"origin": [-1.96988, 1.67132, 0.2946],
							"size": [0.11844, 0.07896, 0.07896],
							"pivot": [-1.89092, 1.7108, 0.33408],
							"rotation": [0, 45, 0],
							"uv": {
								"north": {"uv": [18, 18], "uv_size": [1, 1]},
								"east": {"uv": [0, 19], "uv_size": [1, 1]},
								"south": {"uv": [19, 0], "uv_size": [1, 1]},
								"west": {"uv": [1, 19], "uv_size": [1, 1]},
								"up": {"uv": [19, 1], "uv_size": [1, 1]},
								"down": {"uv": [2, 20], "uv_size": [1, -1]}
							}
						},
						{
							"origin": [-1.29872, 1.67132, 0.21564],
							"size": [0.11844, 0.07896, 0.07896],
							"pivot": [-1.25924, 1.7108, 0.25512],
							"rotation": [0, -45, 0],
							"uv": {
								"north": {"uv": [19, 2], "uv_size": [1, 1]},
								"east": {"uv": [3, 19], "uv_size": [1, 1]},
								"south": {"uv": [19, 3], "uv_size": [1, 1]},
								"west": {"uv": [4, 19], "uv_size": [1, 1]},
								"up": {"uv": [19, 4], "uv_size": [1, 1]},
								"down": {"uv": [5, 20], "uv_size": [1, -1]}
							}
						},
						{
							"origin": [-1.18028, 1.67132, 0.2946],
							"size": [0.11844, 0.07896, 0.07896],
							"pivot": [-1.1408, 1.7108, 0.33408],
							"rotation": [0, -45, 0],
							"uv": {
								"north": {"uv": [19, 5], "uv_size": [1, 1]},
								"east": {"uv": [6, 19], "uv_size": [1, 1]},
								"south": {"uv": [19, 6], "uv_size": [1, 1]},
								"west": {"uv": [7, 19], "uv_size": [1, 1]},
								"up": {"uv": [19, 7], "uv_size": [1, 1]},
								"down": {"uv": [8, 20], "uv_size": [1, -1]}
							}
						},
						{
							"origin": [-1.77248, 1.67132, 0.19929],
							"size": [0.51324, 0.07896, 0.07896],
							"uv": {
								"north": {"uv": [19, 8], "uv_size": [1, 1]},
								"east": {"uv": [9, 19], "uv_size": [1, 1]},
								"south": {"uv": [19, 9], "uv_size": [1, 1]},
								"west": {"uv": [10, 19], "uv_size": [1, 1]},
								"up": {"uv": [19, 10], "uv_size": [1, 1]},
								"down": {"uv": [11, 20], "uv_size": [1, -1]}
							}
						}
					]
				},
				{
					"name": "bone11_illuminated",
					"parent": "katana",
					"pivot": [-0.49741, -0.59259, 0.49538],
					"cubes": [
						{
							"origin": [-1.65404, 1.75028, 0.48983],
							"size": [0.07896, 6.98796, 0.0079],
							"pivot": [-1.61456, 1.63184, 0.50885],
							"rotation": [0, 0, -180],
							"uv": {
								"north": {"uv": [0, 0], "uv_size": [1, 7]},
								"east": {"uv": [0, 0], "uv_size": [0, 7]},
								"south": {"uv": [1, 0], "uv_size": [1, 7]},
								"west": {"uv": [0, 0], "uv_size": [0, 7]},
								"up": {"uv": [0, 0], "uv_size": [1, 0]},
								"down": {"uv": [0, 0], "uv_size": [1, 0]}
							}
						},
						{
							"origin": [-1.65404, 1.5134, 0.47565],
							"size": [0.27636, 0.15792, 0.03948],
							"uv": {
								"north": {"uv": [19, 11], "uv_size": [1, 1]},
								"east": {"uv": [12, 19], "uv_size": [1, 1]},
								"south": {"uv": [19, 12], "uv_size": [1, 1]},
								"west": {"uv": [13, 19], "uv_size": [1, 1]},
								"up": {"uv": [19, 13], "uv_size": [1, 1]},
								"down": {"uv": [14, 20], "uv_size": [1, -1]}
							}
						},
						{
							"origin": [-1.77248, 1.75028, 0.48983],
							"size": [0.11844, 6.98796, 0.0079],
							"pivot": [-1.61456, 1.63184, 0.50885],
							"rotation": [0, 0, -180],
							"uv": {
								"north": {"uv": [2, 0], "uv_size": [1, 7]},
								"east": {"uv": [0, 0], "uv_size": [0, 7]},
								"south": {"uv": [3, 0], "uv_size": [1, 7]},
								"west": {"uv": [0, 0], "uv_size": [0, 7]},
								"up": {"uv": [0, 0], "uv_size": [1, 0]},
								"down": {"uv": [0, 0], "uv_size": [1, 0]}
							}
						},
						{
							"origin": [-1.5356, -1.0528, 0.47565],
							"size": [0.07896, 0.35532, 0.03948],
							"uv": {
								"north": {"uv": [19, 14], "uv_size": [1, 1]},
								"east": {"uv": [15, 19], "uv_size": [1, 1]},
								"south": {"uv": [19, 15], "uv_size": [1, 1]},
								"west": {"uv": [16, 19], "uv_size": [1, 1]},
								"up": {"uv": [19, 16], "uv_size": [1, 1]},
								"down": {"uv": [17, 20], "uv_size": [1, -1]}
							}
						},
						{
							"origin": [-1.5356, -5.3956, 0.47565],
							"size": [0.07896, 0.35532, 0.03948],
							"uv": {
								"north": {"uv": [19, 17], "uv_size": [1, 1]},
								"east": {"uv": [18, 19], "uv_size": [1, 1]},
								"south": {"uv": [19, 18], "uv_size": [1, 1]},
								"west": {"uv": [19, 19], "uv_size": [1, 1]},
								"up": {"uv": [0, 20], "uv_size": [1, 1]},
								"down": {"uv": [20, 1], "uv_size": [1, -1]}
							}
						},
						{
							"origin": [-1.45664, -5.47456, 0.47565],
							"size": [0.07896, 6.98796, 0.03948],
							"uv": {
								"north": {"uv": [4, 0], "uv_size": [1, 7]},
								"east": {"uv": [5, 0], "uv_size": [1, 7]},
								"south": {"uv": [6, 0], "uv_size": [1, 7]},
								"west": {"uv": [0, 7], "uv_size": [1, 7]},
								"up": {"uv": [1, 20], "uv_size": [1, 1]},
								"down": {"uv": [20, 2], "uv_size": [1, -1]}
							}
						},
						{
							"origin": [-1.65404, 1.35548, 0.47565],
							"size": [0.27636, 0.07896, 0.03948],
							"uv": {
								"north": {"uv": [2, 20], "uv_size": [1, 1]},
								"east": {"uv": [20, 2], "uv_size": [1, 1]},
								"south": {"uv": [3, 20], "uv_size": [1, 1]},
								"west": {"uv": [20, 3], "uv_size": [1, 1]},
								"up": {"uv": [4, 20], "uv_size": [1, 1]},
								"down": {"uv": [20, 5], "uv_size": [1, -1]}
							}
						},
						{
							"origin": [-1.60235, -9.42292, 0.48983],
							"size": [0.07896, 3.23736, 0.0079],
							"pivot": [-1.56287, -7.44892, 0.49145],
							"rotation": [0, 0, 178.5],
							"uv": {
								"north": {"uv": [4, 7], "uv_size": [1, 3]},
								"east": {"uv": [0, 0], "uv_size": [0, 3]},
								"south": {"uv": [7, 4], "uv_size": [1, 3]},
								"west": {"uv": [0, 0], "uv_size": [0, 3]},
								"up": {"uv": [0, 0], "uv_size": [1, 0]},
								"down": {"uv": [0, 0], "uv_size": [1, 0]}
							}
						},
						{
							"origin": [-2.03075, -6.09569, 0.49773],
							"size": [0.07896, 0.45, 0.0079],
							"pivot": [-1.99127, -7.43801, 0.49935],
							"rotation": [0, 0, 160],
							"uv": {
								"north": {"uv": [5, 20], "uv_size": [1, 1]},
								"east": {"uv": [0, 0], "uv_size": [0, 1]},
								"south": {"uv": [20, 5], "uv_size": [1, 1]},
								"west": {"uv": [0, 0], "uv_size": [0, 1]},
								"up": {"uv": [0, 0], "uv_size": [1, 0]},
								"down": {"uv": [0, 0], "uv_size": [1, 0]}
							}
						},
						{
							"origin": [-1.4836, -12.46287, 0.48983],
							"size": [0.11844, 3.4, 0.0079],
							"pivot": [-1.42438, -8.96889, 0.49377],
							"rotation": [0, 0, 178.5],
							"uv": {
								"north": {"uv": [5, 7], "uv_size": [1, 3]},
								"east": {"uv": [0, 0], "uv_size": [0, 3]},
								"south": {"uv": [6, 7], "uv_size": [1, 3]},
								"west": {"uv": [0, 0], "uv_size": [0, 3]},
								"up": {"uv": [0, 0], "uv_size": [1, 0]},
								"down": {"uv": [0, 0], "uv_size": [1, 0]}
							}
						},
						{
							"origin": [-1.47076, -9.10713, 0.47565],
							"size": [0.07896, 3.63216, 0.03948],
							"pivot": [-1.43128, -3.85629, 0.49539],
							"rotation": [0, 0, -0.5],
							"uv": {
								"north": {"uv": [7, 0], "uv_size": [1, 4]},
								"east": {"uv": [1, 7], "uv_size": [1, 4]},
								"south": {"uv": [2, 7], "uv_size": [1, 4]},
								"west": {"uv": [3, 7], "uv_size": [1, 4]},
								"up": {"uv": [6, 20], "uv_size": [1, 1]},
								"down": {"uv": [20, 7], "uv_size": [1, -1]}
							}
						}
					]
				}
			]
		}
	]
}