{
	"format_version": "1.12.0",
	"minecraft:geometry": [
		{
			"description": {
				"identifier": "geometry.unknown",
				"texture_width": 64,
				"texture_height": 64,
				"visible_bounds_width": 3,
				"visible_bounds_height": 2.5,
				"visible_bounds_offset": [0, 0.75, 0]
			},
			"bones": [
				{
					"name": "root",
					"pivot": [0, 10, 3.5]
				},
				{
					"name": "mag_and_lefthand",
					"parent": "root",
					"pivot": [0, 5.8, 0]
				},
				{
					"name": "lefthand",
					"parent": "mag_and_lefthand",
					"pivot": [-6, 19, 8]
				},
				{
					"name": "lefthand_pos",
					"parent": "lefthand",
					"pivot": [0, 8, 8],
					"cubes": [
						{
							"origin": [-7, 8, 6],
							"size": [3, 12, 4],
							"uv": {
								"north": {"uv": [12, 0], "uv_size": [4, 12]},
								"east": {"uv": [4, 12], "uv_size": [4, 12]},
								"south": {"uv": [8, 12], "uv_size": [4, 12]},
								"west": {"uv": [12, 12], "uv_size": [4, 12]},
								"up": {"uv": [16, 8], "uv_size": [4, 4]},
								"down": {"uv": [16, 16], "uv_size": [4, -4]}
							}
						}
					]
				},
				{
					"name": "magazine",
					"parent": "mag_and_lefthand",
					"pivot": [-1.1875, 12.42851, 1.77738],
					"rotation": [90, 24, 90]
				},
				{
					"name": "mag_standard",
					"parent": "magazine",
					"pivot": [-1.54167, 7.00619, 1.73407],
					"cubes": [
						{
							"origin": [-0.28645, 10.34488, 1.34973],
							"size": [0.19826, 0.35025, 0.11238],
							"inflate": 0.0003,
							"pivot": [-1.18756, 10.51998, 1.77287],
							"rotation": [0, 0, -90],
							"uv": {
								"north": {"uv": [26, 37], "uv_size": [7, 1.75]},
								"east": {"uv": [52, 4], "uv_size": [0.5, 1.75]},
								"south": {"uv": [33, 37], "uv_size": [7, 1.75]},
								"west": {"uv": [7, 52], "uv_size": [0.5, 1.75]},
								"up": {"uv": [16, 44], "uv_size": [7, 0.5]},
								"down": {"uv": [23, 44.5], "uv_size": [7, -0.5]}
							}
						},
						{
							"origin": [-0.28675, 10.09653, 1.59748],
							"size": [0.1988, 0.11292, 0.35079],
							"pivot": [-1.18756, 10.51998, 1.77287],
							"rotation": [-45, 0, -90],
							"uv": {
								"north": {"uv": [43, 44], "uv_size": [7, 0.5]},
								"east": {"uv": [10, 52], "uv_size": [1.75, 0.5]},
								"south": {"uv": [16, 45], "uv_size": [7, 0.5]},
								"west": {"uv": [12, 52], "uv_size": [1.75, 0.5]},
								"up": {"uv": [0, 39], "uv_size": [7, 1.75]},
								"down": {"uv": [7, 40.75], "uv_size": [7, -1.75]}
							}
						},
						{
							"origin": [-0.28667, 10.09661, 1.59756],
							"size": [0.19864, 0.11276, 0.35063],
							"inflate": 0.0001,
							"pivot": [-1.18756, 10.51998, 1.77287],
							"rotation": [0, 0, -90],
							"uv": {
								"north": {"uv": [23, 45], "uv_size": [7, 0.5]},
								"east": {"uv": [14, 52], "uv_size": [1.75, 0.5]},
								"south": {"uv": [35, 45], "uv_size": [7, 0.5]},
								"west": {"uv": [17, 52], "uv_size": [1.75, 0.5]},
								"up": {"uv": [14, 39], "uv_size": [7, 1.75]},
								"down": {"uv": [21, 40.75], "uv_size": [7, -1.75]}
							}
						},
						{
							"origin": [-0.28659, 10.34474, 2.08356],
							"size": [0.19848, 0.35047, 0.1126],
							"inflate": 0.0002,
							"pivot": [-1.18756, 10.51998, 1.77287],
							"rotation": [-45, 0, -90],
							"uv": {
								"north": {"uv": [28, 39], "uv_size": [7, 1.75]},
								"east": {"uv": [8, 52], "uv_size": [0.5, 1.75]},
								"south": {"uv": [39, 29], "uv_size": [7, 1.75]},
								"west": {"uv": [19, 52], "uv_size": [0.5, 1.75]},
								"up": {"uv": [45, 37], "uv_size": [7, 0.5]},
								"down": {"uv": [45, 38.5], "uv_size": [7, -0.5]}
							}
						},
						{
							"origin": [-0.28675, 10.8305, 1.59748],
							"size": [0.1988, 0.11292, 0.35079],
							"pivot": [-1.18756, 10.51998, 1.77287],
							"rotation": [-45, 0, -90],
							"uv": {
								"north": {"uv": [42, 45], "uv_size": [7, 0.5]},
								"east": {"uv": [20, 52], "uv_size": [1.75, 0.5]},
								"south": {"uv": [0, 46], "uv_size": [7, 0.5]},
								"west": {"uv": [22, 52], "uv_size": [1.75, 0.5]},
								"up": {"uv": [39, 31], "uv_size": [7, 1.75]},
								"down": {"uv": [39, 34.75], "uv_size": [7, -1.75]}
							}
						},
						{
							"origin": [-0.28651, 10.34482, 2.08364],
							"size": [0.19832, 0.35031, 0.11244],
							"inflate": 0.0003,
							"pivot": [-1.18756, 10.51998, 1.77287],
							"rotation": [0, 0, -90],
							"uv": {
								"north": {"uv": [35, 39], "uv_size": [7, 1.75]},
								"east": {"uv": [24, 52], "uv_size": [0.5, 1.75]},
								"south": {"uv": [39, 35], "uv_size": [7, 1.75]},
								"west": {"uv": [25, 52], "uv_size": [0.5, 1.75]},
								"up": {"uv": [16, 46], "uv_size": [7, 0.5]},
								"down": {"uv": [23, 46.5], "uv_size": [7, -0.5]}
							}
						},
						{
							"origin": [-0.28667, 10.83058, 1.59756],
							"size": [0.19864, 0.11276, 0.35063],
							"inflate": 0.0001,
							"pivot": [-1.18756, 10.51998, 1.77287],
							"rotation": [0, 0, -90],
							"uv": {
								"north": {"uv": [46, 27], "uv_size": [7, 0.5]},
								"east": {"uv": [26, 52], "uv_size": [1.75, 0.5]},
								"south": {"uv": [46, 28], "uv_size": [7, 0.5]},
								"west": {"uv": [30, 52], "uv_size": [1.75, 0.5]},
								"up": {"uv": [40, 0], "uv_size": [7, 1.75]},
								"down": {"uv": [40, 3.75], "uv_size": [7, -1.75]}
							}
						},
						{
							"origin": [-0.28653, 10.34482, 1.34959],
							"size": [0.19842, 0.35039, 0.1126],
							"inflate": 0.0002,
							"pivot": [-1.18756, 10.51998, 1.77287],
							"rotation": [-45, 0, -90],
							"uv": {
								"north": {"uv": [40, 4], "uv_size": [7, 1.75]},
								"east": {"uv": [28, 52], "uv_size": [0.5, 1.75]},
								"south": {"uv": [40, 6], "uv_size": [7, 1.75]},
								"west": {"uv": [32, 52], "uv_size": [0.5, 1.75]},
								"up": {"uv": [46, 29], "uv_size": [7, 0.5]},
								"down": {"uv": [46, 30.5], "uv_size": [7, -0.5]}
							}
						},
						{
							"origin": [-1.46716, 11.47577, 1.5975],
							"size": [0.1491, 0.84599, 0.35079],
							"pivot": [-1.1876, 11.89921, 1.77289],
							"rotation": [-45, 0, -90],
							"uv": {
								"north": {"uv": [32, 45], "uv_size": [0.75, 4.25]},
								"east": {"uv": [40, 16], "uv_size": [1.75, 4.25]},
								"south": {"uv": [9, 46], "uv_size": [0.75, 4.25]},
								"west": {"uv": [40, 21], "uv_size": [1.75, 4.25]},
								"up": {"uv": [50, 46], "uv_size": [0.75, 1.75]},
								"down": {"uv": [48, 51.75], "uv_size": [0.75, -1.75]}
							}
						},
						{
							"origin": [-1.46708, 11.47585, 1.59758],
							"size": [0.14894, 0.84583, 0.35063],
							"inflate": 0.0001,
							"pivot": [-1.1876, 11.89921, 1.77289],
							"rotation": [0, 0, -90],
							"uv": {
								"north": {"uv": [0, 47], "uv_size": [0.75, 4.25]},
								"east": {"uv": [0, 41], "uv_size": [1.75, 4.25]},
								"south": {"uv": [47, 0], "uv_size": [0.75, 4.25]},
								"west": {"uv": [2, 41], "uv_size": [1.75, 4.25]},
								"up": {"uv": [50, 48], "uv_size": [0.75, 1.75]},
								"down": {"uv": [49, 51.75], "uv_size": [0.75, -1.75]}
							}
						},
						{
							"origin": [-1.46692, 11.72405, 1.34437],
							"size": [0.14862, 0.35031, 0.85173],
							"inflate": 0.0003,
							"pivot": [-1.1876, 11.89921, 1.77289],
							"rotation": [0, 0, -90],
							"uv": {
								"north": {"uv": [50, 50], "uv_size": [0.75, 1.75]},
								"east": {"uv": [40, 37], "uv_size": [4.25, 1.75]},
								"south": {"uv": [51, 0], "uv_size": [0.75, 1.75]},
								"west": {"uv": [4, 41], "uv_size": [4.25, 1.75]},
								"up": {"uv": [1, 47], "uv_size": [0.75, 4.25]},
								"down": {"uv": [2, 51.25], "uv_size": [0.75, -4.25]}
							}
						},
						{
							"origin": [-1.4666, 11.87347, 1.48758],
							"size": [0.22874, 0.34967, 0.56531],
							"inflate": 0.0007,
							"pivot": [-1.1876, 12.04831, 1.77289],
							"rotation": [0, 0, -90],
							"uv": {
								"north": {"uv": [35, 48], "uv_size": [1.25, 1.75]},
								"east": {"uv": [30, 43], "uv_size": [2.75, 1.75]},
								"south": {"uv": [37, 48], "uv_size": [1.25, 1.75]},
								"west": {"uv": [43, 42], "uv_size": [2.75, 1.75]},
								"up": {"uv": [44, 46], "uv_size": [1.25, 2.75]},
								"down": {"uv": [46, 48.75], "uv_size": [1.25, -2.75]}
							}
						},
						{
							"origin": [-1.01184, 11.76899, 2.07124],
							"size": [0.36606, 0.35031, 0.12486],
							"inflate": 0.0003,
							"pivot": [-1.01214, 11.76869, 2.1964],
							"rotation": [0, 31, -90],
							"uv": {
								"north": {"uv": [5, 47], "uv_size": [1.75, 1.75]},
								"east": {"uv": [51, 2], "uv_size": [0.75, 1.75]},
								"south": {"uv": [47, 5], "uv_size": [1.75, 1.75]},
								"west": {"uv": [51, 4], "uv_size": [0.75, 1.75]},
								"up": {"uv": [50, 36], "uv_size": [1.75, 0.75]},
								"down": {"uv": [50, 44.75], "uv_size": [1.75, -0.75]}
							}
						},
						{
							"origin": [-1.37062, 11.71849, 1.42983],
							"size": [0.36606, 0.35031, 0.12486],
							"inflate": 0.0003,
							"pivot": [-1.1876, 11.89364, 1.49227],
							"rotation": [-180, -31, -90],
							"uv": {
								"north": {"uv": [16, 47], "uv_size": [1.75, 1.75]},
								"east": {"uv": [5, 51], "uv_size": [0.75, 1.75]},
								"south": {"uv": [18, 47], "uv_size": [1.75, 1.75]},
								"west": {"uv": [6, 51], "uv_size": [0.75, 1.75]},
								"up": {"uv": [51, 6], "uv_size": [1.75, 0.75]},
								"down": {"uv": [7, 51.75], "uv_size": [1.75, -0.75]}
							}
						},
						{
							"origin": [-1.61346, 11.41808, 1.40128],
							"size": [0.36606, 0.35031, 0.1932],
							"inflate": 0.0003,
							"pivot": [-1.61376, 11.76869, 1.59478],
							"rotation": [90, 0, -47],
							"uv": {
								"north": {"uv": [20, 47], "uv_size": [1.75, 1.75]},
								"east": {"uv": [30, 50], "uv_size": [1, 1.75]},
								"south": {"uv": [22, 47], "uv_size": [1.75, 1.75]},
								"west": {"uv": [31, 50], "uv_size": [1, 1.75]},
								"up": {"uv": [47, 7], "uv_size": [1.75, 1]},
								"down": {"uv": [49, 46], "uv_size": [1.75, -1]}
							}
						},
						{
							"origin": [-0.76113, 11.4182, 1.7584],
							"size": [0.36606, 0.35031, 0.18699],
							"inflate": 0.0003,
							"pivot": [-0.76143, 11.76881, 1.94569],
							"rotation": [-90, 0, -132],
							"uv": {
								"north": {"uv": [24, 47], "uv_size": [1.75, 1.75]},
								"east": {"uv": [32, 50], "uv_size": [1, 1.75]},
								"south": {"uv": [26, 47], "uv_size": [1.75, 1.75]},
								"west": {"uv": [50, 33], "uv_size": [1, 1.75]},
								"up": {"uv": [35, 50], "uv_size": [1.75, 1]},
								"down": {"uv": [50, 36], "uv_size": [1.75, -1]}
							}
						},
						{
							"origin": [-1.47321, 11.72397, 1.34961],
							"size": [0.15499, 0.35047, 0.84567],
							"inflate": 0.0002,
							"pivot": [-1.1876, 11.89921, 1.77289],
							"rotation": [-45, 0, -90],
							"uv": {
								"north": {"uv": [9, 51], "uv_size": [0.75, 1.75]},
								"east": {"uv": [9, 41], "uv_size": [4.25, 1.75]},
								"south": {"uv": [16, 51], "uv_size": [0.75, 1.75]},
								"west": {"uv": [14, 41], "uv_size": [4.25, 1.75]},
								"up": {"uv": [3, 47], "uv_size": [0.75, 4.25]},
								"down": {"uv": [4, 51.25], "uv_size": [0.75, -4.25]}
							}
						},
						{
							"origin": [-1.36145, 12.15017, 1.45803],
							"size": [0.3479, 0.25568, 0.0823],
							"pivot": [-1.1875, 12.27801, 1.76667],
							"rotation": [-45, 0, 0],
							"uv": {
								"north": {"uv": [39, 48], "uv_size": [1.75, 1.25]},
								"east": {"uv": [5, 53], "uv_size": [0.5, 1.25]},
								"south": {"uv": [41, 48], "uv_size": [1.75, 1.25]},
								"west": {"uv": [53, 5], "uv_size": [0.5, 1.25]},
								"up": {"uv": [52, 32], "uv_size": [1.75, 0.5]},
								"down": {"uv": [52, 33.5], "uv_size": [1.75, -0.5]}
							}
						},
						{
							"origin": [-1.36185, 12.14977, 1.45763],
							"size": [0.3487, 0.25648, 0.0831],
							"inflate": -0.0005,
							"uv": {
								"north": {"uv": [48, 46], "uv_size": [1.75, 1.25]},
								"east": {"uv": [6, 53], "uv_size": [0.5, 1.25]},
								"south": {"uv": [48, 48], "uv_size": [1.75, 1.25]},
								"west": {"uv": [9, 53], "uv_size": [0.5, 1.25]},
								"up": {"uv": [52, 35], "uv_size": [1.75, 0.5]},
								"down": {"uv": [52, 36.5], "uv_size": [1.75, -0.5]}
							}
						},
						{
							"origin": [-1.36145, 12.15017, 1.993],
							"size": [0.3479, 0.25568, 0.0823],
							"pivot": [-1.1875, 12.27801, 1.76667],
							"rotation": [-45, 0, 0],
							"uv": {
								"north": {"uv": [49, 4], "uv_size": [1.75, 1.25]},
								"east": {"uv": [10, 53], "uv_size": [0.5, 1.25]},
								"south": {"uv": [5, 49], "uv_size": [1.75, 1.25]},
								"west": {"uv": [11, 53], "uv_size": [0.5, 1.25]},
								"up": {"uv": [37, 52], "uv_size": [1.75, 0.5]},
								"down": {"uv": [52, 37.5], "uv_size": [1.75, -0.5]}
							}
						},
						{
							"origin": [-1.36185, 12.14977, 1.9926],
							"size": [0.3487, 0.25648, 0.0831],
							"inflate": -0.0005,
							"uv": {
								"north": {"uv": [49, 6], "uv_size": [1.75, 1.25]},
								"east": {"uv": [12, 53], "uv_size": [0.5, 1.25]},
								"south": {"uv": [7, 49], "uv_size": [1.75, 1.25]},
								"west": {"uv": [13, 53], "uv_size": [0.5, 1.25]},
								"up": {"uv": [52, 38], "uv_size": [1.75, 0.5]},
								"down": {"uv": [39, 52.5], "uv_size": [1.75, -0.5]}
							}
						},
						{
							"origin": [-1.36153, 11.9693, 1.63874],
							"size": [0.34806, 0.08246, 0.25584],
							"inflate": -0.0001,
							"pivot": [-1.1875, 12.27801, 1.76667],
							"rotation": [-45, 0, 0],
							"uv": {
								"north": {"uv": [41, 52], "uv_size": [1.75, 0.5]},
								"east": {"uv": [53, 7], "uv_size": [1.25, 0.5]},
								"south": {"uv": [52, 42], "uv_size": [1.75, 0.5]},
								"west": {"uv": [14, 53], "uv_size": [1.25, 0.5]},
								"up": {"uv": [16, 49], "uv_size": [1.75, 1.25]},
								"down": {"uv": [18, 50.25], "uv_size": [1.75, -1.25]}
							}
						},
						{
							"origin": [-1.36161, 11.96922, 1.63866],
							"size": [0.34822, 0.08262, 0.256],
							"inflate": -0.0002,
							"uv": {
								"north": {"uv": [52, 43], "uv_size": [1.75, 0.5]},
								"east": {"uv": [16, 53], "uv_size": [1.25, 0.5]},
								"south": {"uv": [52, 44], "uv_size": [1.75, 0.5]},
								"west": {"uv": [20, 53], "uv_size": [1.25, 0.5]},
								"up": {"uv": [20, 49], "uv_size": [1.75, 1.25]},
								"down": {"uv": [22, 50.25], "uv_size": [1.75, -1.25]}
							}
						},
						{
							"origin": [-1.36153, 12.50427, 1.63874],
							"size": [0.34806, 0.08246, 0.25584],
							"inflate": -0.0001,
							"pivot": [-1.1875, 12.27801, 1.76667],
							"rotation": [-45, 0, 0],
							"uv": {
								"north": {"uv": [45, 52], "uv_size": [1.75, 0.5]},
								"east": {"uv": [22, 53], "uv_size": [1.25, 0.5]},
								"south": {"uv": [48, 52], "uv_size": [1.75, 0.5]},
								"west": {"uv": [26, 53], "uv_size": [1.25, 0.5]},
								"up": {"uv": [24, 49], "uv_size": [1.75, 1.25]},
								"down": {"uv": [26, 50.25], "uv_size": [1.75, -1.25]}
							}
						},
						{
							"origin": [-1.36161, 12.50419, 1.63866],
							"size": [0.34822, 0.08262, 0.256],
							"inflate": -0.0002,
							"uv": {
								"north": {"uv": [52, 51], "uv_size": [1.75, 0.5]},
								"east": {"uv": [53, 26], "uv_size": [1.25, 0.5]},
								"south": {"uv": [52, 52], "uv_size": [1.75, 0.5]},
								"west": {"uv": [53, 27], "uv_size": [1.25, 0.5]},
								"up": {"uv": [28, 49], "uv_size": [1.75, 1.25]},
								"down": {"uv": [49, 32.25], "uv_size": [1.75, -1.25]}
							}
						}
					]
				},
				{
					"name": "mag_standard_illuminated",
					"parent": "mag_standard",
					"pivot": [-1.54167, 7.00619, 1.73407],
					"cubes": [
						{
							"origin": [-2.2296, 10.30638, 1.6515],
							"size": [3.99033, 0.54505, 0.26043],
							"pivot": [-1.14618, 10.53706, 1.72529],
							"rotation": [-45, 0, 90],
							"uv": {
								"north": {"uv": [0, 0], "uv_size": [20, 2.75]},
								"east": {"uv": [30, 45], "uv_size": [1.25, 2.75]},
								"south": {"uv": [0, 3], "uv_size": [20, 2.75]},
								"west": {"uv": [7, 46], "uv_size": [1.25, 2.75]},
								"up": {"uv": [20, 3], "uv_size": [20, 1.25]},
								"down": {"uv": [20, 6.25], "uv_size": [20, -1.25]}
							}
						},
						{
							"origin": [-2.22952, 10.18288, 1.63506],
							"size": [3.99016, 0.54488, 0.26026],
							"inflate": 0.0001,
							"pivot": [-1.14618, 10.53706, 1.72529],
							"rotation": [0, 0, 90],
							"uv": {
								"north": {"uv": [0, 6], "uv_size": [20, 2.75]},
								"east": {"uv": [46, 31], "uv_size": [1.25, 2.75]},
								"south": {"uv": [0, 9], "uv_size": [20, 2.75]},
								"west": {"uv": [46, 34], "uv_size": [1.25, 2.75]},
								"up": {"uv": [20, 7], "uv_size": [20, 1.25]},
								"down": {"uv": [20, 10.25], "uv_size": [20, -1.25]}
							}
						},
						{
							"origin": [-2.2296, 10.2227, 1.6515],
							"size": [3.99033, 0.08383, 0.26043],
							"pivot": [-1.14618, 10.53706, 1.72529],
							"rotation": [-45, 0, 90],
							"uv": {
								"north": {"uv": [40, 8], "uv_size": [20, 0.5]},
								"east": {"uv": [53, 0], "uv_size": [1.25, 0.5]},
								"south": {"uv": [40, 9], "uv_size": [20, 0.5]},
								"west": {"uv": [1, 53], "uv_size": [1.25, 0.5]},
								"up": {"uv": [20, 11], "uv_size": [20, 1.25]},
								"down": {"uv": [20, 14.25], "uv_size": [20, -1.25]}
							}
						},
						{
							"origin": [-2.22935, 10.3672, 1.53476],
							"size": [3.98982, 0.25992, 0.54454],
							"inflate": 0.0003,
							"pivot": [-1.14618, 10.53706, 1.72529],
							"rotation": [0, 0, 90],
							"uv": {
								"north": {"uv": [20, 15], "uv_size": [20, 1.25]},
								"east": {"uv": [35, 46], "uv_size": [2.75, 1.25]},
								"south": {"uv": [20, 17], "uv_size": [20, 1.25]},
								"west": {"uv": [38, 46], "uv_size": [2.75, 1.25]},
								"up": {"uv": [0, 12], "uv_size": [20, 2.75]},
								"down": {"uv": [0, 17.75], "uv_size": [20, -2.75]}
							}
						},
						{
							"origin": [-2.22943, 10.40702, 2.01242],
							"size": [3.98999, 0.26009, 0.08349],
							"inflate": 0.0002,
							"pivot": [-1.14618, 10.53706, 1.72529],
							"rotation": [-45, 0, 90],
							"uv": {
								"north": {"uv": [20, 19], "uv_size": [20, 1.25]},
								"east": {"uv": [43, 52], "uv_size": [0.5, 1.25]},
								"south": {"uv": [0, 21], "uv_size": [20, 1.25]},
								"west": {"uv": [50, 52], "uv_size": [0.5, 1.25]},
								"up": {"uv": [40, 10], "uv_size": [20, 0.5]},
								"down": {"uv": [40, 11.5], "uv_size": [20, -0.5]}
							}
						},
						{
							"origin": [-2.22943, 10.40702, 1.46752],
							"size": [3.98999, 0.26009, 0.54471],
							"inflate": 0.0002,
							"pivot": [-1.14618, 10.53706, 1.72529],
							"rotation": [-45, 0, 90],
							"uv": {
								"north": {"uv": [20, 21], "uv_size": [20, 1.25]},
								"east": {"uv": [41, 46], "uv_size": [2.75, 1.25]},
								"south": {"uv": [0, 23], "uv_size": [20, 1.25]},
								"west": {"uv": [46, 42], "uv_size": [2.75, 1.25]},
								"up": {"uv": [0, 18], "uv_size": [20, 2.75]},
								"down": {"uv": [20, 2.75], "uv_size": [20, -2.75]}
							}
						},
						{
							"origin": [-2.22935, 10.3672, 1.45108],
							"size": [3.98982, 0.25992, 0.08332],
							"inflate": 0.0003,
							"pivot": [-1.14618, 10.53706, 1.72529],
							"rotation": [0, 0, 90],
							"uv": {
								"north": {"uv": [20, 23], "uv_size": [20, 1.25]},
								"east": {"uv": [3, 53], "uv_size": [0.5, 1.25]},
								"south": {"uv": [0, 25], "uv_size": [20, 1.25]},
								"west": {"uv": [4, 53], "uv_size": [0.5, 1.25]},
								"up": {"uv": [40, 12], "uv_size": [20, 0.5]},
								"down": {"uv": [40, 13.5], "uv_size": [20, -0.5]}
							}
						},
						{
							"origin": [-2.22952, 10.72778, 1.63506],
							"size": [3.99016, 0.08366, 0.26026],
							"inflate": 0.0001,
							"pivot": [-1.14618, 10.53706, 1.72529],
							"rotation": [0, 0, 90],
							"uv": {
								"north": {"uv": [40, 14], "uv_size": [20, 0.5]},
								"east": {"uv": [53, 1], "uv_size": [1.25, 0.5]},
								"south": {"uv": [40, 15], "uv_size": [20, 0.5]},
								"west": {"uv": [53, 4], "uv_size": [1.25, 0.5]},
								"up": {"uv": [20, 25], "uv_size": [20, 1.25]},
								"down": {"uv": [0, 28.25], "uv_size": [20, -1.25]}
							}
						}
					]
				},
				{
					"name": "mag_extended_1",
					"parent": "magazine",
					"pivot": [-1.54167, 7.23605, 1.73407],
					"cubes": [
						{
							"origin": [-0.53495, 10.57474, 1.34973],
							"size": [0.44676, 0.35025, 0.11238],
							"inflate": 0.0003,
							"pivot": [-1.18756, 10.74984, 1.77287],
							"rotation": [0, 0, -90],
							"uv": {
								"north": {"uv": [26, 37], "uv_size": [7, 1.75]},
								"east": {"uv": [52, 4], "uv_size": [0.5, 1.75]},
								"south": {"uv": [33, 37], "uv_size": [7, 1.75]},
								"west": {"uv": [7, 52], "uv_size": [0.5, 1.75]},
								"up": {"uv": [16, 44], "uv_size": [7, 0.5]},
								"down": {"uv": [23, 44.5], "uv_size": [7, -0.5]}
							}
						},
						{
							"origin": [-0.53525, 10.32639, 1.59748],
							"size": [0.4473, 0.11292, 0.35079],
							"pivot": [-1.18756, 10.74984, 1.77287],
							"rotation": [-45, 0, -90],
							"uv": {
								"north": {"uv": [43, 44], "uv_size": [7, 0.5]},
								"east": {"uv": [10, 52], "uv_size": [1.75, 0.5]},
								"south": {"uv": [16, 45], "uv_size": [7, 0.5]},
								"west": {"uv": [12, 52], "uv_size": [1.75, 0.5]},
								"up": {"uv": [0, 39], "uv_size": [7, 1.75]},
								"down": {"uv": [7, 40.75], "uv_size": [7, -1.75]}
							}
						},
						{
							"origin": [-0.53517, 10.32647, 1.59756],
							"size": [0.44714, 0.11276, 0.35063],
							"inflate": 0.0001,
							"pivot": [-1.18756, 10.74984, 1.77287],
							"rotation": [0, 0, -90],
							"uv": {
								"north": {"uv": [23, 45], "uv_size": [7, 0.5]},
								"east": {"uv": [14, 52], "uv_size": [1.75, 0.5]},
								"south": {"uv": [35, 45], "uv_size": [7, 0.5]},
								"west": {"uv": [17, 52], "uv_size": [1.75, 0.5]},
								"up": {"uv": [14, 39], "uv_size": [7, 1.75]},
								"down": {"uv": [21, 40.75], "uv_size": [7, -1.75]}
							}
						},
						{
							"origin": [-0.53509, 10.5746, 2.08356],
							"size": [0.44698, 0.35047, 0.1126],
							"inflate": 0.0002,
							"pivot": [-1.18756, 10.74984, 1.77287],
							"rotation": [-45, 0, -90],
							"uv": {
								"north": {"uv": [28, 39], "uv_size": [7, 1.75]},
								"east": {"uv": [8, 52], "uv_size": [0.5, 1.75]},
								"south": {"uv": [39, 29], "uv_size": [7, 1.75]},
								"west": {"uv": [19, 52], "uv_size": [0.5, 1.75]},
								"up": {"uv": [45, 37], "uv_size": [7, 0.5]},
								"down": {"uv": [45, 38.5], "uv_size": [7, -0.5]}
							}
						},
						{
							"origin": [-0.53525, 11.06036, 1.59748],
							"size": [0.4473, 0.11292, 0.35079],
							"pivot": [-1.18756, 10.74984, 1.77287],
							"rotation": [-45, 0, -90],
							"uv": {
								"north": {"uv": [42, 45], "uv_size": [7, 0.5]},
								"east": {"uv": [20, 52], "uv_size": [1.75, 0.5]},
								"south": {"uv": [0, 46], "uv_size": [7, 0.5]},
								"west": {"uv": [22, 52], "uv_size": [1.75, 0.5]},
								"up": {"uv": [39, 31], "uv_size": [7, 1.75]},
								"down": {"uv": [39, 34.75], "uv_size": [7, -1.75]}
							}
						},
						{
							"origin": [-0.53501, 10.57468, 2.08364],
							"size": [0.44682, 0.35031, 0.11244],
							"inflate": 0.0003,
							"pivot": [-1.18756, 10.74984, 1.77287],
							"rotation": [0, 0, -90],
							"uv": {
								"north": {"uv": [35, 39], "uv_size": [7, 1.75]},
								"east": {"uv": [24, 52], "uv_size": [0.5, 1.75]},
								"south": {"uv": [39, 35], "uv_size": [7, 1.75]},
								"west": {"uv": [25, 52], "uv_size": [0.5, 1.75]},
								"up": {"uv": [16, 46], "uv_size": [7, 0.5]},
								"down": {"uv": [23, 46.5], "uv_size": [7, -0.5]}
							}
						},
						{
							"origin": [-0.53517, 11.06044, 1.59756],
							"size": [0.44714, 0.11276, 0.35063],
							"inflate": 0.0001,
							"pivot": [-1.18756, 10.74984, 1.77287],
							"rotation": [0, 0, -90],
							"uv": {
								"north": {"uv": [46, 27], "uv_size": [7, 0.5]},
								"east": {"uv": [26, 52], "uv_size": [1.75, 0.5]},
								"south": {"uv": [46, 28], "uv_size": [7, 0.5]},
								"west": {"uv": [30, 52], "uv_size": [1.75, 0.5]},
								"up": {"uv": [40, 0], "uv_size": [7, 1.75]},
								"down": {"uv": [40, 3.75], "uv_size": [7, -1.75]}
							}
						},
						{
							"origin": [-0.53503, 10.57469, 1.34959],
							"size": [0.44692, 0.35039, 0.1126],
							"inflate": 0.0002,
							"pivot": [-1.18756, 10.74984, 1.77287],
							"rotation": [-45, 0, -90],
							"uv": {
								"north": {"uv": [40, 4], "uv_size": [7, 1.75]},
								"east": {"uv": [28, 52], "uv_size": [0.5, 1.75]},
								"south": {"uv": [40, 6], "uv_size": [7, 1.75]},
								"west": {"uv": [32, 52], "uv_size": [0.5, 1.75]},
								"up": {"uv": [46, 29], "uv_size": [7, 0.5]},
								"down": {"uv": [46, 30.5], "uv_size": [7, -0.5]}
							}
						},
						{
							"origin": [-1.46716, 11.70563, 1.5975],
							"size": [0.1491, 0.84599, 0.35079],
							"pivot": [-1.1876, 12.12907, 1.77289],
							"rotation": [-45, 0, -90],
							"uv": {
								"north": {"uv": [32, 45], "uv_size": [0.75, 4.25]},
								"east": {"uv": [40, 16], "uv_size": [1.75, 4.25]},
								"south": {"uv": [9, 46], "uv_size": [0.75, 4.25]},
								"west": {"uv": [40, 21], "uv_size": [1.75, 4.25]},
								"up": {"uv": [50, 46], "uv_size": [0.75, 1.75]},
								"down": {"uv": [48, 51.75], "uv_size": [0.75, -1.75]}
							}
						},
						{
							"origin": [-1.46708, 11.70571, 1.59758],
							"size": [0.14894, 0.84583, 0.35063],
							"inflate": 0.0001,
							"pivot": [-1.1876, 12.12907, 1.77289],
							"rotation": [0, 0, -90],
							"uv": {
								"north": {"uv": [0, 47], "uv_size": [0.75, 4.25]},
								"east": {"uv": [0, 41], "uv_size": [1.75, 4.25]},
								"south": {"uv": [47, 0], "uv_size": [0.75, 4.25]},
								"west": {"uv": [2, 41], "uv_size": [1.75, 4.25]},
								"up": {"uv": [50, 48], "uv_size": [0.75, 1.75]},
								"down": {"uv": [49, 51.75], "uv_size": [0.75, -1.75]}
							}
						},
						{
							"origin": [-1.46692, 11.95392, 1.34437],
							"size": [0.14862, 0.35031, 0.85173],
							"inflate": 0.0003,
							"pivot": [-1.1876, 12.12907, 1.77289],
							"rotation": [0, 0, -90],
							"uv": {
								"north": {"uv": [50, 50], "uv_size": [0.75, 1.75]},
								"east": {"uv": [40, 37], "uv_size": [4.25, 1.75]},
								"south": {"uv": [51, 0], "uv_size": [0.75, 1.75]},
								"west": {"uv": [4, 41], "uv_size": [4.25, 1.75]},
								"up": {"uv": [1, 47], "uv_size": [0.75, 4.25]},
								"down": {"uv": [2, 51.25], "uv_size": [0.75, -4.25]}
							}
						},
						{
							"origin": [-1.4666, 12.10334, 1.48758],
							"size": [0.22874, 0.34967, 0.56531],
							"inflate": 0.0007,
							"pivot": [-1.1876, 12.27817, 1.77289],
							"rotation": [0, 0, -90],
							"uv": {
								"north": {"uv": [35, 48], "uv_size": [1.25, 1.75]},
								"east": {"uv": [30, 43], "uv_size": [2.75, 1.75]},
								"south": {"uv": [37, 48], "uv_size": [1.25, 1.75]},
								"west": {"uv": [43, 42], "uv_size": [2.75, 1.75]},
								"up": {"uv": [44, 46], "uv_size": [1.25, 2.75]},
								"down": {"uv": [46, 48.75], "uv_size": [1.25, -2.75]}
							}
						},
						{
							"origin": [-1.01184, 11.99885, 2.07124],
							"size": [0.36606, 0.35031, 0.12486],
							"inflate": 0.0003,
							"pivot": [-1.01214, 11.99855, 2.1964],
							"rotation": [0, 31, -90],
							"uv": {
								"north": {"uv": [5, 47], "uv_size": [1.75, 1.75]},
								"east": {"uv": [51, 2], "uv_size": [0.75, 1.75]},
								"south": {"uv": [47, 5], "uv_size": [1.75, 1.75]},
								"west": {"uv": [51, 4], "uv_size": [0.75, 1.75]},
								"up": {"uv": [50, 36], "uv_size": [1.75, 0.75]},
								"down": {"uv": [50, 44.75], "uv_size": [1.75, -0.75]}
							}
						},
						{
							"origin": [-1.37062, 11.94835, 1.42983],
							"size": [0.36606, 0.35031, 0.12486],
							"inflate": 0.0003,
							"pivot": [-1.1876, 12.1235, 1.49227],
							"rotation": [-180, -31, -90],
							"uv": {
								"north": {"uv": [16, 47], "uv_size": [1.75, 1.75]},
								"east": {"uv": [5, 51], "uv_size": [0.75, 1.75]},
								"south": {"uv": [18, 47], "uv_size": [1.75, 1.75]},
								"west": {"uv": [6, 51], "uv_size": [0.75, 1.75]},
								"up": {"uv": [51, 6], "uv_size": [1.75, 0.75]},
								"down": {"uv": [7, 51.75], "uv_size": [1.75, -0.75]}
							}
						},
						{
							"origin": [-1.61346, 11.64794, 1.40128],
							"size": [0.36606, 0.35031, 0.1932],
							"inflate": 0.0003,
							"pivot": [-1.61376, 11.99855, 1.59478],
							"rotation": [90, 0, -47],
							"uv": {
								"north": {"uv": [20, 47], "uv_size": [1.75, 1.75]},
								"east": {"uv": [30, 50], "uv_size": [1, 1.75]},
								"south": {"uv": [22, 47], "uv_size": [1.75, 1.75]},
								"west": {"uv": [31, 50], "uv_size": [1, 1.75]},
								"up": {"uv": [47, 7], "uv_size": [1.75, 1]},
								"down": {"uv": [49, 46], "uv_size": [1.75, -1]}
							}
						},
						{
							"origin": [-0.76113, 11.64806, 1.7584],
							"size": [0.36606, 0.35031, 0.18699],
							"inflate": 0.0003,
							"pivot": [-0.76143, 11.99867, 1.94569],
							"rotation": [-90, 0, -132],
							"uv": {
								"north": {"uv": [24, 47], "uv_size": [1.75, 1.75]},
								"east": {"uv": [32, 50], "uv_size": [1, 1.75]},
								"south": {"uv": [26, 47], "uv_size": [1.75, 1.75]},
								"west": {"uv": [50, 33], "uv_size": [1, 1.75]},
								"up": {"uv": [35, 50], "uv_size": [1.75, 1]},
								"down": {"uv": [50, 36], "uv_size": [1.75, -1]}
							}
						},
						{
							"origin": [-1.47321, 11.95384, 1.34961],
							"size": [0.15499, 0.35047, 0.84567],
							"inflate": 0.0002,
							"pivot": [-1.1876, 12.12907, 1.77289],
							"rotation": [-45, 0, -90],
							"uv": {
								"north": {"uv": [9, 51], "uv_size": [0.75, 1.75]},
								"east": {"uv": [9, 41], "uv_size": [4.25, 1.75]},
								"south": {"uv": [16, 51], "uv_size": [0.75, 1.75]},
								"west": {"uv": [14, 41], "uv_size": [4.25, 1.75]},
								"up": {"uv": [3, 47], "uv_size": [0.75, 4.25]},
								"down": {"uv": [4, 51.25], "uv_size": [0.75, -4.25]}
							}
						},
						{
							"origin": [-1.36145, 12.38003, 1.45803],
							"size": [0.3479, 0.25568, 0.0823],
							"pivot": [-1.1875, 12.50788, 1.76667],
							"rotation": [-45, 0, 0],
							"uv": {
								"north": {"uv": [39, 48], "uv_size": [1.75, 1.25]},
								"east": {"uv": [5, 53], "uv_size": [0.5, 1.25]},
								"south": {"uv": [41, 48], "uv_size": [1.75, 1.25]},
								"west": {"uv": [53, 5], "uv_size": [0.5, 1.25]},
								"up": {"uv": [52, 32], "uv_size": [1.75, 0.5]},
								"down": {"uv": [52, 33.5], "uv_size": [1.75, -0.5]}
							}
						},
						{
							"origin": [-1.36185, 12.37963, 1.45763],
							"size": [0.3487, 0.25648, 0.0831],
							"inflate": -0.0005,
							"uv": {
								"north": {"uv": [48, 46], "uv_size": [1.75, 1.25]},
								"east": {"uv": [6, 53], "uv_size": [0.5, 1.25]},
								"south": {"uv": [48, 48], "uv_size": [1.75, 1.25]},
								"west": {"uv": [9, 53], "uv_size": [0.5, 1.25]},
								"up": {"uv": [52, 35], "uv_size": [1.75, 0.5]},
								"down": {"uv": [52, 36.5], "uv_size": [1.75, -0.5]}
							}
						},
						{
							"origin": [-1.36145, 12.38003, 1.993],
							"size": [0.3479, 0.25568, 0.0823],
							"pivot": [-1.1875, 12.50788, 1.76667],
							"rotation": [-45, 0, 0],
							"uv": {
								"north": {"uv": [49, 4], "uv_size": [1.75, 1.25]},
								"east": {"uv": [10, 53], "uv_size": [0.5, 1.25]},
								"south": {"uv": [5, 49], "uv_size": [1.75, 1.25]},
								"west": {"uv": [11, 53], "uv_size": [0.5, 1.25]},
								"up": {"uv": [37, 52], "uv_size": [1.75, 0.5]},
								"down": {"uv": [52, 37.5], "uv_size": [1.75, -0.5]}
							}
						},
						{
							"origin": [-1.36185, 12.37963, 1.9926],
							"size": [0.3487, 0.25648, 0.0831],
							"inflate": -0.0005,
							"uv": {
								"north": {"uv": [49, 6], "uv_size": [1.75, 1.25]},
								"east": {"uv": [12, 53], "uv_size": [0.5, 1.25]},
								"south": {"uv": [7, 49], "uv_size": [1.75, 1.25]},
								"west": {"uv": [13, 53], "uv_size": [0.5, 1.25]},
								"up": {"uv": [52, 38], "uv_size": [1.75, 0.5]},
								"down": {"uv": [39, 52.5], "uv_size": [1.75, -0.5]}
							}
						},
						{
							"origin": [-1.36153, 12.19916, 1.63874],
							"size": [0.34806, 0.08246, 0.25584],
							"inflate": -0.0001,
							"pivot": [-1.1875, 12.50788, 1.76667],
							"rotation": [-45, 0, 0],
							"uv": {
								"north": {"uv": [41, 52], "uv_size": [1.75, 0.5]},
								"east": {"uv": [53, 7], "uv_size": [1.25, 0.5]},
								"south": {"uv": [52, 42], "uv_size": [1.75, 0.5]},
								"west": {"uv": [14, 53], "uv_size": [1.25, 0.5]},
								"up": {"uv": [16, 49], "uv_size": [1.75, 1.25]},
								"down": {"uv": [18, 50.25], "uv_size": [1.75, -1.25]}
							}
						},
						{
							"origin": [-1.36161, 12.19908, 1.63866],
							"size": [0.34822, 0.08262, 0.256],
							"inflate": -0.0002,
							"uv": {
								"north": {"uv": [52, 43], "uv_size": [1.75, 0.5]},
								"east": {"uv": [16, 53], "uv_size": [1.25, 0.5]},
								"south": {"uv": [52, 44], "uv_size": [1.75, 0.5]},
								"west": {"uv": [20, 53], "uv_size": [1.25, 0.5]},
								"up": {"uv": [20, 49], "uv_size": [1.75, 1.25]},
								"down": {"uv": [22, 50.25], "uv_size": [1.75, -1.25]}
							}
						},
						{
							"origin": [-1.36153, 12.73413, 1.63874],
							"size": [0.34806, 0.08246, 0.25584],
							"inflate": -0.0001,
							"pivot": [-1.1875, 12.50788, 1.76667],
							"rotation": [-45, 0, 0],
							"uv": {
								"north": {"uv": [45, 52], "uv_size": [1.75, 0.5]},
								"east": {"uv": [22, 53], "uv_size": [1.25, 0.5]},
								"south": {"uv": [48, 52], "uv_size": [1.75, 0.5]},
								"west": {"uv": [26, 53], "uv_size": [1.25, 0.5]},
								"up": {"uv": [24, 49], "uv_size": [1.75, 1.25]},
								"down": {"uv": [26, 50.25], "uv_size": [1.75, -1.25]}
							}
						},
						{
							"origin": [-1.36161, 12.73405, 1.63866],
							"size": [0.34822, 0.08262, 0.256],
							"inflate": -0.0002,
							"uv": {
								"north": {"uv": [52, 51], "uv_size": [1.75, 0.5]},
								"east": {"uv": [53, 26], "uv_size": [1.25, 0.5]},
								"south": {"uv": [52, 52], "uv_size": [1.75, 0.5]},
								"west": {"uv": [53, 27], "uv_size": [1.25, 0.5]},
								"up": {"uv": [28, 49], "uv_size": [1.75, 1.25]},
								"down": {"uv": [49, 32.25], "uv_size": [1.75, -1.25]}
							}
						}
					]
				},
				{
					"name": "mag_extended_1_illuminated",
					"parent": "mag_extended_1",
					"pivot": [-1.54167, 7.23605, 1.73407],
					"cubes": [
						{
							"origin": [-2.2296, 10.53624, 1.6515],
							"size": [3.99033, 0.54505, 0.26043],
							"pivot": [-1.14618, 10.76692, 1.72529],
							"rotation": [-45, 0, 90],
							"uv": {
								"north": {"uv": [0, 0], "uv_size": [20, 2.75]},
								"east": {"uv": [30, 45], "uv_size": [1.25, 2.75]},
								"south": {"uv": [0, 3], "uv_size": [20, 2.75]},
								"west": {"uv": [7, 46], "uv_size": [1.25, 2.75]},
								"up": {"uv": [20, 3], "uv_size": [20, 1.25]},
								"down": {"uv": [20, 6.25], "uv_size": [20, -1.25]}
							}
						},
						{
							"origin": [-2.22952, 10.41275, 1.63506],
							"size": [3.99016, 0.54488, 0.26026],
							"inflate": 0.0001,
							"pivot": [-1.14618, 10.76692, 1.72529],
							"rotation": [0, 0, 90],
							"uv": {
								"north": {"uv": [0, 6], "uv_size": [20, 2.75]},
								"east": {"uv": [46, 31], "uv_size": [1.25, 2.75]},
								"south": {"uv": [0, 9], "uv_size": [20, 2.75]},
								"west": {"uv": [46, 34], "uv_size": [1.25, 2.75]},
								"up": {"uv": [20, 7], "uv_size": [20, 1.25]},
								"down": {"uv": [20, 10.25], "uv_size": [20, -1.25]}
							}
						},
						{
							"origin": [-2.2296, 10.45256, 1.6515],
							"size": [3.99033, 0.08383, 0.26043],
							"pivot": [-1.14618, 10.76692, 1.72529],
							"rotation": [-45, 0, 90],
							"uv": {
								"north": {"uv": [40, 8], "uv_size": [20, 0.5]},
								"east": {"uv": [53, 0], "uv_size": [1.25, 0.5]},
								"south": {"uv": [40, 9], "uv_size": [20, 0.5]},
								"west": {"uv": [1, 53], "uv_size": [1.25, 0.5]},
								"up": {"uv": [20, 11], "uv_size": [20, 1.25]},
								"down": {"uv": [20, 14.25], "uv_size": [20, -1.25]}
							}
						},
						{
							"origin": [-2.22935, 10.59707, 1.53476],
							"size": [3.98982, 0.25992, 0.54454],
							"inflate": 0.0003,
							"pivot": [-1.14618, 10.76692, 1.72529],
							"rotation": [0, 0, 90],
							"uv": {
								"north": {"uv": [20, 15], "uv_size": [20, 1.25]},
								"east": {"uv": [35, 46], "uv_size": [2.75, 1.25]},
								"south": {"uv": [20, 17], "uv_size": [20, 1.25]},
								"west": {"uv": [38, 46], "uv_size": [2.75, 1.25]},
								"up": {"uv": [0, 12], "uv_size": [20, 2.75]},
								"down": {"uv": [0, 17.75], "uv_size": [20, -2.75]}
							}
						},
						{
							"origin": [-2.22943, 10.63688, 2.01242],
							"size": [3.98999, 0.26009, 0.08349],
							"inflate": 0.0002,
							"pivot": [-1.14618, 10.76692, 1.72529],
							"rotation": [-45, 0, 90],
							"uv": {
								"north": {"uv": [20, 19], "uv_size": [20, 1.25]},
								"east": {"uv": [43, 52], "uv_size": [0.5, 1.25]},
								"south": {"uv": [0, 21], "uv_size": [20, 1.25]},
								"west": {"uv": [50, 52], "uv_size": [0.5, 1.25]},
								"up": {"uv": [40, 10], "uv_size": [20, 0.5]},
								"down": {"uv": [40, 11.5], "uv_size": [20, -0.5]}
							}
						},
						{
							"origin": [-2.22943, 10.63688, 1.46752],
							"size": [3.98999, 0.26009, 0.54471],
							"inflate": 0.0002,
							"pivot": [-1.14618, 10.76692, 1.72529],
							"rotation": [-45, 0, 90],
							"uv": {
								"north": {"uv": [20, 21], "uv_size": [20, 1.25]},
								"east": {"uv": [41, 46], "uv_size": [2.75, 1.25]},
								"south": {"uv": [0, 23], "uv_size": [20, 1.25]},
								"west": {"uv": [46, 42], "uv_size": [2.75, 1.25]},
								"up": {"uv": [0, 18], "uv_size": [20, 2.75]},
								"down": {"uv": [20, 2.75], "uv_size": [20, -2.75]}
							}
						},
						{
							"origin": [-2.22935, 10.59707, 1.45108],
							"size": [3.98982, 0.25992, 0.08332],
							"inflate": 0.0003,
							"pivot": [-1.14618, 10.76692, 1.72529],
							"rotation": [0, 0, 90],
							"uv": {
								"north": {"uv": [20, 23], "uv_size": [20, 1.25]},
								"east": {"uv": [3, 53], "uv_size": [0.5, 1.25]},
								"south": {"uv": [0, 25], "uv_size": [20, 1.25]},
								"west": {"uv": [4, 53], "uv_size": [0.5, 1.25]},
								"up": {"uv": [40, 12], "uv_size": [20, 0.5]},
								"down": {"uv": [40, 13.5], "uv_size": [20, -0.5]}
							}
						},
						{
							"origin": [-2.22952, 10.95764, 1.63506],
							"size": [3.99016, 0.08366, 0.26026],
							"inflate": 0.0001,
							"pivot": [-1.14618, 10.76692, 1.72529],
							"rotation": [0, 0, 90],
							"uv": {
								"north": {"uv": [40, 14], "uv_size": [20, 0.5]},
								"east": {"uv": [53, 1], "uv_size": [1.25, 0.5]},
								"south": {"uv": [40, 15], "uv_size": [20, 0.5]},
								"west": {"uv": [53, 4], "uv_size": [1.25, 0.5]},
								"up": {"uv": [20, 25], "uv_size": [20, 1.25]},
								"down": {"uv": [0, 28.25], "uv_size": [20, -1.25]}
							}
						}
					]
				},
				{
					"name": "mag_extended_2",
					"parent": "magazine",
					"pivot": [-1.54167, 7.5591, 1.73407],
					"cubes": [
						{
							"origin": [-0.83936, 10.89779, 1.34973],
							"size": [0.75117, 0.35025, 0.11238],
							"inflate": 0.0003,
							"pivot": [-1.18756, 11.07289, 1.77287],
							"rotation": [0, 0, -90],
							"uv": {
								"north": {"uv": [26, 37], "uv_size": [7, 1.75]},
								"east": {"uv": [52, 4], "uv_size": [0.5, 1.75]},
								"south": {"uv": [33, 37], "uv_size": [7, 1.75]},
								"west": {"uv": [7, 52], "uv_size": [0.5, 1.75]},
								"up": {"uv": [16, 44], "uv_size": [7, 0.5]},
								"down": {"uv": [23, 44.5], "uv_size": [7, -0.5]}
							}
						},
						{
							"origin": [-0.83966, 10.64944, 1.59748],
							"size": [0.75171, 0.11292, 0.35079],
							"pivot": [-1.18756, 11.07289, 1.77287],
							"rotation": [-45, 0, -90],
							"uv": {
								"north": {"uv": [43, 44], "uv_size": [7, 0.5]},
								"east": {"uv": [10, 52], "uv_size": [1.75, 0.5]},
								"south": {"uv": [16, 45], "uv_size": [7, 0.5]},
								"west": {"uv": [12, 52], "uv_size": [1.75, 0.5]},
								"up": {"uv": [0, 39], "uv_size": [7, 1.75]},
								"down": {"uv": [7, 40.75], "uv_size": [7, -1.75]}
							}
						},
						{
							"origin": [-0.83958, 10.64952, 1.59756],
							"size": [0.75155, 0.11276, 0.35063],
							"inflate": 0.0001,
							"pivot": [-1.18756, 11.07289, 1.77287],
							"rotation": [0, 0, -90],
							"uv": {
								"north": {"uv": [23, 45], "uv_size": [7, 0.5]},
								"east": {"uv": [14, 52], "uv_size": [1.75, 0.5]},
								"south": {"uv": [35, 45], "uv_size": [7, 0.5]},
								"west": {"uv": [17, 52], "uv_size": [1.75, 0.5]},
								"up": {"uv": [14, 39], "uv_size": [7, 1.75]},
								"down": {"uv": [21, 40.75], "uv_size": [7, -1.75]}
							}
						},
						{
							"origin": [-0.8395, 10.89765, 2.08356],
							"size": [0.75139, 0.35047, 0.1126],
							"inflate": 0.0002,
							"pivot": [-1.18756, 11.07289, 1.77287],
							"rotation": [-45, 0, -90],
							"uv": {
								"north": {"uv": [28, 39], "uv_size": [7, 1.75]},
								"east": {"uv": [8, 52], "uv_size": [0.5, 1.75]},
								"south": {"uv": [39, 29], "uv_size": [7, 1.75]},
								"west": {"uv": [19, 52], "uv_size": [0.5, 1.75]},
								"up": {"uv": [45, 37], "uv_size": [7, 0.5]},
								"down": {"uv": [45, 38.5], "uv_size": [7, -0.5]}
							}
						},
						{
							"origin": [-0.83966, 11.38341, 1.59748],
							"size": [0.75171, 0.11292, 0.35079],
							"pivot": [-1.18756, 11.07289, 1.77287],
							"rotation": [-45, 0, -90],
							"uv": {
								"north": {"uv": [42, 45], "uv_size": [7, 0.5]},
								"east": {"uv": [20, 52], "uv_size": [1.75, 0.5]},
								"south": {"uv": [0, 46], "uv_size": [7, 0.5]},
								"west": {"uv": [22, 52], "uv_size": [1.75, 0.5]},
								"up": {"uv": [39, 31], "uv_size": [7, 1.75]},
								"down": {"uv": [39, 34.75], "uv_size": [7, -1.75]}
							}
						},
						{
							"origin": [-0.83942, 10.89773, 2.08364],
							"size": [0.75123, 0.35031, 0.11244],
							"inflate": 0.0003,
							"pivot": [-1.18756, 11.07289, 1.77287],
							"rotation": [0, 0, -90],
							"uv": {
								"north": {"uv": [35, 39], "uv_size": [7, 1.75]},
								"east": {"uv": [24, 52], "uv_size": [0.5, 1.75]},
								"south": {"uv": [39, 35], "uv_size": [7, 1.75]},
								"west": {"uv": [25, 52], "uv_size": [0.5, 1.75]},
								"up": {"uv": [16, 46], "uv_size": [7, 0.5]},
								"down": {"uv": [23, 46.5], "uv_size": [7, -0.5]}
							}
						},
						{
							"origin": [-0.83958, 11.38349, 1.59756],
							"size": [0.75155, 0.11276, 0.35063],
							"inflate": 0.0001,
							"pivot": [-1.18756, 11.07289, 1.77287],
							"rotation": [0, 0, -90],
							"uv": {
								"north": {"uv": [46, 27], "uv_size": [7, 0.5]},
								"east": {"uv": [26, 52], "uv_size": [1.75, 0.5]},
								"south": {"uv": [46, 28], "uv_size": [7, 0.5]},
								"west": {"uv": [30, 52], "uv_size": [1.75, 0.5]},
								"up": {"uv": [40, 0], "uv_size": [7, 1.75]},
								"down": {"uv": [40, 3.75], "uv_size": [7, -1.75]}
							}
						},
						{
							"origin": [-0.83944, 10.89774, 1.34959],
							"size": [0.75133, 0.35039, 0.1126],
							"inflate": 0.0002,
							"pivot": [-1.18756, 11.07289, 1.77287],
							"rotation": [-45, 0, -90],
							"uv": {
								"north": {"uv": [40, 4], "uv_size": [7, 1.75]},
								"east": {"uv": [28, 52], "uv_size": [0.5, 1.75]},
								"south": {"uv": [40, 6], "uv_size": [7, 1.75]},
								"west": {"uv": [32, 52], "uv_size": [0.5, 1.75]},
								"up": {"uv": [46, 29], "uv_size": [7, 0.5]},
								"down": {"uv": [46, 30.5], "uv_size": [7, -0.5]}
							}
						},
						{
							"origin": [-1.46716, 12.02868, 1.5975],
							"size": [0.1491, 0.84599, 0.35079],
							"pivot": [-1.1876, 12.45212, 1.77289],
							"rotation": [-45, 0, -90],
							"uv": {
								"north": {"uv": [32, 45], "uv_size": [0.75, 4.25]},
								"east": {"uv": [40, 16], "uv_size": [1.75, 4.25]},
								"south": {"uv": [9, 46], "uv_size": [0.75, 4.25]},
								"west": {"uv": [40, 21], "uv_size": [1.75, 4.25]},
								"up": {"uv": [50, 46], "uv_size": [0.75, 1.75]},
								"down": {"uv": [48, 51.75], "uv_size": [0.75, -1.75]}
							}
						},
						{
							"origin": [-1.46708, 12.02876, 1.59758],
							"size": [0.14894, 0.84583, 0.35063],
							"inflate": 0.0001,
							"pivot": [-1.1876, 12.45212, 1.77289],
							"rotation": [0, 0, -90],
							"uv": {
								"north": {"uv": [0, 47], "uv_size": [0.75, 4.25]},
								"east": {"uv": [0, 41], "uv_size": [1.75, 4.25]},
								"south": {"uv": [47, 0], "uv_size": [0.75, 4.25]},
								"west": {"uv": [2, 41], "uv_size": [1.75, 4.25]},
								"up": {"uv": [50, 48], "uv_size": [0.75, 1.75]},
								"down": {"uv": [49, 51.75], "uv_size": [0.75, -1.75]}
							}
						},
						{
							"origin": [-1.46692, 12.27697, 1.34437],
							"size": [0.14862, 0.35031, 0.85173],
							"inflate": 0.0003,
							"pivot": [-1.1876, 12.45212, 1.77289],
							"rotation": [0, 0, -90],
							"uv": {
								"north": {"uv": [50, 50], "uv_size": [0.75, 1.75]},
								"east": {"uv": [40, 37], "uv_size": [4.25, 1.75]},
								"south": {"uv": [51, 0], "uv_size": [0.75, 1.75]},
								"west": {"uv": [4, 41], "uv_size": [4.25, 1.75]},
								"up": {"uv": [1, 47], "uv_size": [0.75, 4.25]},
								"down": {"uv": [2, 51.25], "uv_size": [0.75, -4.25]}
							}
						},
						{
							"origin": [-1.4666, 12.42639, 1.48758],
							"size": [0.22874, 0.34967, 0.56531],
							"inflate": 0.0007,
							"pivot": [-1.1876, 12.60122, 1.77289],
							"rotation": [0, 0, -90],
							"uv": {
								"north": {"uv": [35, 48], "uv_size": [1.25, 1.75]},
								"east": {"uv": [30, 43], "uv_size": [2.75, 1.75]},
								"south": {"uv": [37, 48], "uv_size": [1.25, 1.75]},
								"west": {"uv": [43, 42], "uv_size": [2.75, 1.75]},
								"up": {"uv": [44, 46], "uv_size": [1.25, 2.75]},
								"down": {"uv": [46, 48.75], "uv_size": [1.25, -2.75]}
							}
						},
						{
							"origin": [-1.01184, 12.3219, 2.07124],
							"size": [0.36606, 0.35031, 0.12486],
							"inflate": 0.0003,
							"pivot": [-1.01214, 12.3216, 2.1964],
							"rotation": [0, 31, -90],
							"uv": {
								"north": {"uv": [5, 47], "uv_size": [1.75, 1.75]},
								"east": {"uv": [51, 2], "uv_size": [0.75, 1.75]},
								"south": {"uv": [47, 5], "uv_size": [1.75, 1.75]},
								"west": {"uv": [51, 4], "uv_size": [0.75, 1.75]},
								"up": {"uv": [50, 36], "uv_size": [1.75, 0.75]},
								"down": {"uv": [50, 44.75], "uv_size": [1.75, -0.75]}
							}
						},
						{
							"origin": [-1.37062, 12.2714, 1.42983],
							"size": [0.36606, 0.35031, 0.12486],
							"inflate": 0.0003,
							"pivot": [-1.1876, 12.44655, 1.49227],
							"rotation": [-180, -31, -90],
							"uv": {
								"north": {"uv": [16, 47], "uv_size": [1.75, 1.75]},
								"east": {"uv": [5, 51], "uv_size": [0.75, 1.75]},
								"south": {"uv": [18, 47], "uv_size": [1.75, 1.75]},
								"west": {"uv": [6, 51], "uv_size": [0.75, 1.75]},
								"up": {"uv": [51, 6], "uv_size": [1.75, 0.75]},
								"down": {"uv": [7, 51.75], "uv_size": [1.75, -0.75]}
							}
						},
						{
							"origin": [-1.61346, 11.97099, 1.40128],
							"size": [0.36606, 0.35031, 0.1932],
							"inflate": 0.0003,
							"pivot": [-1.61376, 12.3216, 1.59478],
							"rotation": [90, 0, -47],
							"uv": {
								"north": {"uv": [20, 47], "uv_size": [1.75, 1.75]},
								"east": {"uv": [30, 50], "uv_size": [1, 1.75]},
								"south": {"uv": [22, 47], "uv_size": [1.75, 1.75]},
								"west": {"uv": [31, 50], "uv_size": [1, 1.75]},
								"up": {"uv": [47, 7], "uv_size": [1.75, 1]},
								"down": {"uv": [49, 46], "uv_size": [1.75, -1]}
							}
						},
						{
							"origin": [-0.76113, 11.97111, 1.7584],
							"size": [0.36606, 0.35031, 0.18699],
							"inflate": 0.0003,
							"pivot": [-0.76143, 12.32172, 1.94569],
							"rotation": [-90, 0, -132],
							"uv": {
								"north": {"uv": [24, 47], "uv_size": [1.75, 1.75]},
								"east": {"uv": [32, 50], "uv_size": [1, 1.75]},
								"south": {"uv": [26, 47], "uv_size": [1.75, 1.75]},
								"west": {"uv": [50, 33], "uv_size": [1, 1.75]},
								"up": {"uv": [35, 50], "uv_size": [1.75, 1]},
								"down": {"uv": [50, 36], "uv_size": [1.75, -1]}
							}
						},
						{
							"origin": [-1.47321, 12.27689, 1.34961],
							"size": [0.15499, 0.35047, 0.84567],
							"inflate": 0.0002,
							"pivot": [-1.1876, 12.45212, 1.77289],
							"rotation": [-45, 0, -90],
							"uv": {
								"north": {"uv": [9, 51], "uv_size": [0.75, 1.75]},
								"east": {"uv": [9, 41], "uv_size": [4.25, 1.75]},
								"south": {"uv": [16, 51], "uv_size": [0.75, 1.75]},
								"west": {"uv": [14, 41], "uv_size": [4.25, 1.75]},
								"up": {"uv": [3, 47], "uv_size": [0.75, 4.25]},
								"down": {"uv": [4, 51.25], "uv_size": [0.75, -4.25]}
							}
						},
						{
							"origin": [-1.36145, 12.70308, 1.45803],
							"size": [0.3479, 0.25568, 0.0823],
							"pivot": [-1.1875, 12.83093, 1.76667],
							"rotation": [-45, 0, 0],
							"uv": {
								"north": {"uv": [39, 48], "uv_size": [1.75, 1.25]},
								"east": {"uv": [5, 53], "uv_size": [0.5, 1.25]},
								"south": {"uv": [41, 48], "uv_size": [1.75, 1.25]},
								"west": {"uv": [53, 5], "uv_size": [0.5, 1.25]},
								"up": {"uv": [52, 32], "uv_size": [1.75, 0.5]},
								"down": {"uv": [52, 33.5], "uv_size": [1.75, -0.5]}
							}
						},
						{
							"origin": [-1.36185, 12.70268, 1.45763],
							"size": [0.3487, 0.25648, 0.0831],
							"inflate": -0.0005,
							"uv": {
								"north": {"uv": [48, 46], "uv_size": [1.75, 1.25]},
								"east": {"uv": [6, 53], "uv_size": [0.5, 1.25]},
								"south": {"uv": [48, 48], "uv_size": [1.75, 1.25]},
								"west": {"uv": [9, 53], "uv_size": [0.5, 1.25]},
								"up": {"uv": [52, 35], "uv_size": [1.75, 0.5]},
								"down": {"uv": [52, 36.5], "uv_size": [1.75, -0.5]}
							}
						},
						{
							"origin": [-1.36145, 12.70308, 1.993],
							"size": [0.3479, 0.25568, 0.0823],
							"pivot": [-1.1875, 12.83093, 1.76667],
							"rotation": [-45, 0, 0],
							"uv": {
								"north": {"uv": [49, 4], "uv_size": [1.75, 1.25]},
								"east": {"uv": [10, 53], "uv_size": [0.5, 1.25]},
								"south": {"uv": [5, 49], "uv_size": [1.75, 1.25]},
								"west": {"uv": [11, 53], "uv_size": [0.5, 1.25]},
								"up": {"uv": [37, 52], "uv_size": [1.75, 0.5]},
								"down": {"uv": [52, 37.5], "uv_size": [1.75, -0.5]}
							}
						},
						{
							"origin": [-1.36185, 12.70268, 1.9926],
							"size": [0.3487, 0.25648, 0.0831],
							"inflate": -0.0005,
							"uv": {
								"north": {"uv": [49, 6], "uv_size": [1.75, 1.25]},
								"east": {"uv": [12, 53], "uv_size": [0.5, 1.25]},
								"south": {"uv": [7, 49], "uv_size": [1.75, 1.25]},
								"west": {"uv": [13, 53], "uv_size": [0.5, 1.25]},
								"up": {"uv": [52, 38], "uv_size": [1.75, 0.5]},
								"down": {"uv": [39, 52.5], "uv_size": [1.75, -0.5]}
							}
						},
						{
							"origin": [-1.36153, 12.52221, 1.63874],
							"size": [0.34806, 0.08246, 0.25584],
							"inflate": -0.0001,
							"pivot": [-1.1875, 12.83093, 1.76667],
							"rotation": [-45, 0, 0],
							"uv": {
								"north": {"uv": [41, 52], "uv_size": [1.75, 0.5]},
								"east": {"uv": [53, 7], "uv_size": [1.25, 0.5]},
								"south": {"uv": [52, 42], "uv_size": [1.75, 0.5]},
								"west": {"uv": [14, 53], "uv_size": [1.25, 0.5]},
								"up": {"uv": [16, 49], "uv_size": [1.75, 1.25]},
								"down": {"uv": [18, 50.25], "uv_size": [1.75, -1.25]}
							}
						},
						{
							"origin": [-1.36161, 12.52213, 1.63866],
							"size": [0.34822, 0.08262, 0.256],
							"inflate": -0.0002,
							"uv": {
								"north": {"uv": [52, 43], "uv_size": [1.75, 0.5]},
								"east": {"uv": [16, 53], "uv_size": [1.25, 0.5]},
								"south": {"uv": [52, 44], "uv_size": [1.75, 0.5]},
								"west": {"uv": [20, 53], "uv_size": [1.25, 0.5]},
								"up": {"uv": [20, 49], "uv_size": [1.75, 1.25]},
								"down": {"uv": [22, 50.25], "uv_size": [1.75, -1.25]}
							}
						},
						{
							"origin": [-1.36153, 13.05718, 1.63874],
							"size": [0.34806, 0.08246, 0.25584],
							"inflate": -0.0001,
							"pivot": [-1.1875, 12.83093, 1.76667],
							"rotation": [-45, 0, 0],
							"uv": {
								"north": {"uv": [45, 52], "uv_size": [1.75, 0.5]},
								"east": {"uv": [22, 53], "uv_size": [1.25, 0.5]},
								"south": {"uv": [48, 52], "uv_size": [1.75, 0.5]},
								"west": {"uv": [26, 53], "uv_size": [1.25, 0.5]},
								"up": {"uv": [24, 49], "uv_size": [1.75, 1.25]},
								"down": {"uv": [26, 50.25], "uv_size": [1.75, -1.25]}
							}
						},
						{
							"origin": [-1.36161, 13.0571, 1.63866],
							"size": [0.34822, 0.08262, 0.256],
							"inflate": -0.0002,
							"uv": {
								"north": {"uv": [52, 51], "uv_size": [1.75, 0.5]},
								"east": {"uv": [53, 26], "uv_size": [1.25, 0.5]},
								"south": {"uv": [52, 52], "uv_size": [1.75, 0.5]},
								"west": {"uv": [53, 27], "uv_size": [1.25, 0.5]},
								"up": {"uv": [28, 49], "uv_size": [1.75, 1.25]},
								"down": {"uv": [49, 32.25], "uv_size": [1.75, -1.25]}
							}
						}
					]
				},
				{
					"name": "mag_extended_2_illuminate",
					"parent": "mag_extended_2",
					"pivot": [-1.54167, 7.5591, 1.73407],
					"cubes": [
						{
							"origin": [-2.2296, 10.85929, 1.6515],
							"size": [3.99033, 0.54505, 0.26043],
							"pivot": [-1.14618, 11.08997, 1.72529],
							"rotation": [-45, 0, 90],
							"uv": {
								"north": {"uv": [0, 0], "uv_size": [20, 2.75]},
								"east": {"uv": [30, 45], "uv_size": [1.25, 2.75]},
								"south": {"uv": [0, 3], "uv_size": [20, 2.75]},
								"west": {"uv": [7, 46], "uv_size": [1.25, 2.75]},
								"up": {"uv": [20, 3], "uv_size": [20, 1.25]},
								"down": {"uv": [20, 6.25], "uv_size": [20, -1.25]}
							}
						},
						{
							"origin": [-2.22952, 10.7358, 1.63506],
							"size": [3.99016, 0.54488, 0.26026],
							"inflate": 0.0001,
							"pivot": [-1.14618, 11.08997, 1.72529],
							"rotation": [0, 0, 90],
							"uv": {
								"north": {"uv": [0, 6], "uv_size": [20, 2.75]},
								"east": {"uv": [46, 31], "uv_size": [1.25, 2.75]},
								"south": {"uv": [0, 9], "uv_size": [20, 2.75]},
								"west": {"uv": [46, 34], "uv_size": [1.25, 2.75]},
								"up": {"uv": [20, 7], "uv_size": [20, 1.25]},
								"down": {"uv": [20, 10.25], "uv_size": [20, -1.25]}
							}
						},
						{
							"origin": [-2.2296, 10.77561, 1.6515],
							"size": [3.99033, 0.08383, 0.26043],
							"pivot": [-1.14618, 11.08997, 1.72529],
							"rotation": [-45, 0, 90],
							"uv": {
								"north": {"uv": [40, 8], "uv_size": [20, 0.5]},
								"east": {"uv": [53, 0], "uv_size": [1.25, 0.5]},
								"south": {"uv": [40, 9], "uv_size": [20, 0.5]},
								"west": {"uv": [1, 53], "uv_size": [1.25, 0.5]},
								"up": {"uv": [20, 11], "uv_size": [20, 1.25]},
								"down": {"uv": [20, 14.25], "uv_size": [20, -1.25]}
							}
						},
						{
							"origin": [-2.22935, 10.92012, 1.53476],
							"size": [3.98982, 0.25992, 0.54454],
							"inflate": 0.0003,
							"pivot": [-1.14618, 11.08997, 1.72529],
							"rotation": [0, 0, 90],
							"uv": {
								"north": {"uv": [20, 15], "uv_size": [20, 1.25]},
								"east": {"uv": [35, 46], "uv_size": [2.75, 1.25]},
								"south": {"uv": [20, 17], "uv_size": [20, 1.25]},
								"west": {"uv": [38, 46], "uv_size": [2.75, 1.25]},
								"up": {"uv": [0, 12], "uv_size": [20, 2.75]},
								"down": {"uv": [0, 17.75], "uv_size": [20, -2.75]}
							}
						},
						{
							"origin": [-2.22943, 10.95993, 2.01242],
							"size": [3.98999, 0.26009, 0.08349],
							"inflate": 0.0002,
							"pivot": [-1.14618, 11.08997, 1.72529],
							"rotation": [-45, 0, 90],
							"uv": {
								"north": {"uv": [20, 19], "uv_size": [20, 1.25]},
								"east": {"uv": [43, 52], "uv_size": [0.5, 1.25]},
								"south": {"uv": [0, 21], "uv_size": [20, 1.25]},
								"west": {"uv": [50, 52], "uv_size": [0.5, 1.25]},
								"up": {"uv": [40, 10], "uv_size": [20, 0.5]},
								"down": {"uv": [40, 11.5], "uv_size": [20, -0.5]}
							}
						},
						{
							"origin": [-2.22943, 10.95993, 1.46752],
							"size": [3.98999, 0.26009, 0.54471],
							"inflate": 0.0002,
							"pivot": [-1.14618, 11.08997, 1.72529],
							"rotation": [-45, 0, 90],
							"uv": {
								"north": {"uv": [20, 21], "uv_size": [20, 1.25]},
								"east": {"uv": [41, 46], "uv_size": [2.75, 1.25]},
								"south": {"uv": [0, 23], "uv_size": [20, 1.25]},
								"west": {"uv": [46, 42], "uv_size": [2.75, 1.25]},
								"up": {"uv": [0, 18], "uv_size": [20, 2.75]},
								"down": {"uv": [20, 2.75], "uv_size": [20, -2.75]}
							}
						},
						{
							"origin": [-2.22935, 10.92012, 1.45108],
							"size": [3.98982, 0.25992, 0.08332],
							"inflate": 0.0003,
							"pivot": [-1.14618, 11.08997, 1.72529],
							"rotation": [0, 0, 90],
							"uv": {
								"north": {"uv": [20, 23], "uv_size": [20, 1.25]},
								"east": {"uv": [3, 53], "uv_size": [0.5, 1.25]},
								"south": {"uv": [0, 25], "uv_size": [20, 1.25]},
								"west": {"uv": [4, 53], "uv_size": [0.5, 1.25]},
								"up": {"uv": [40, 12], "uv_size": [20, 0.5]},
								"down": {"uv": [40, 13.5], "uv_size": [20, -0.5]}
							}
						},
						{
							"origin": [-2.22952, 11.28069, 1.63506],
							"size": [3.99016, 0.08366, 0.26026],
							"inflate": 0.0001,
							"pivot": [-1.14618, 11.08997, 1.72529],
							"rotation": [0, 0, 90],
							"uv": {
								"north": {"uv": [40, 14], "uv_size": [20, 0.5]},
								"east": {"uv": [53, 1], "uv_size": [1.25, 0.5]},
								"south": {"uv": [40, 15], "uv_size": [20, 0.5]},
								"west": {"uv": [53, 4], "uv_size": [1.25, 0.5]},
								"up": {"uv": [20, 25], "uv_size": [20, 1.25]},
								"down": {"uv": [0, 28.25], "uv_size": [20, -1.25]}
							}
						}
					]
				},
				{
					"name": "mag_extended_3",
					"parent": "magazine",
					"pivot": [-1.54167, 8.08095, 1.73407],
					"cubes": [
						{
							"origin": [-1.36121, 11.41964, 1.34973],
							"size": [1.27302, 0.35025, 0.11238],
							"inflate": 0.0003,
							"pivot": [-1.18756, 11.59474, 1.77287],
							"rotation": [0, 0, -90],
							"uv": {
								"north": {"uv": [26, 37], "uv_size": [7, 1.75]},
								"east": {"uv": [52, 4], "uv_size": [0.5, 1.75]},
								"south": {"uv": [33, 37], "uv_size": [7, 1.75]},
								"west": {"uv": [7, 52], "uv_size": [0.5, 1.75]},
								"up": {"uv": [16, 44], "uv_size": [7, 0.5]},
								"down": {"uv": [23, 44.5], "uv_size": [7, -0.5]}
							}
						},
						{
							"origin": [-1.36151, 11.17129, 1.59748],
							"size": [1.27356, 0.11292, 0.35079],
							"pivot": [-1.18756, 11.59474, 1.77287],
							"rotation": [-45, 0, -90],
							"uv": {
								"north": {"uv": [43, 44], "uv_size": [7, 0.5]},
								"east": {"uv": [10, 52], "uv_size": [1.75, 0.5]},
								"south": {"uv": [16, 45], "uv_size": [7, 0.5]},
								"west": {"uv": [12, 52], "uv_size": [1.75, 0.5]},
								"up": {"uv": [0, 39], "uv_size": [7, 1.75]},
								"down": {"uv": [7, 40.75], "uv_size": [7, -1.75]}
							}
						},
						{
							"origin": [-1.36143, 11.17137, 1.59756],
							"size": [1.2734, 0.11276, 0.35063],
							"inflate": 0.0001,
							"pivot": [-1.18756, 11.59474, 1.77287],
							"rotation": [0, 0, -90],
							"uv": {
								"north": {"uv": [23, 45], "uv_size": [7, 0.5]},
								"east": {"uv": [14, 52], "uv_size": [1.75, 0.5]},
								"south": {"uv": [35, 45], "uv_size": [7, 0.5]},
								"west": {"uv": [17, 52], "uv_size": [1.75, 0.5]},
								"up": {"uv": [14, 39], "uv_size": [7, 1.75]},
								"down": {"uv": [21, 40.75], "uv_size": [7, -1.75]}
							}
						},
						{
							"origin": [-1.36135, 11.4195, 2.08356],
							"size": [1.27324, 0.35047, 0.1126],
							"inflate": 0.0002,
							"pivot": [-1.18756, 11.59474, 1.77287],
							"rotation": [-45, 0, -90],
							"uv": {
								"north": {"uv": [28, 39], "uv_size": [7, 1.75]},
								"east": {"uv": [8, 52], "uv_size": [0.5, 1.75]},
								"south": {"uv": [39, 29], "uv_size": [7, 1.75]},
								"west": {"uv": [19, 52], "uv_size": [0.5, 1.75]},
								"up": {"uv": [45, 37], "uv_size": [7, 0.5]},
								"down": {"uv": [45, 38.5], "uv_size": [7, -0.5]}
							}
						},
						{
							"origin": [-1.36151, 11.90526, 1.59748],
							"size": [1.27356, 0.11292, 0.35079],
							"pivot": [-1.18756, 11.59474, 1.77287],
							"rotation": [-45, 0, -90],
							"uv": {
								"north": {"uv": [42, 45], "uv_size": [7, 0.5]},
								"east": {"uv": [20, 52], "uv_size": [1.75, 0.5]},
								"south": {"uv": [0, 46], "uv_size": [7, 0.5]},
								"west": {"uv": [22, 52], "uv_size": [1.75, 0.5]},
								"up": {"uv": [39, 31], "uv_size": [7, 1.75]},
								"down": {"uv": [39, 34.75], "uv_size": [7, -1.75]}
							}
						},
						{
							"origin": [-1.36127, 11.41958, 2.08364],
							"size": [1.27308, 0.35031, 0.11244],
							"inflate": 0.0003,
							"pivot": [-1.18756, 11.59474, 1.77287],
							"rotation": [0, 0, -90],
							"uv": {
								"north": {"uv": [35, 39], "uv_size": [7, 1.75]},
								"east": {"uv": [24, 52], "uv_size": [0.5, 1.75]},
								"south": {"uv": [39, 35], "uv_size": [7, 1.75]},
								"west": {"uv": [25, 52], "uv_size": [0.5, 1.75]},
								"up": {"uv": [16, 46], "uv_size": [7, 0.5]},
								"down": {"uv": [23, 46.5], "uv_size": [7, -0.5]}
							}
						},
						{
							"origin": [-1.36143, 11.90534, 1.59756],
							"size": [1.2734, 0.11276, 0.35063],
							"inflate": 0.0001,
							"pivot": [-1.18756, 11.59474, 1.77287],
							"rotation": [0, 0, -90],
							"uv": {
								"north": {"uv": [46, 27], "uv_size": [7, 0.5]},
								"east": {"uv": [26, 52], "uv_size": [1.75, 0.5]},
								"south": {"uv": [46, 28], "uv_size": [7, 0.5]},
								"west": {"uv": [30, 52], "uv_size": [1.75, 0.5]},
								"up": {"uv": [40, 0], "uv_size": [7, 1.75]},
								"down": {"uv": [40, 3.75], "uv_size": [7, -1.75]}
							}
						},
						{
							"origin": [-1.36129, 11.41959, 1.34959],
							"size": [1.27318, 0.35039, 0.1126],
							"inflate": 0.0002,
							"pivot": [-1.18756, 11.59474, 1.77287],
							"rotation": [-45, 0, -90],
							"uv": {
								"north": {"uv": [40, 4], "uv_size": [7, 1.75]},
								"east": {"uv": [28, 52], "uv_size": [0.5, 1.75]},
								"south": {"uv": [40, 6], "uv_size": [7, 1.75]},
								"west": {"uv": [32, 52], "uv_size": [0.5, 1.75]},
								"up": {"uv": [46, 29], "uv_size": [7, 0.5]},
								"down": {"uv": [46, 30.5], "uv_size": [7, -0.5]}
							}
						},
						{
							"origin": [-1.46716, 12.55053, 1.5975],
							"size": [0.1491, 0.84599, 0.35079],
							"pivot": [-1.1876, 12.97397, 1.77289],
							"rotation": [-45, 0, -90],
							"uv": {
								"north": {"uv": [32, 45], "uv_size": [0.75, 4.25]},
								"east": {"uv": [40, 16], "uv_size": [1.75, 4.25]},
								"south": {"uv": [9, 46], "uv_size": [0.75, 4.25]},
								"west": {"uv": [40, 21], "uv_size": [1.75, 4.25]},
								"up": {"uv": [50, 46], "uv_size": [0.75, 1.75]},
								"down": {"uv": [48, 51.75], "uv_size": [0.75, -1.75]}
							}
						},
						{
							"origin": [-1.46708, 12.55061, 1.59758],
							"size": [0.14894, 0.84583, 0.35063],
							"inflate": 0.0001,
							"pivot": [-1.1876, 12.97397, 1.77289],
							"rotation": [0, 0, -90],
							"uv": {
								"north": {"uv": [0, 47], "uv_size": [0.75, 4.25]},
								"east": {"uv": [0, 41], "uv_size": [1.75, 4.25]},
								"south": {"uv": [47, 0], "uv_size": [0.75, 4.25]},
								"west": {"uv": [2, 41], "uv_size": [1.75, 4.25]},
								"up": {"uv": [50, 48], "uv_size": [0.75, 1.75]},
								"down": {"uv": [49, 51.75], "uv_size": [0.75, -1.75]}
							}
						},
						{
							"origin": [-1.46692, 12.79882, 1.34437],
							"size": [0.14862, 0.35031, 0.85173],
							"inflate": 0.0003,
							"pivot": [-1.1876, 12.97397, 1.77289],
							"rotation": [0, 0, -90],
							"uv": {
								"north": {"uv": [50, 50], "uv_size": [0.75, 1.75]},
								"east": {"uv": [40, 37], "uv_size": [4.25, 1.75]},
								"south": {"uv": [51, 0], "uv_size": [0.75, 1.75]},
								"west": {"uv": [4, 41], "uv_size": [4.25, 1.75]},
								"up": {"uv": [1, 47], "uv_size": [0.75, 4.25]},
								"down": {"uv": [2, 51.25], "uv_size": [0.75, -4.25]}
							}
						},
						{
							"origin": [-1.4666, 12.94824, 1.48758],
							"size": [0.22874, 0.34967, 0.56531],
							"inflate": 0.0007,
							"pivot": [-1.1876, 13.12307, 1.77289],
							"rotation": [0, 0, -90],
							"uv": {
								"north": {"uv": [35, 48], "uv_size": [1.25, 1.75]},
								"east": {"uv": [30, 43], "uv_size": [2.75, 1.75]},
								"south": {"uv": [37, 48], "uv_size": [1.25, 1.75]},
								"west": {"uv": [43, 42], "uv_size": [2.75, 1.75]},
								"up": {"uv": [44, 46], "uv_size": [1.25, 2.75]},
								"down": {"uv": [46, 48.75], "uv_size": [1.25, -2.75]}
							}
						},
						{
							"origin": [-1.01184, 12.84375, 2.07124],
							"size": [0.36606, 0.35031, 0.12486],
							"inflate": 0.0003,
							"pivot": [-1.01214, 12.84345, 2.1964],
							"rotation": [0, 31, -90],
							"uv": {
								"north": {"uv": [5, 47], "uv_size": [1.75, 1.75]},
								"east": {"uv": [51, 2], "uv_size": [0.75, 1.75]},
								"south": {"uv": [47, 5], "uv_size": [1.75, 1.75]},
								"west": {"uv": [51, 4], "uv_size": [0.75, 1.75]},
								"up": {"uv": [50, 36], "uv_size": [1.75, 0.75]},
								"down": {"uv": [50, 44.75], "uv_size": [1.75, -0.75]}
							}
						},
						{
							"origin": [-1.37062, 12.79325, 1.42983],
							"size": [0.36606, 0.35031, 0.12486],
							"inflate": 0.0003,
							"pivot": [-1.1876, 12.9684, 1.49227],
							"rotation": [-180, -31, -90],
							"uv": {
								"north": {"uv": [16, 47], "uv_size": [1.75, 1.75]},
								"east": {"uv": [5, 51], "uv_size": [0.75, 1.75]},
								"south": {"uv": [18, 47], "uv_size": [1.75, 1.75]},
								"west": {"uv": [6, 51], "uv_size": [0.75, 1.75]},
								"up": {"uv": [51, 6], "uv_size": [1.75, 0.75]},
								"down": {"uv": [7, 51.75], "uv_size": [1.75, -0.75]}
							}
						},
						{
							"origin": [-1.61346, 12.49284, 1.40128],
							"size": [0.36606, 0.35031, 0.1932],
							"inflate": 0.0003,
							"pivot": [-1.61376, 12.84345, 1.59478],
							"rotation": [90, 0, -47],
							"uv": {
								"north": {"uv": [20, 47], "uv_size": [1.75, 1.75]},
								"east": {"uv": [30, 50], "uv_size": [1, 1.75]},
								"south": {"uv": [22, 47], "uv_size": [1.75, 1.75]},
								"west": {"uv": [31, 50], "uv_size": [1, 1.75]},
								"up": {"uv": [47, 7], "uv_size": [1.75, 1]},
								"down": {"uv": [49, 46], "uv_size": [1.75, -1]}
							}
						},
						{
							"origin": [-0.76113, 12.49296, 1.7584],
							"size": [0.36606, 0.35031, 0.18699],
							"inflate": 0.0003,
							"pivot": [-0.76143, 12.84357, 1.94569],
							"rotation": [-90, 0, -132],
							"uv": {
								"north": {"uv": [24, 47], "uv_size": [1.75, 1.75]},
								"east": {"uv": [32, 50], "uv_size": [1, 1.75]},
								"south": {"uv": [26, 47], "uv_size": [1.75, 1.75]},
								"west": {"uv": [50, 33], "uv_size": [1, 1.75]},
								"up": {"uv": [35, 50], "uv_size": [1.75, 1]},
								"down": {"uv": [50, 36], "uv_size": [1.75, -1]}
							}
						},
						{
							"origin": [-1.47321, 12.79874, 1.34961],
							"size": [0.15499, 0.35047, 0.84567],
							"inflate": 0.0002,
							"pivot": [-1.1876, 12.97397, 1.77289],
							"rotation": [-45, 0, -90],
							"uv": {
								"north": {"uv": [9, 51], "uv_size": [0.75, 1.75]},
								"east": {"uv": [9, 41], "uv_size": [4.25, 1.75]},
								"south": {"uv": [16, 51], "uv_size": [0.75, 1.75]},
								"west": {"uv": [14, 41], "uv_size": [4.25, 1.75]},
								"up": {"uv": [3, 47], "uv_size": [0.75, 4.25]},
								"down": {"uv": [4, 51.25], "uv_size": [0.75, -4.25]}
							}
						},
						{
							"origin": [-1.36145, 13.22493, 1.45803],
							"size": [0.3479, 0.25568, 0.0823],
							"pivot": [-1.1875, 13.35278, 1.76667],
							"rotation": [-45, 0, 0],
							"uv": {
								"north": {"uv": [39, 48], "uv_size": [1.75, 1.25]},
								"east": {"uv": [5, 53], "uv_size": [0.5, 1.25]},
								"south": {"uv": [41, 48], "uv_size": [1.75, 1.25]},
								"west": {"uv": [53, 5], "uv_size": [0.5, 1.25]},
								"up": {"uv": [52, 32], "uv_size": [1.75, 0.5]},
								"down": {"uv": [52, 33.5], "uv_size": [1.75, -0.5]}
							}
						},
						{
							"origin": [-1.36185, 13.22453, 1.45763],
							"size": [0.3487, 0.25648, 0.0831],
							"inflate": -0.0005,
							"uv": {
								"north": {"uv": [48, 46], "uv_size": [1.75, 1.25]},
								"east": {"uv": [6, 53], "uv_size": [0.5, 1.25]},
								"south": {"uv": [48, 48], "uv_size": [1.75, 1.25]},
								"west": {"uv": [9, 53], "uv_size": [0.5, 1.25]},
								"up": {"uv": [52, 35], "uv_size": [1.75, 0.5]},
								"down": {"uv": [52, 36.5], "uv_size": [1.75, -0.5]}
							}
						},
						{
							"origin": [-1.36145, 13.22493, 1.993],
							"size": [0.3479, 0.25568, 0.0823],
							"pivot": [-1.1875, 13.35278, 1.76667],
							"rotation": [-45, 0, 0],
							"uv": {
								"north": {"uv": [49, 4], "uv_size": [1.75, 1.25]},
								"east": {"uv": [10, 53], "uv_size": [0.5, 1.25]},
								"south": {"uv": [5, 49], "uv_size": [1.75, 1.25]},
								"west": {"uv": [11, 53], "uv_size": [0.5, 1.25]},
								"up": {"uv": [37, 52], "uv_size": [1.75, 0.5]},
								"down": {"uv": [52, 37.5], "uv_size": [1.75, -0.5]}
							}
						},
						{
							"origin": [-1.36185, 13.22453, 1.9926],
							"size": [0.3487, 0.25648, 0.0831],
							"inflate": -0.0005,
							"uv": {
								"north": {"uv": [49, 6], "uv_size": [1.75, 1.25]},
								"east": {"uv": [12, 53], "uv_size": [0.5, 1.25]},
								"south": {"uv": [7, 49], "uv_size": [1.75, 1.25]},
								"west": {"uv": [13, 53], "uv_size": [0.5, 1.25]},
								"up": {"uv": [52, 38], "uv_size": [1.75, 0.5]},
								"down": {"uv": [39, 52.5], "uv_size": [1.75, -0.5]}
							}
						},
						{
							"origin": [-1.36153, 13.04406, 1.63874],
							"size": [0.34806, 0.08246, 0.25584],
							"inflate": -0.0001,
							"pivot": [-1.1875, 13.35278, 1.76667],
							"rotation": [-45, 0, 0],
							"uv": {
								"north": {"uv": [41, 52], "uv_size": [1.75, 0.5]},
								"east": {"uv": [53, 7], "uv_size": [1.25, 0.5]},
								"south": {"uv": [52, 42], "uv_size": [1.75, 0.5]},
								"west": {"uv": [14, 53], "uv_size": [1.25, 0.5]},
								"up": {"uv": [16, 49], "uv_size": [1.75, 1.25]},
								"down": {"uv": [18, 50.25], "uv_size": [1.75, -1.25]}
							}
						},
						{
							"origin": [-1.36161, 13.04398, 1.63866],
							"size": [0.34822, 0.08262, 0.256],
							"inflate": -0.0002,
							"uv": {
								"north": {"uv": [52, 43], "uv_size": [1.75, 0.5]},
								"east": {"uv": [16, 53], "uv_size": [1.25, 0.5]},
								"south": {"uv": [52, 44], "uv_size": [1.75, 0.5]},
								"west": {"uv": [20, 53], "uv_size": [1.25, 0.5]},
								"up": {"uv": [20, 49], "uv_size": [1.75, 1.25]},
								"down": {"uv": [22, 50.25], "uv_size": [1.75, -1.25]}
							}
						},
						{
							"origin": [-1.36153, 13.57903, 1.63874],
							"size": [0.34806, 0.08246, 0.25584],
							"inflate": -0.0001,
							"pivot": [-1.1875, 13.35278, 1.76667],
							"rotation": [-45, 0, 0],
							"uv": {
								"north": {"uv": [45, 52], "uv_size": [1.75, 0.5]},
								"east": {"uv": [22, 53], "uv_size": [1.25, 0.5]},
								"south": {"uv": [48, 52], "uv_size": [1.75, 0.5]},
								"west": {"uv": [26, 53], "uv_size": [1.25, 0.5]},
								"up": {"uv": [24, 49], "uv_size": [1.75, 1.25]},
								"down": {"uv": [26, 50.25], "uv_size": [1.75, -1.25]}
							}
						},
						{
							"origin": [-1.36161, 13.57895, 1.63866],
							"size": [0.34822, 0.08262, 0.256],
							"inflate": -0.0002,
							"uv": {
								"north": {"uv": [52, 51], "uv_size": [1.75, 0.5]},
								"east": {"uv": [53, 26], "uv_size": [1.25, 0.5]},
								"south": {"uv": [52, 52], "uv_size": [1.75, 0.5]},
								"west": {"uv": [53, 27], "uv_size": [1.25, 0.5]},
								"up": {"uv": [28, 49], "uv_size": [1.75, 1.25]},
								"down": {"uv": [49, 32.25], "uv_size": [1.75, -1.25]}
							}
						}
					]
				},
				{
					"name": "mag_extended_3_illuminated",
					"parent": "mag_extended_3",
					"pivot": [-1.54167, 8.08095, 1.73407],
					"cubes": [
						{
							"origin": [-2.2296, 11.38114, 1.6515],
							"size": [3.99033, 0.54505, 0.26043],
							"pivot": [-1.14618, 11.61182, 1.72529],
							"rotation": [-45, 0, 90],
							"uv": {
								"north": {"uv": [0, 0], "uv_size": [20, 2.75]},
								"east": {"uv": [30, 45], "uv_size": [1.25, 2.75]},
								"south": {"uv": [0, 3], "uv_size": [20, 2.75]},
								"west": {"uv": [7, 46], "uv_size": [1.25, 2.75]},
								"up": {"uv": [20, 3], "uv_size": [20, 1.25]},
								"down": {"uv": [20, 6.25], "uv_size": [20, -1.25]}
							}
						},
						{
							"origin": [-2.22952, 11.25765, 1.63506],
							"size": [3.99016, 0.54488, 0.26026],
							"inflate": 0.0001,
							"pivot": [-1.14618, 11.61182, 1.72529],
							"rotation": [0, 0, 90],
							"uv": {
								"north": {"uv": [0, 6], "uv_size": [20, 2.75]},
								"east": {"uv": [46, 31], "uv_size": [1.25, 2.75]},
								"south": {"uv": [0, 9], "uv_size": [20, 2.75]},
								"west": {"uv": [46, 34], "uv_size": [1.25, 2.75]},
								"up": {"uv": [20, 7], "uv_size": [20, 1.25]},
								"down": {"uv": [20, 10.25], "uv_size": [20, -1.25]}
							}
						},
						{
							"origin": [-2.2296, 11.29746, 1.6515],
							"size": [3.99033, 0.08383, 0.26043],
							"pivot": [-1.14618, 11.61182, 1.72529],
							"rotation": [-45, 0, 90],
							"uv": {
								"north": {"uv": [40, 8], "uv_size": [20, 0.5]},
								"east": {"uv": [53, 0], "uv_size": [1.25, 0.5]},
								"south": {"uv": [40, 9], "uv_size": [20, 0.5]},
								"west": {"uv": [1, 53], "uv_size": [1.25, 0.5]},
								"up": {"uv": [20, 11], "uv_size": [20, 1.25]},
								"down": {"uv": [20, 14.25], "uv_size": [20, -1.25]}
							}
						},
						{
							"origin": [-2.22935, 11.44197, 1.53476],
							"size": [3.98982, 0.25992, 0.54454],
							"inflate": 0.0003,
							"pivot": [-1.14618, 11.61182, 1.72529],
							"rotation": [0, 0, 90],
							"uv": {
								"north": {"uv": [20, 15], "uv_size": [20, 1.25]},
								"east": {"uv": [35, 46], "uv_size": [2.75, 1.25]},
								"south": {"uv": [20, 17], "uv_size": [20, 1.25]},
								"west": {"uv": [38, 46], "uv_size": [2.75, 1.25]},
								"up": {"uv": [0, 12], "uv_size": [20, 2.75]},
								"down": {"uv": [0, 17.75], "uv_size": [20, -2.75]}
							}
						},
						{
							"origin": [-2.22943, 11.48178, 2.01242],
							"size": [3.98999, 0.26009, 0.08349],
							"inflate": 0.0002,
							"pivot": [-1.14618, 11.61182, 1.72529],
							"rotation": [-45, 0, 90],
							"uv": {
								"north": {"uv": [20, 19], "uv_size": [20, 1.25]},
								"east": {"uv": [43, 52], "uv_size": [0.5, 1.25]},
								"south": {"uv": [0, 21], "uv_size": [20, 1.25]},
								"west": {"uv": [50, 52], "uv_size": [0.5, 1.25]},
								"up": {"uv": [40, 10], "uv_size": [20, 0.5]},
								"down": {"uv": [40, 11.5], "uv_size": [20, -0.5]}
							}
						},
						{
							"origin": [-2.22943, 11.48178, 1.46752],
							"size": [3.98999, 0.26009, 0.54471],
							"inflate": 0.0002,
							"pivot": [-1.14618, 11.61182, 1.72529],
							"rotation": [-45, 0, 90],
							"uv": {
								"north": {"uv": [20, 21], "uv_size": [20, 1.25]},
								"east": {"uv": [41, 46], "uv_size": [2.75, 1.25]},
								"south": {"uv": [0, 23], "uv_size": [20, 1.25]},
								"west": {"uv": [46, 42], "uv_size": [2.75, 1.25]},
								"up": {"uv": [0, 18], "uv_size": [20, 2.75]},
								"down": {"uv": [20, 2.75], "uv_size": [20, -2.75]}
							}
						},
						{
							"origin": [-2.22935, 11.44197, 1.45108],
							"size": [3.98982, 0.25992, 0.08332],
							"inflate": 0.0003,
							"pivot": [-1.14618, 11.61182, 1.72529],
							"rotation": [0, 0, 90],
							"uv": {
								"north": {"uv": [20, 23], "uv_size": [20, 1.25]},
								"east": {"uv": [3, 53], "uv_size": [0.5, 1.25]},
								"south": {"uv": [0, 25], "uv_size": [20, 1.25]},
								"west": {"uv": [4, 53], "uv_size": [0.5, 1.25]},
								"up": {"uv": [40, 12], "uv_size": [20, 0.5]},
								"down": {"uv": [40, 13.5], "uv_size": [20, -0.5]}
							}
						},
						{
							"origin": [-2.22952, 11.80254, 1.63506],
							"size": [3.99016, 0.08366, 0.26026],
							"inflate": 0.0001,
							"pivot": [-1.14618, 11.61182, 1.72529],
							"rotation": [0, 0, 90],
							"uv": {
								"north": {"uv": [40, 14], "uv_size": [20, 0.5]},
								"east": {"uv": [53, 1], "uv_size": [1.25, 0.5]},
								"south": {"uv": [40, 15], "uv_size": [20, 0.5]},
								"west": {"uv": [53, 4], "uv_size": [1.25, 0.5]},
								"up": {"uv": [20, 25], "uv_size": [20, 1.25]},
								"down": {"uv": [0, 28.25], "uv_size": [20, -1.25]}
							}
						}
					]
				},
				{
					"name": "gun_and_righthand",
					"parent": "root",
					"pivot": [0, 0, 0]
				},
				{
					"name": "righthand",
					"parent": "gun_and_righthand",
					"pivot": [6, 19, 8]
				},
				{
					"name": "righthand_pos",
					"parent": "righthand",
					"pivot": [0, 8, 8],
					"cubes": [
						{
							"origin": [4, 8, 6],
							"size": [3, 12, 4],
							"uv": {
								"north": {"uv": [0, 0], "uv_size": [4, 12]},
								"east": {"uv": [4, 0], "uv_size": [4, 12]},
								"south": {"uv": [8, 0], "uv_size": [4, 12]},
								"west": {"uv": [0, 12], "uv_size": [4, 12]},
								"up": {"uv": [16, 0], "uv_size": [4, 4]},
								"down": {"uv": [16, 8], "uv_size": [4, -4]}
							}
						}
					]
				},
				{
					"name": "kuda",
					"parent": "gun_and_righthand",
					"pivot": [-1.9375, 10.65625, 5.78125],
					"rotation": [90, 24, 90]
				},
				{
					"name": "body",
					"parent": "kuda",
					"pivot": [-1.9375, 10.65625, 6.52675],
					"rotation": [0, 0, -90],
					"cubes": [
						{
							"origin": [-2.20448, 10.48101, 6.10347],
							"size": [3.62778, 0.35047, 0.1126],
							"inflate": 0.0002,
							"pivot": [-1.9375, 10.65625, 6.52675],
							"rotation": [-45, 0, 0],
							"uv": {
								"north": {"uv": [20, 27], "uv_size": [12.25, 1.75]},
								"east": {"uv": [29, 51], "uv_size": [0.5, 1.75]},
								"south": {"uv": [0, 29], "uv_size": [12.25, 1.75]},
								"west": {"uv": [51, 32], "uv_size": [0.5, 1.75]},
								"up": {"uv": [40, 26], "uv_size": [12.25, 0.5]},
								"down": {"uv": [42, 16.5], "uv_size": [12.25, -0.5]}
							}
						},
						{
							"origin": [-2.2044, 10.48109, 6.10355],
							"size": [3.62762, 0.35031, 0.11244],
							"inflate": 0.0003,
							"uv": {
								"north": {"uv": [13, 29], "uv_size": [12.25, 1.75]},
								"east": {"uv": [33, 51], "uv_size": [0.5, 1.75]},
								"south": {"uv": [26, 29], "uv_size": [12.25, 1.75]},
								"west": {"uv": [34, 51], "uv_size": [0.5, 1.75]},
								"up": {"uv": [42, 17], "uv_size": [12.25, 0.5]},
								"down": {"uv": [42, 18.5], "uv_size": [12.25, -0.5]}
							}
						},
						{
							"origin": [-2.20448, 10.48101, 6.83744],
							"size": [3.62778, 0.35047, 0.1126],
							"inflate": 0.0002,
							"pivot": [-1.9375, 10.65625, 6.52675],
							"rotation": [-45, 0, 0],
							"uv": {
								"north": {"uv": [0, 31], "uv_size": [12.25, 1.75]},
								"east": {"uv": [35, 51], "uv_size": [0.5, 1.75]},
								"south": {"uv": [13, 31], "uv_size": [12.25, 1.75]},
								"west": {"uv": [36, 51], "uv_size": [0.5, 1.75]},
								"up": {"uv": [42, 19], "uv_size": [12.25, 0.5]},
								"down": {"uv": [42, 20.5], "uv_size": [12.25, -0.5]}
							}
						},
						{
							"origin": [-2.2044, 10.48109, 6.83752],
							"size": [3.62762, 0.35031, 0.11244],
							"inflate": 0.0003,
							"uv": {
								"north": {"uv": [26, 31], "uv_size": [12.25, 1.75]},
								"east": {"uv": [51, 42], "uv_size": [0.5, 1.75]},
								"south": {"uv": [0, 33], "uv_size": [12.25, 1.75]},
								"west": {"uv": [44, 51], "uv_size": [0.5, 1.75]},
								"up": {"uv": [42, 21], "uv_size": [12.25, 0.5]},
								"down": {"uv": [42, 22.5], "uv_size": [12.25, -0.5]}
							}
						},
						{
							"origin": [-2.20464, 10.23281, 6.35135],
							"size": [3.6281, 0.11292, 0.35079],
							"pivot": [-1.9375, 10.65625, 6.52675],
							"rotation": [-45, 0, 0],
							"uv": {
								"north": {"uv": [42, 23], "uv_size": [12.25, 0.5]},
								"east": {"uv": [51, 34], "uv_size": [1.75, 0.5]},
								"south": {"uv": [42, 24], "uv_size": [12.25, 0.5]},
								"west": {"uv": [45, 51], "uv_size": [1.75, 0.5]},
								"up": {"uv": [13, 33], "uv_size": [12.25, 1.75]},
								"down": {"uv": [26, 34.75], "uv_size": [12.25, -1.75]}
							}
						},
						{
							"origin": [-2.20456, 10.23289, 6.35143],
							"size": [3.62794, 0.11276, 0.35063],
							"inflate": 0.0001,
							"uv": {
								"north": {"uv": [42, 25], "uv_size": [12.25, 0.5]},
								"east": {"uv": [51, 45], "uv_size": [1.75, 0.5]},
								"south": {"uv": [42, 39], "uv_size": [12.25, 0.5]},
								"west": {"uv": [51, 46], "uv_size": [1.75, 0.5]},
								"up": {"uv": [33, 27], "uv_size": [12.25, 1.75]},
								"down": {"uv": [0, 36.75], "uv_size": [12.25, -1.75]}
							}
						},
						{
							"origin": [-2.20464, 10.96678, 6.35135],
							"size": [3.6281, 0.11292, 0.35079],
							"pivot": [-1.9375, 10.65625, 6.52675],
							"rotation": [-45, 0, 0],
							"uv": {
								"north": {"uv": [42, 40], "uv_size": [12.25, 0.5]},
								"east": {"uv": [51, 47], "uv_size": [1.75, 0.5]},
								"south": {"uv": [4, 43], "uv_size": [12.25, 0.5]},
								"west": {"uv": [51, 48], "uv_size": [1.75, 0.5]},
								"up": {"uv": [13, 35], "uv_size": [12.25, 1.75]},
								"down": {"uv": [26, 36.75], "uv_size": [12.25, -1.75]}
							}
						},
						{
							"origin": [-2.20456, 10.96686, 6.35143],
							"size": [3.62794, 0.11276, 0.35063],
							"inflate": 0.0001,
							"uv": {
								"north": {"uv": [17, 43], "uv_size": [12.25, 0.5]},
								"east": {"uv": [51, 49], "uv_size": [1.75, 0.5]},
								"south": {"uv": [43, 41], "uv_size": [12.25, 0.5]},
								"west": {"uv": [51, 50], "uv_size": [1.75, 0.5]},
								"up": {"uv": [0, 37], "uv_size": [12.25, 1.75]},
								"down": {"uv": [13, 38.75], "uv_size": [12.25, -1.75]}
							}
						},
						{
							"origin": [-2.37849, 10.48105, 6.10349],
							"size": [0.17363, 0.35047, 0.73385],
							"inflate": 0.0002,
							"pivot": [-4.37907, 10.65629, 6.52677],
							"rotation": [-45, 0, 0],
							"uv": {
								"north": {"uv": [43, 48], "uv_size": [1, 1.75]},
								"east": {"uv": [19, 41], "uv_size": [3.75, 1.75]},
								"south": {"uv": [33, 49], "uv_size": [1, 1.75]},
								"west": {"uv": [23, 41], "uv_size": [3.75, 1.75]},
								"up": {"uv": [33, 43], "uv_size": [1, 3.75]},
								"down": {"uv": [34, 46.75], "uv_size": [1, -3.75]}
							}
						},
						{
							"origin": [-2.37841, 10.48113, 6.10357],
							"size": [0.17347, 0.35031, 0.11244],
							"inflate": 0.0003,
							"uv": {
								"north": {"uv": [49, 33], "uv_size": [1, 1.75]},
								"east": {"uv": [47, 51], "uv_size": [0.5, 1.75]},
								"south": {"uv": [34, 49], "uv_size": [1, 1.75]},
								"west": {"uv": [51, 51], "uv_size": [0.5, 1.75]},
								"up": {"uv": [48, 4], "uv_size": [1, 0.5]},
								"down": {"uv": [18, 53.5], "uv_size": [1, -0.5]}
							}
						},
						{
							"origin": [-2.67023, 10.48129, 6.10373],
							"size": [0.29119, 0.34999, 0.1556],
							"inflate": 0.0005,
							"pivot": [-2.37859, 10.48083, 6.10327],
							"rotation": [0, 45, 0],
							"uv": {
								"north": {"uv": [28, 47], "uv_size": [1.5, 1.75]},
								"east": {"uv": [37, 50], "uv_size": [0.75, 1.75]},
								"south": {"uv": [33, 47], "uv_size": [1.5, 1.75]},
								"west": {"uv": [38, 50], "uv_size": [0.75, 1.75]},
								"up": {"uv": [51, 7], "uv_size": [1.5, 0.75]},
								"down": {"uv": [17, 51.75], "uv_size": [1.5, -0.75]}
							}
						},
						{
							"origin": [-2.66906, 10.83228, 6.94985],
							"size": [0.28981, 0.34979, 0.1502],
							"inflate": 0.0006,
							"pivot": [-2.37871, 10.83174, 6.95027],
							"rotation": [180, -45, 0],
							"uv": {
								"north": {"uv": [48, 0], "uv_size": [1.5, 1.75]},
								"east": {"uv": [39, 50], "uv_size": [0.75, 1.75]},
								"south": {"uv": [48, 2], "uv_size": [1.5, 1.75]},
								"west": {"uv": [40, 50], "uv_size": [0.75, 1.75]},
								"up": {"uv": [19, 51], "uv_size": [1.5, 0.75]},
								"down": {"uv": [21, 51.75], "uv_size": [1.5, -0.75]}
							}
						},
						{
							"origin": [-2.70087, 10.23389, 6.7041],
							"size": [0.3217, 0.34747, 0.15435],
							"inflate": 0.0005,
							"pivot": [-2.37867, 10.23282, 6.70235],
							"rotation": [90, 0, 50],
							"uv": {
								"north": {"uv": [10, 48], "uv_size": [1.5, 1.75]},
								"east": {"uv": [41, 50], "uv_size": [0.75, 1.75]},
								"south": {"uv": [12, 48], "uv_size": [1.5, 1.75]},
								"west": {"uv": [42, 50], "uv_size": [0.75, 1.75]},
								"up": {"uv": [23, 51], "uv_size": [1.5, 0.75]},
								"down": {"uv": [25, 51.75], "uv_size": [1.5, -0.75]}
							}
						},
						{
							"origin": [-2.70077, 10.72952, 6.70279],
							"size": [0.3215, 0.34963, 0.1502],
							"inflate": 0.0006,
							"pivot": [-2.37867, 11.07975, 6.70219],
							"rotation": [-90, 0, -50],
							"uv": {
								"north": {"uv": [14, 48], "uv_size": [1.5, 1.75]},
								"east": {"uv": [50, 42], "uv_size": [0.75, 1.75]},
								"south": {"uv": [30, 48], "uv_size": [1.5, 1.75]},
								"west": {"uv": [43, 50], "uv_size": [0.75, 1.75]},
								"up": {"uv": [27, 51], "uv_size": [1.5, 0.75]},
								"down": {"uv": [51, 31.75], "uv_size": [1.5, -0.75]}
							}
						},
						{
							"origin": [-2.37849, 10.48105, 6.83746],
							"size": [0.17363, 0.35047, 0.1126],
							"inflate": 0.0002,
							"pivot": [-4.37907, 10.65629, 6.52677],
							"rotation": [-45, 0, 0],
							"uv": {
								"north": {"uv": [49, 35], "uv_size": [1, 1.75]},
								"east": {"uv": [0, 52], "uv_size": [0.5, 1.75]},
								"south": {"uv": [49, 42], "uv_size": [1, 1.75]},
								"west": {"uv": [52, 0], "uv_size": [0.5, 1.75]},
								"up": {"uv": [53, 28], "uv_size": [1, 0.5]},
								"down": {"uv": [29, 53.5], "uv_size": [1, -0.5]}
							}
						},
						{
							"origin": [-2.37841, 10.48113, 6.21629],
							"size": [0.17347, 0.35031, 0.73369],
							"inflate": 0.0003,
							"uv": {
								"north": {"uv": [44, 49], "uv_size": [1, 1.75]},
								"east": {"uv": [27, 41], "uv_size": [3.75, 1.75]},
								"south": {"uv": [45, 49], "uv_size": [1, 1.75]},
								"west": {"uv": [31, 41], "uv_size": [3.75, 1.75]},
								"up": {"uv": [10, 44], "uv_size": [1, 3.75]},
								"down": {"uv": [11, 47.75], "uv_size": [1, -3.75]}
							}
						},
						{
							"origin": [-2.58484, 10.48113, 6.31012],
							"size": [0.20595, 0.35031, 0.43484],
							"inflate": 0.0003,
							"uv": {
								"north": {"uv": [46, 49], "uv_size": [1, 1.75]},
								"east": {"uv": [4, 44], "uv_size": [2.25, 1.75]},
								"south": {"uv": [47, 49], "uv_size": [1, 1.75]},
								"west": {"uv": [7, 44], "uv_size": [2.25, 1.75]},
								"up": {"uv": [48, 31], "uv_size": [1, 2.25]},
								"down": {"uv": [48, 36.25], "uv_size": [1, -2.25]}
							}
						},
						{
							"origin": [-2.37865, 10.23284, 6.35137],
							"size": [0.17395, 0.11292, 0.35079],
							"pivot": [-4.37907, 10.65629, 6.52677],
							"rotation": [-45, 0, 0],
							"uv": {
								"north": {"uv": [53, 29], "uv_size": [1, 0.5]},
								"east": {"uv": [1, 52], "uv_size": [1.75, 0.5]},
								"south": {"uv": [30, 53], "uv_size": [1, 0.5]},
								"west": {"uv": [52, 2], "uv_size": [1.75, 0.5]},
								"up": {"uv": [50, 0], "uv_size": [1, 1.75]},
								"down": {"uv": [50, 3.75], "uv_size": [1, -1.75]}
							}
						},
						{
							"origin": [-2.37857, 10.23292, 6.35145],
							"size": [0.17379, 0.73401, 0.35063],
							"inflate": 0.0001,
							"uv": {
								"north": {"uv": [12, 44], "uv_size": [1, 3.75]},
								"east": {"uv": [35, 41], "uv_size": [1.75, 3.75]},
								"south": {"uv": [13, 44], "uv_size": [1, 3.75]},
								"west": {"uv": [37, 41], "uv_size": [1.75, 3.75]},
								"up": {"uv": [10, 50], "uv_size": [1, 1.75]},
								"down": {"uv": [11, 51.75], "uv_size": [1, -1.75]}
							}
						},
						{
							"origin": [-2.37865, 10.34556, 6.35137],
							"size": [0.17395, 0.73417, 0.35079],
							"pivot": [-4.37907, 10.65629, 6.52677],
							"rotation": [-45, 0, 0],
							"uv": {
								"north": {"uv": [14, 44], "uv_size": [1, 3.75]},
								"east": {"uv": [39, 41], "uv_size": [1.75, 3.75]},
								"south": {"uv": [15, 44], "uv_size": [1, 3.75]},
								"west": {"uv": [41, 41], "uv_size": [1.75, 3.75]},
								"up": {"uv": [12, 50], "uv_size": [1, 1.75]},
								"down": {"uv": [13, 51.75], "uv_size": [1, -1.75]}
							}
						},
						{
							"origin": [-2.37857, 10.96689, 6.35145],
							"size": [0.17379, 0.11276, 0.35063],
							"inflate": 0.0001,
							"uv": {
								"north": {"uv": [53, 30], "uv_size": [1, 0.5]},
								"east": {"uv": [3, 52], "uv_size": [1.75, 0.5]},
								"south": {"uv": [31, 53], "uv_size": [1, 0.5]},
								"west": {"uv": [52, 3], "uv_size": [1.75, 0.5]},
								"up": {"uv": [14, 50], "uv_size": [1, 1.75]},
								"down": {"uv": [15, 51.75], "uv_size": [1, -1.75]}
							}
						}
					]
				},
				{
					"name": "constraint",
					"parent": "kuda",
					"pivot": [-2.315, 14.00968, 6.45582]
				},
				{
					"name": "refit_pos",
					"parent": "kuda",
					"pivot": [3.65375, 6.52938, 4.86713]
				},
				{
					"name": "muzzle_flash",
					"parent": "refit_pos",
					"pivot": [-1.94, 16.39413, 6.52163]
				},
				{
					"name": "muzzle_pos",
					"parent": "refit_pos",
					"pivot": [5.2475, 12.13838, -20.67513]
				},
				{
					"name": "scope_pos",
					"parent": "refit_pos",
					"pivot": [3.65375, 14.25373, 14.57637]
				},
				{
					"name": "stock_pos",
					"parent": "refit_pos",
					"pivot": [3.65375, 10.91363, 21.88937]
				},
				{
					"name": "grip_pos",
					"parent": "refit_pos",
					"pivot": [3.65375, 6.54712, -12.04863]
				},
				{
					"name": "shell",
					"parent": "refit_pos",
					"pivot": [3.36975, 12.20938, 8.98513]
				},
				{
					"name": "camera",
					"pivot": [2.75, 14.2875, 14]
				},
				{
					"name": "positioning",
					"pivot": [0, 0, -8]
				},
				{
					"name": "thirdperson_hand",
					"parent": "positioning",
					"pivot": [-1.125, 11.425, 4.15]
				},
				{
					"name": "ground",
					"parent": "positioning",
					"pivot": [-1.1875, 10.1, 3.65]
				},
				{
					"name": "fixed",
					"parent": "positioning",
					"pivot": [-1.075, 11.58125, 3.79375],
					"rotation": [0, 90, 0]
				},
				{
					"name": "view",
					"pivot": [0, 0, 0]
				},
				{
					"name": "idle_view",
					"parent": "view",
					"pivot": [2.75, 14.2875, 14]
				},
				{
					"name": "iron_view",
					"parent": "view",
					"pivot": [2.75, 12.975, 11.59375]
				},
				{
					"name": "refit_view",
					"parent": "view",
					"pivot": [7.4375, 11.3875, 1.15],
					"rotation": [0, 90, 0]
				},
				{
					"name": "refit_muzzle_view",
					"parent": "view",
					"pivot": [8, 9, -26],
					"rotation": [0, 120, 0]
				},
				{
					"name": "refit_stock_view",
					"parent": "view",
					"pivot": [10, 9, 14],
					"rotation": [0, 90, 0]
				},
				{
					"name": "refit_scope_view",
					"parent": "view",
					"pivot": [7, 14.125, 8.3],
					"rotation": [0, 50, 0]
				},
				{
					"name": "refit_extended_mag_view",
					"parent": "view",
					"pivot": [7.4375, 11.3875, 1.15],
					"rotation": [0, 90, 35]
				},
				{
					"name": "refit_laser_view",
					"parent": "view",
					"pivot": [7, 10, -12],
					"rotation": [0, 70, 0]
				},
				{
					"name": "refit_grip_view",
					"parent": "view",
					"pivot": [6.8, 5.4, -13],
					"rotation": [0, 90, 0]
				}
			]
		}
	]
}