{
    "materials": [
      {
        "item": {
          "item": "minecraft:nether_star"
        },
        "count": 2
      },
      {
        "item": {
          "tag": "forge:ingots/netherite"
        },
        "count": 4
      },
      {
        "item": {
          "item": "minecraft:sweet_berries"
        },
        "count": 10
      },
      {
        "item": {
          "item": "minecraft:redstone"
        },
        "count":4
      }
    ],
    "result": {
      "type": "gun",
      "id": "firefox:firefox"
    }
  }