{
    "model": "fire_fox:gun/fire_fox_geo",
    "texture": "fire_fox:gun/uv/fire_fox",
    "lod": {
    "model": "fire_fox:gun/lod/firefox_geo",
    "texture": "fire_fox:gun/lod/firefox"},
    "slot":"fire_fox:gun/slot/firefox",
    "hud":"fire_fox:gun/hud/fox_sword",
    "animation": "fire_fox:fire_fox",
    "sounds":{"shoot":"fire_fox:fox_mask/fox_mask_shoot",
               "draw":"fire_fox:fox_mask/fox_mask_draw",
               "dry_fire":"fire_fox:fox_mask/fox_mask_dry_fire",
               "inspect":"fire_fox:fox_mask/fox_mask_inspect",
               "inspect_empty":"fire_fox:fox_mask/fox_mask_inspect_empty",
               "put_away":"fire_fox:fox_mask/fox_mask_put_away",
               "reload_empty":"fire_fox:fox_mask/fox_mask_reload_empty",
               "reload_tactical":"fire_fox:fox_mask/fox_mask_reload_tactical"  ,
               "melee_bayonet": "fire_fox:melee_bayonet/melee_bash_03",
               "melee_push": "fire_fox:melee_bayonet/melee_bash_04"
                  },                   
     "third_person_animation": "default"
}