{
	"format_version": "1.8.0",
	"animations": {
		"static_idle": {
			"animation_length": 1,
			"bones": {
				"FOX": {
					"rotation": [0, 0, 0],
					"position": [0, 0, 0]
				}
			}
		},
		"reload_tactical": {
			"animation_length": 2.25,
			"bones": {
				"lefthand_pos2": {
					"rotation": {
						"0.0": {
							"post": [0, 0, 0],
							"lerp_mode": "catmullrom"
						},
						"0.5": [30.63753, 16.88871, 4.64557],
						"0.5417": [30.63753, 16.88871, 4.64557],
						"0.5833": [30.63753, 16.88871, 4.64557],
						"0.625": [30.63753, 16.88871, 4.64557],
						"0.6667": [30.63753, 16.88871, 4.64557],
						"0.7083": [30.63753, 16.88871, 4.64557],
						"0.75": [30.63753, 16.88871, 4.64557],
						"0.7917": [30.63753, 16.88871, 4.64557],
						"0.8333": [30.63753, 16.88871, 4.64557],
						"0.875": [30.63753, 16.88871, 4.64557],
						"0.9167": [30.63753, 16.88871, 4.64557],
						"0.9583": [30.63753, 16.88871, 4.64557],
						"1.0": [30.63753, 16.88871, 4.64557],
						"1.0417": [30.63753, 16.88871, 4.64557],
						"1.0833": [30.63753, 16.88871, 4.64557],
						"1.125": [30.63753, 16.88871, 4.64557],
						"1.1667": [30.63753, 16.88871, 4.64557],
						"1.2083": [30.63753, 16.88871, 4.64557],
						"1.25": [30.63753, 16.88871, 4.64557],
						"1.2917": [30.63753, 16.88871, 4.64557],
						"1.3333": [30.63753, 16.88871, 4.64557],
						"1.375": [30.63753, 16.88871, 4.64557],
						"1.4167": [30.63753, 16.88871, 4.64557],
						"1.4583": [30.63753, 16.88871, 4.64557],
						"1.5": [30.63753, 16.88871, 4.64557],
						"2.0": {
							"pre": [0.00226, 0.00148, 0.00371],
							"post": [0.00226, 0.00148, 0.00371],
							"lerp_mode": "catmullrom"
						}
					},
					"position": {
						"0.5": [0, 0, -3],
						"0.5417": [0, 0, -3],
						"0.5833": [0, 0, -3],
						"0.625": [0, 0, -3],
						"0.6667": [0, 0, -3],
						"0.7083": [0, 0, -3],
						"0.75": [0, 0, -3],
						"0.7917": [0, 0, -3],
						"0.8333": [0, 0, -3],
						"0.875": [0, 0, -3],
						"0.9167": [0, 0, -3],
						"0.9583": [0, 0, -3],
						"1.0": [0, 0, -3],
						"1.0417": [0, 0, -3],
						"1.0833": [0, 0, -3],
						"1.125": [0, 0, -3],
						"1.1667": [0, 0, -3],
						"1.2083": [0, 0, -3],
						"1.25": [0, 0, -3],
						"1.2917": [0, 0, -3],
						"1.3333": [0, 0, -3],
						"1.375": [0, 0, -3],
						"1.4167": [0, 0, -3],
						"1.4583": [0, 0, -3],
						"1.5": [0, 0, -3],
						"1.5417": [0, 0, -2.89079],
						"1.5833": [0, 0, -2.67308],
						"1.625": [0, 0, -2.4077],
						"1.6667": [0, 0, -2.11663],
						"1.8333": [0, 0, -0.88337],
						"1.875": [0, 0, -0.5923],
						"1.9167": [0, 0, -0.32692],
						"1.9583": [0, 0, -0.10921],
						"2.0": [0, 0, 0]
					}
				},
				"lefthand_pos": {
					"rotation": {
						"0.0": [0, 0, 0],
						"0.2083": [-12.5, 0, 22.5],
						"0.25": [-12.5, 0, 22.5],
						"0.2917": [-12.5, 0, 22.5],
						"0.3333": [-12.5, 0, 22.5],
						"0.375": [-12.5, 0, 22.5],
						"0.4167": [-12.5, 0, 22.5],
						"0.4583": [-12.5, 0, 22.5],
						"0.5": [-12.5, 0, 22.5],
						"0.5417": [-12.5, 0, 22.5],
						"0.5833": [-12.5, 0, 22.5],
						"0.625": [-12.5, 0, 22.5],
						"0.6667": [-12.5, 0, 22.5],
						"0.7083": [-12.5, 0, 22.5],
						"0.75": [-12.5, 0, 22.5],
						"0.7917": [-12.5, 0, 22.5],
						"0.8333": [-12.5, 0, 22.5],
						"0.875": [-12.5, 0, 22.5],
						"0.9167": [-12.5, 0, 22.5],
						"0.9583": [-12.5, 0, 22.5],
						"1.0": [-12.5, 0, 22.5],
						"1.0417": [-12.5, 0, 22.5],
						"1.0833": [-12.5, 0, 22.5],
						"1.125": [-12.5, 0, 22.5],
						"1.1667": [-12.5, 0, 22.5],
						"1.2083": [-12.5, 0, 22.5],
						"1.25": [-12.5, 0, 22.5],
						"1.2917": [-12.5, 0, 22.5],
						"1.3333": [-12.5, 0, 22.5],
						"1.375": [-12.5, 0, 22.5],
						"1.4167": [-12.5, 0, 22.5],
						"1.4583": [-12.5, 0, 22.5],
						"1.5": [-12.5, 0, 22.5],
						"1.5417": [-12.5, 0, 22.5],
						"1.5833": [-12.5, 0, 22.5],
						"1.625": [-12.5, 0, 22.5],
						"1.6667": [-12.5, 0, 22.5],
						"1.7083": [-12.5, 0, 22.5],
						"1.75": [-12.5, 0, 22.5],
						"1.7917": [-12.5, 0, 22.5],
						"1.8333": [-12.5, 0, 22.5],
						"1.875": [-12.5, 0, 22.5],
						"1.9167": [-12.5, 0, 22.5],
						"1.9583": [-12.5, 0, 22.5],
						"2.0": [-12.5, 0, 22.5],
						"2.0417": [-12.5, 0, 22.5],
						"2.25": [0, 0, 0]
					},
					"position": {
						"0.0": [0, 0, 0],
						"0.2083": [0, 0, -2],
						"0.25": [0, 0, -2],
						"0.2917": [0, 0, -2],
						"0.3333": [0, 0, -2],
						"0.375": [0, 0, -2],
						"0.4167": [0, 0, -2],
						"0.4583": [0, 0, -2],
						"0.5": [0, 0, -2],
						"0.5417": [0, 0, -2],
						"0.5833": [0, 0, -2],
						"0.625": [0, 0, -2],
						"0.6667": [0, 0, -2],
						"0.7083": [0, 0, -2],
						"0.75": [0, 0, -2],
						"0.7917": [0, 0, -2],
						"0.8333": [0, 0, -2],
						"0.875": [0, 0, -2],
						"0.9167": [0, 0, -2],
						"0.9583": [0, 0, -2],
						"1.0": [0, 0, -2],
						"1.0417": [0, 0, -2],
						"1.0833": [0, 0, -2],
						"1.125": [0, 0, -2],
						"1.1667": [0, 0, -2],
						"1.2083": [0, 0, -2],
						"1.25": [0, 0, -2],
						"1.2917": [0, 0, -2],
						"1.3333": [0, 0, -2],
						"1.375": [0, 0, -2],
						"1.4167": [0, 0, -2],
						"1.4583": [0, 0, -2],
						"1.5": [0, 0, -2],
						"1.5417": [0, 0, -2],
						"1.5833": [0, 0, -2],
						"1.625": [0, 0, -2],
						"1.6667": [0, 0, -2],
						"1.7083": [0, 0, -2],
						"1.75": [0, 0, -2],
						"1.7917": [0, 0, -2],
						"1.8333": [0, 0, -2],
						"1.875": [0, 0, -2],
						"1.9167": [0, 0, -2],
						"1.9583": [0, 0, -2],
						"2.0": [0, 0, -2],
						"2.0417": [0, 0, -2],
						"2.25": [0, 0, 0]
					}
				},
				"righthand_pos": {
					"rotation": {
						"0.0": [0, 0, 0],
						"0.0417": [-4.24907, 4.01916, -1.20575],
						"0.0833": [-7.77638, 14.63904, -4.39171],
						"0.125": [-10.08587, 29.40754, -8.82226],
						"0.1667": [-9.95433, 45.59246, -13.67774],
						"0.2083": [-4.57524, 60.36096, -18.10829],
						"0.25": [2.07987, 70.98084, -21.29425],
						"0.2917": [4, 75, -22.5],
						"0.3333": [4.22088, 75, -21.15227],
						"0.375": [4.21957, 75, -17.13519],
						"0.4583": [3.78043, 75, -5.36481],
						"0.5": [3.77912, 75, -1.34773],
						"0.5417": [4, 75, 0],
						"0.5833": [4.22088, 75, -1.34773],
						"0.625": [4.21957, 75, -5.36481],
						"0.7083": [3.78043, 75, -17.13519],
						"0.75": [3.77912, 75, -21.15227],
						"0.7917": [4, 75, -22.5],
						"0.8333": [4.22088, 75, -21.15227],
						"0.875": [4.21957, 75, -17.13519],
						"0.9583": [3.78043, 75, -5.36481],
						"1.0": [3.77912, 75, -1.34773],
						"1.0417": [4, 75, 0],
						"1.0833": [4.21541, 75, -1.20575],
						"1.125": [4.23793, 75, -4.39171],
						"1.1667": [4.10075, 75, -8.82226],
						"1.2083": [3.89925, 75, -13.67774],
						"1.25": [3.76207, 75, -18.10829],
						"1.2917": [3.78459, 75, -21.29425],
						"1.3333": [4, 75, -22.5],
						"1.375": [4.21541, 75, -21.29425],
						"1.4167": [4.23793, 75, -18.10829],
						"1.4583": [4.10075, 75, -13.67774],
						"1.5": [3.89925, 75, -8.82226],
						"1.5417": [3.76207, 75, -4.39171],
						"1.5833": [3.78459, 75, -1.20575],
						"1.625": [4, 75, 0],
						"1.6667": [4.21541, 75, -1.20575],
						"1.7083": [4.23793, 75, -4.39171],
						"1.75": [4.10075, 75, -8.82226],
						"1.7917": [3.89925, 75, -13.67774],
						"1.8333": [3.76207, 75, -18.10829],
						"1.875": [3.78459, 75, -21.29425],
						"1.9167": [4, 75, -22.5],
						"1.9583": [3.23182, 71.34719, -21.40416],
						"2.0": [0.63089, 62.49125, -18.74737],
						"2.0417": [-2.92855, 50.67403, -15.20221],
						"2.0833": [-6.21063, 37.5, -11.25],
						"2.125": [-8.04897, 24.32597, -7.29779],
						"2.1667": [-7.72301, 12.50875, -3.75263],
						"2.2083": [-5.00748, 3.65281, -1.09584],
						"2.25": [0, 0, 0]
					},
					"position": {
						"0.0": [0, 0, 0],
						"0.0417": [0.03991, -0.05359, -0.16077],
						"0.0833": [-0.46761, -0.19519, -0.58556],
						"0.125": [-1.42835, -0.3921, -1.1763],
						"0.1667": [-2.57165, -0.6079, -1.8237],
						"0.2083": [-3.53239, -0.80481, -2.41444],
						"0.25": [-4.03991, -0.94641, -2.83923],
						"0.2917": [-4, -1, -3],
						"0.3333": [-3.85402, -1, -3],
						"0.375": [-3.79735, -1, -3],
						"0.4167": [-3.76813, -1, -3],
						"0.9583": [-3.92651, -1, -3],
						"1.4583": [-4.20185, -1, -3],
						"1.6667": [-4.25117, -1, -3],
						"1.75": [-4.23187, -1, -3],
						"1.7917": [-4.20265, -1, -3],
						"1.8333": [-4.14598, -1, -3],
						"1.875": [-4, -1, -3],
						"1.9167": [-3.64404, -0.95523, -2.86569],
						"1.9583": [-3.21847, -0.85356, -2.56068],
						"2.0": [-2.74792, -0.72208, -2.16623],
						"2.0417": [-2.25204, -0.57557, -1.72671],
						"2.0833": [-1.74796, -0.42443, -1.27329],
						"2.125": [-1.25208, -0.27792, -0.83377],
						"2.1667": [-0.78153, -0.14644, -0.43932],
						"2.2083": [-0.35596, -0.04477, -0.13431],
						"2.25": [0, 0, 0]
					}
				},
				"RightEar": {
					"rotation": {
						"1.0": [0, 0, 0],
						"1.0833": [0, 0, -17.5],
						"1.1667": [0, 0, 0]
					},
					"position": {
						"1.0": [0, 0, 0],
						"1.0833": [4, 0, 0],
						"1.1667": [0, 0, 0]
					}
				},
				"LeftEar": {
					"rotation": {
						"1.0": [0, 0, 0],
						"1.0833": [0, 0, 17.5],
						"1.1667": [0, 0, 0]
					},
					"position": {
						"1.0": [0, 0, 0],
						"1.0833": [-4, 0, 0],
						"1.1667": [0, 0, 0]
					}
				},
				"camera": {
					"rotation": {
						"0.0": [0, 0, 0],
						"0.7083": [1.52636, 0.11668, -3.69911],
						"1.3333": [1.52636, 0.11668, -3.69911],
						"2.0": [0, 0, 0]
					},
					"position": {
						"0.0": [0, 0, 0],
						"0.7083": [0, 0, -0.5],
						"1.3333": [0, 0, -0.5],
						"2.0": [0, 0, 0]
					}
				},
				"FOX": {
					"position": {
						"0.0": {
							"post": [0, 0, 0],
							"lerp_mode": "catmullrom"
						},
						"0.25": {
							"post": [0, -0.3, 0],
							"lerp_mode": "catmullrom"
						},
						"2.0": {
							"post": [0, -0.3, 0],
							"lerp_mode": "catmullrom"
						},
						"2.25": {
							"post": [0, 0, 0],
							"lerp_mode": "catmullrom"
						}
					}
				}
			}
		},
		"reload_empty": {
			"animation_length": 2.25,
			"bones": {
				"FOX": {
					"scale": {
						"1.25": {
							"pre": [0, 0, 0],
							"post": [0, 0, 0],
							"lerp_mode": "catmullrom"
						},
						"2.25": {
							"post": [1, 1, 1],
							"lerp_mode": "catmullrom"
						}
					}
				}
			}
		},
		"inspect": {
			"animation_length": 4.9167,
			"bones": {
				"FOX": {
					"rotation": {
						"0.0": [0, 0, 0],
						"0.375": [0, 0, 0],
						"0.625": [0, 0, -0.45568],
						"0.6667": [0, 0, -0.41988],
						"0.7083": [0, 0, -0.27295],
						"0.75": [0, 0, 0],
						"0.7917": [-0.44649, 1.57387, -0.24574],
						"0.8333": [-1.22126, 4.30487, -1.06364],
						"0.875": [-2.11501, 7.45532, -2.13522],
						"0.9167": [-3.07314, 10.83269, -3.35037],
						"1.2083": [-10.35002, 36.48336, -12.98944],
						"1.3333": [-13.41272, 47.2792, -16.75382],
						"1.375": [-14.37085, 50.65657, -17.8025],
						"1.4167": [-15.2646, 53.80702, -18.66323],
						"1.4583": [-16.03937, 56.53802, -19.21856],
						"1.5": [-16.48586, 58.11189, -19.17188],
						"1.5417": [-16.48586, 58.11189, -18.72129],
						"1.5833": [-16.48586, 58.11189, -18.4594],
						"2.0": [-16.48586, 58.11189, -19.03719],
						"2.0833": [-16.48586, 58.11189, -19.17188],
						"2.125": [-17.26742, 55.35747, -18.78984],
						"2.1667": [-18.55086, 50.83434, -18.01422],
						"2.2083": [-20.00256, 45.71819, -17.05751],
						"2.25": [-21.54477, 40.28308, -15.99678],
						"2.2917": [-23.14403, 34.64689, -14.87113],
						"2.625": [-36.65666, -12.97486, -5.39053],
						"2.7917": [-43.34053, -36.53043, -1.33912],
						"2.8333": [-44.93983, -42.16674, -0.54233],
						"2.875": [-46.48209, -47.60205, 0.10519],
						"2.9167": [-47.93389, -52.71853, 0.5359],
						"2.9583": [-49.21751, -57.24233, 0.61729],
						"3.0": [-50, -60, 0],
						"3.0417": [-50, -60, -0.99129],
						"3.0833": [-50, -60, -1.59552],
						"3.125": [-50, -60, -1.945],
						"3.1667": [-50, -60, -2.11304],
						"3.2083": [-50, -60, -2.14566],
						"3.5417": [-50, -60, -0.30496],
						"3.5833": [-50, -60, -0.09321],
						"3.625": [-50, -60, 0],
						"3.6667": [-48.79244, -58.55093, -0.04718],
						"3.7083": [-46.78565, -56.14278, -0.14137],
						"3.75": [-44.50576, -53.40691, -0.25464],
						"3.7917": [-42.07898, -50.49478, -0.37638],
						"4.2083": [-15.64495, -18.77394, -1.30968],
						"4.3333": [-7.92102, -9.50522, -1.2279],
						"4.375": [-5.49424, -6.59309, -1.10766],
						"4.4167": [-3.21435, -3.85722, -0.90836],
						"4.4583": [-1.20756, -1.44907, -0.58253],
						"4.5": [0, 0, 0]
					},
					"position": {
						"0.0": [0, 0, 0],
						"0.375": [0, 0, 0],
						"0.75": [0, 2, 0],
						"1.5": [0, 2, 0],
						"3.0": [0, 2, 0],
						"3.625": [0, 2, 0],
						"4.5": [0, 0, 0]
					}
				},
				"AllHead2": {
					"position": [0, 0, 0]
				},
				"RightArm2": {
					"rotation": {
						"0.0": [0, 0, 0],
						"0.5833": [0, 0, 0],
						"1.5": [-47.5, 0, 0],
						"2.75": [-47.5, 0, 0],
						"3.5": [-47.5, 0, 0],
						"4.25": [0, 0, 0]
					}
				},
				"LeftArm2": {
					"rotation": {
						"0.0": [0, 0, 0],
						"0.5833": [0, 0, 0],
						"1.5": [-52.5, 0, 0],
						"2.75": [-52.5, 0, 0],
						"3.5": [-52.5, 0, 0],
						"4.25": [0, 0, 0]
					}
				},
				"LeftLeg2": {
					"rotation": {
						"0.0": [0, 0, 0],
						"0.5833": [0, 0, 0],
						"1.5": [-42.5, 0, 0],
						"2.75": [-42.5, 0, 0],
						"3.5": [-42.5, 0, 0],
						"4.25": [0, 0, 0]
					}
				},
				"RightLeg2": {
					"rotation": {
						"0.0": [0, 0, 0],
						"1.0833": [0, 0, 0],
						"1.5": [-47.5, 0, 0],
						"2.75": [-47.5, 0, 0],
						"3.5": [-47.5, 0, 0],
						"4.25": [0, 0, 0]
					}
				},
				"lefthand_pos": {
					"rotation": {
						"0.0": [0, 0, 0],
						"0.25": [-12.5, 0, 22.5],
						"2.7917": [-12.5, 0, 22.5],
						"3.75": [-12.5, 0, 22.5],
						"4.2917": [0, 0, 0]
					},
					"position": {
						"0.0": [0, 0, 0],
						"0.25": [0, 0, -2],
						"3.75": [0, 0, -2],
						"4.2917": [0, 0, 0]
					}
				},
				"righthand_pos": {
					"rotation": {
						"0.0": [0, 0, 0],
						"0.0417": [0.08954, 3.35765, 2.76766],
						"0.0833": [0.29288, 10.98295, 4.48281],
						"0.125": [0.55584, 20.84415, 5.47101],
						"0.1667": [0.84886, 31.83232, 5.93655],
						"0.2083": [1.15114, 43.16768, 6.02444],
						"0.25": [1.44416, 54.15585, 5.85176],
						"0.2917": [1.70712, 64.01705, 5.52866],
						"0.3333": [1.91046, 71.64235, 5.18184],
						"0.375": [2, 75, 5],
						"0.4167": [2.33577, 75, 5],
						"0.4583": [3.09829, 75, 5],
						"0.5": [4.08441, 75, 5],
						"0.625": [7.41559, 75, 5],
						"0.6667": [8.40171, 75, 5],
						"0.7083": [9.16423, 75, 5],
						"0.75": [9.5, 75, 5],
						"0.7917": [9.04523, 74.67566, 4.73027],
						"0.8333": [8.25611, 74.11287, 4.26223],
						"1.2917": [-3.14482, 65.98179, -2.49983],
						"1.4167": [-6.04746, 63.91164, -4.22143],
						"1.4583": [-6.83658, 63.34885, -4.68947],
						"1.5": [-7.29135, 63.02451, -4.9592],
						"2.0417": [-7.29135, 63.02451, -4.9592],
						"2.0833": [-7.29135, 63.02451, -4.9592],
						"2.125": [-6.50379, 63.45625, -4.32186],
						"2.1667": [-5.21052, 64.16523, -3.27527],
						"2.7083": [16.44108, 76.03479, 14.24652],
						"2.875": [22.93484, 79.59471, 19.50167],
						"2.9167": [24.39777, 80.3967, 20.68556],
						"2.9583": [25.69124, 81.10579, 21.73231],
						"3.0": [26.47972, 81.53804, 22.3704],
						"3.5417": [26.47972, 81.53804, 22.3704],
						"3.625": [26.47972, 81.53804, 22.3704],
						"3.6667": [26.19787, 79.33097, 21.5955],
						"3.7083": [25.64874, 75.27478, 20.17136],
						"3.75": [24.9691, 70.49332, 18.49259],
						"3.7917": [24.19963, 65.31836, 16.67565],
						"3.8333": [23.35783, 59.90729, 14.77582],
						"4.0": [19.36133, 37.43571, 6.88603],
						"4.0417": [18.19426, 31.88198, 4.93611],
						"4.0833": [16.9422, 26.47091, 3.03628],
						"4.125": [15.58508, 21.29595, 1.21934],
						"4.1667": [14.08791, 16.51449, -0.45943],
						"4.2083": [12.38227, 12.4583, -1.88357],
						"4.25": [10.29489, 10.25123, -2.65847],
						"4.2917": [8.21726, 9.87803, -2.44879],
						"4.3333": [6.60541, 9.13413, -2.04505],
						"4.375": [5.29179, 8.22731, -1.57194],
						"4.4167": [4.19291, 7.23269, -1.07626],
						"4.4583": [3.26086, 6.18998, -0.58508],
						"4.5": [2.4658, 5.12561, -0.11936],
						"4.5417": [1.78839, 4.06125, 0.3004],
						"4.5833": [1.21663, 3.01854, 0.64984],
						"4.625": [0.74445, 2.02392, 0.89484],
						"4.6667": [0.37217, 1.1171, 0.97942],
						"4.7083": [0.1107, 0.3732, 0.79103],
						"4.75": [0, 0, 0]
					},
					"position": {
						"0.0": [0, 0, 0],
						"0.0417": [-0.04477, 0, -0.08954],
						"0.0833": [-0.14644, 0, -0.29288],
						"0.125": [-0.27792, 0, -0.55584],
						"0.25": [-0.72208, 0, -1.44416],
						"0.2917": [-0.85356, 0, -1.70712],
						"0.3333": [-0.95523, 0, -1.91046],
						"0.375": [-1, 0, -2],
						"0.75": [-1, 0, -2],
						"1.2917": [-1, 0, -2],
						"1.8333": [-1, 0, -2],
						"2.375": [-1, 0, -2],
						"2.9167": [-1, 0, -2],
						"3.0": [-1, 0, -2],
						"3.5417": [-1, 0, -2],
						"3.625": [-1, 0, -2],
						"3.6667": [-0.98003, 0, -1.96005],
						"4.2083": [-0.47968, 0, -0.95935],
						"4.625": [-0.08591, 0, -0.17182],
						"4.7083": [-0.01997, 0, -0.03995],
						"4.75": [0, 0, 0]
					}
				},
				"RightEar": {
					"rotation": {
						"1.875": [0, 0, 0],
						"1.9583": [0, 0, -17.5],
						"2.0417": [0, 0, 0],
						"3.5833": [0, 0, 0],
						"3.6667": [0, 0, -17.5],
						"3.75": [0, 0, 0]
					},
					"position": {
						"1.875": [0, 0, 0],
						"1.9583": [4, 0, 0],
						"2.0417": [0, 0, 0],
						"3.5833": [0, 0, 0],
						"3.6667": [4, 0, 0],
						"3.75": [0, 0, 0]
					}
				},
				"LeftEar": {
					"rotation": {
						"1.875": [0, 0, 0],
						"1.9583": [0, 0, 17.5],
						"2.0417": [0, 0, 0],
						"3.5833": [0, 0, 0],
						"3.6667": [0, 0, 17.5],
						"3.75": [0, 0, 0]
					},
					"position": {
						"1.875": [0, 0, 0],
						"1.9583": [-4, 0, 0],
						"2.0417": [0, 0, 0],
						"3.5833": [0, 0, 0],
						"3.6667": [-4, 0, 0],
						"3.75": [0, 0, 0]
					}
				},
				"camera": {
					"rotation": {
						"0.0": {
							"post": [0, 0, 0],
							"lerp_mode": "catmullrom"
						},
						"0.4167": {
							"post": [3.275, 0.65, -0.225],
							"lerp_mode": "catmullrom"
						},
						"1.0833": {
							"post": [3.745, 0.65, -0.3],
							"lerp_mode": "catmullrom"
						},
						"1.375": {
							"post": [1.415, 0.85, -0.8],
							"lerp_mode": "catmullrom"
						},
						"2.0833": {
							"post": [1.415, 0.85, -0.8],
							"lerp_mode": "catmullrom"
						},
						"2.9167": {
							"post": [1.78, 0.17, 0.54],
							"lerp_mode": "catmullrom"
						},
						"4.0": {
							"post": [-1.49, -0.2, 0.225],
							"lerp_mode": "catmullrom"
						},
						"4.7917": {
							"post": [0, 0, 0],
							"lerp_mode": "catmullrom"
						}
					}
				}
			}
		},
		"draw": {
			"animation_length": 0.5,
			"bones": {
				"FOX": {
					"rotation": {
						"0.0": {
							"post": [82.5, 0, 0],
							"lerp_mode": "catmullrom"
						},
						"0.5": {
							"post": [0, 0, 0],
							"lerp_mode": "catmullrom"
						}
					},
					"position": {
						"0.0": {
							"post": [0, -18, 13],
							"lerp_mode": "catmullrom"
						},
						"0.5": {
							"post": [0, 0, 0],
							"lerp_mode": "catmullrom"
						}
					}
				},
				"lefthand_pos": {
					"rotation": {
						"0.0": [-107.5, 0, 0],
						"0.5": [0, 0, 0]
					}
				},
				"righthand_pos": {
					"rotation": {
						"0.0": [-107.5, 0, 0],
						"0.5": [0, 0, 0]
					}
				},
				"camera": {
					"rotation": {
						"0.0": [0, 0, 0],
						"0.2": [2.5, 0, 0],
						"0.4": [0, 0, 0]
					}
				}
			}
		},
		"put_away": {
			"animation_length": 0.5,
			"bones": {
				"FOX": {
					"rotation": {
						"0.0": {
							"post": [0, 0, 0],
							"lerp_mode": "catmullrom"
						},
						"0.5": {
							"post": [82.5, 0, 0],
							"lerp_mode": "catmullrom"
						}
					},
					"position": {
						"0.0": {
							"post": [0, 0, 0],
							"lerp_mode": "catmullrom"
						},
						"0.5": {
							"post": [0, -18, 13],
							"lerp_mode": "catmullrom"
						}
					}
				},
				"lefthand_pos": {
					"rotation": {
						"0.0": [0, 0, 0],
						"0.5": [-107.5, 0, 0]
					}
				},
				"righthand_pos": {
					"rotation": {
						"0.0": {
							"post": [0, 0, 0],
							"lerp_mode": "catmullrom"
						},
						"0.5": {
							"post": [-107.5, 0, 0],
							"lerp_mode": "catmullrom"
						}
					}
				},
				"camera": {
					"rotation": {
						"0.0": [0, 0, 0],
						"0.2": [2.5, 0, 0],
						"0.4": [0, 0, 0]
					}
				}
			}
		},
		"shoot": {
			"animation_length": 0.5,
			"bones": {
				"FOX": {
					"scale": {
						"0.0": [1, 1, 1],
						"0.125": [0, 0, 0],
						"0.1667": [0, 0, 0],
						"0.2083": [0, 0, 0],
						"0.25": [0, 0, 0],
						"0.2917": [0, 0, 0],
						"0.3333": [0, 0, 0],
						"0.375": [0, 0, 0],
						"0.5": [1, 1, 1]
					}
				},
				"lefthand_pos": {
					"rotation": {
						"0.0": {
							"post": [0, 0, 0],
							"lerp_mode": "catmullrom"
						},
						"0.25": {
							"post": [0, 0, -40],
							"lerp_mode": "catmullrom"
						},
						"0.5": [0, 0, 0]
					}
				},
				"righthand_pos": {
					"rotation": {
						"0.0": [0, 0, 0],
						"0.25": [0, 0, 40],
						"0.5": [0, 0, 0]
					}
				}
			}
		},
		"static_bolt_caught": {
			"animation_length": 0.5,
			"bones": {
				"FOX": {
					"scale": 0
				}
			}
		},
		"inspect_empty": {
			"animation_length": 1.5417,
			"bones": {
				"lefthand_pos": {
					"rotation": {
						"0.0": [0, 0, 0],
						"0.375": [-65, 0, 0],
						"1.1667": [-65, 0, 0],
						"1.5417": [0, 0, 0]
					}
				},
				"FOX": {
					"scale": 0
				},
				"righthand_pos": {
					"rotation": {
						"0.0": [0, 0, 0],
						"0.375": [-65, 0, 0],
						"1.1667": [-65, 0, 0],
						"1.5417": [0, 0, 0]
					}
				},
				"camera": {
					"rotation": {
						"0.5": {
							"pre": [0, 0, 0],
							"post": [0, 0, 0],
							"lerp_mode": "catmullrom"
						},
						"0.7083": {
							"post": [0, 10, 0],
							"lerp_mode": "catmullrom"
						},
						"0.9583": {
							"post": [0, -10, 0],
							"lerp_mode": "catmullrom"
						},
						"1.1667": {
							"post": [0, 0, 0],
							"lerp_mode": "catmullrom"
						}
					}
				}
			},
			"sound_effects": {
				"0.5": {
					"effect": "nope.mp3"
				}
			}
		}
	}
}