{
  "model": "dmc:gun/ivory.geo",
  "texture": "dmc:gun/uv/ivory",
  "lod": {
    "model": "dmc:gun/ivory.geo",
    "texture": "dmc:gun/uv/ivory"
  },
  "hud": "dmc:gun/hud/ivory",
  "slot": "dmc:gun/slot/ivory",
  "animation": "dmc:ivory",
  "use_default_animation": "pistol",
  "transform": {
    "scale": {
      "thirdperson": [0.6, 0.6, 0.6],
      "ground": [0.6, 0.6, 0.6],
      "fixed": [1.2, 1.2, 1.2]
    }
  },
  "shell": {
    "initial_velocity": [8.0, 5.0, -0.5],
    "random_velocity": [2.5, 1.5, 0.25],
    "acceleration": [0.0, -20, 0.0],
    "angular_velocity": [-720, -720, 90],
    "living_time": 1.0
  },
  "muzzle_flash": {
    "texture": "tacz:flash/common_muzzle_flash",
    "scale": 0.4
  },
  "sounds": {
    "reload_empty": "dmc:ivory/ivory_reloadempty",
    "reload_tactical": "dmc:ivory/ivory_reloadtactical",
    "inspect": "dmc:ivory/ivory_inspect",
    "inspect_empty": "dmc:ivory/ivory_inspectempty",
    "draw": "tacz:glock_17/glock17_draw",
    "shoot": "dmc:ivory/ivory_fire",
    "shoot_3p": "tacz:glock_17/glock17_shoot_3p",
    "silence": "tacz:glock_17/glock17_silence",
    "silence_3p": "tacz:glock_17/glock17_silence_3p"
  },
  "offhand_show": {
    "pos": [4, 13, -1],
    "rotate": [-90, -35, 90],
    "scale": [0.5, 0.5, 0.5]
  },
  "hotbar_show": {
    "0": {
      "pos": [-5, 13, -1],
      "rotate": [-90, -35, 90],
      "scale": [0.5, 0.5, 0.5]
    }
  }
}