{
  "model": "dmc:gun/needlegun.geo",
  "texture": "dmc:gun/uv/needlegun",
  "lod": {
    "model": "dmc:gun/needlegun.geo",
    "texture": "dmc:gun/uv/needlegun"
  },
  "hud": "dmc:gun/hud/needlegun",
  "slot": "dmc:gun/slot/needlegun",
  "animation": "dmc:needlegun",
  "use_default_animation": "rifle",
  "transform": {
    "scale": {
      "thirdperson": [0.6, 0.6, 0.6],
      "ground": [0.6, 0.6, 0.6],
      "fixed": [1.2, 1.2, 1.2]
    }
  },
  "shell": {
    "initial_velocity": [8.0, 5.0, -0.5],
    "random_velocity": [2.5, 1.5, 0.25],
    "acceleration": [0.0, -20, 0.0],
    "angular_velocity": [-720, -720, 90],
    "living_time": 1.0
  },
  "muzzle_flash": {
    "texture": "tacz:flash/common_muzzle_flash",
    "scale": 0.4
  },
  "sounds": {
    "reload_empty": "dmc:needlegun/needlegun_reloadempty",
    "reload_tactical": "dmc:needlegun/needlegun_reloadtactical",
    "inspect": "dmc:needlegun/needlegun_inspect",
    "inspect_empty": "dmc:needlegun/needlegun_inspectempty",
    "draw": "tacz:rpg7/rpg7_draw",
    "shoot": "dmc:needlegun/needlegun_shoot",
    "shoot_3p": "tacz:rpg7/rpg7_shoot_3p",
    "put_away": "tacz:rpg7/rpg7_put_away"
  },
  "offhand_show": {
    "pos": [4, 13, -1],
    "rotate": [-90, -35, 90],
    "scale": [0.5, 0.5, 0.5]
  },
  "hotbar_show": {
    "0": {
      "pos": [-5, 13, -1],
      "rotate": [-90, -35, 90],
      "scale": [0.5, 0.5, 0.5]
    }
  }
}