{
  "model": "dmc:gun/redgrave.geo",
  "texture": "dmc:gun/uv/redgrave",
  "lod": {
    "model": "dmc:gun/redgrave.geo",
    "texture": "dmc:gun/uv/redgrave"
  },
  "hud": "dmc:gun/hud/redgrave",
  "slot": "dmc:gun/slot/redgrave",
  "animation": "dmc:redgrave",
  "use_default_animation": "rifle",
  "transform": {
    "scale": {
      "thirdperson": [0.6, 0.6, 0.6],
      "ground": [0.6, 0.6, 0.6],
      "fixed": [1.2, 1.2, 1.2]
    }
  },
  "shell": {
    "initial_velocity": [8.0, 5.0, -0.5],
    "random_velocity": [2.5, 1.5, 0.25],
    "acceleration": [0.0, -20, 0.0],
    "angular_velocity": [-720, -720, 90],
    "living_time": 1.0
  },
  "muzzle_flash": {
    "texture": "dmc:flash/devil_muzzle_flash",
    "scale": 0.4
  },
  "sounds": {
    "reload_empty": "dmc:redgrave/redgrave_reloadempty",
    "reload_tactical": "dmc:redgrave/redgrave_reloadtactical",
    "inspect": "tacz:hk_mp5a5/hk_mp5a5_inspect",
    "inspect_empty": "tacz:hk_mp5a5/hk_mp5a5_inspect_empty",
    "draw": "tacz:hk_mp5a5/hk_mp5a5_draw",
    "shoot": "dmc:redgrave/redgrave_fire",
    "shoot_3p": "dmc:kuda/kuda_shoot3p",
    "put_away": "tacz:hk_mp5a5/hk_mp5a5_put_away"
  },
  "offhand_show": {
    "pos": [4, 13, -1],
    "rotate": [-90, -35, 90],
    "scale": [0.5, 0.5, 0.5]
  },
  "hotbar_show": {
    "0": {
      "pos": [-5, 13, -1],
      "rotate": [-90, -35, 90],
      "scale": [0.5, 0.5, 0.5]
    }
  }
}